id,sales
3000888,3.733456679917581
3000889,3.8841690750158433
3000890,2.5150182142493214
3000891,180.85929433739636
3000892,4.736059480102413
3000893,59.986820138794464
3000894,3.482195512615217
3000895,153.11583389405178
3000896,90.34160065373064
3000897,27.869917173544273
3000898,32.78564240316733
3000899,23.114587127510674
3000900,483.90472590233566
3000901,6.189905290258757
3000902,1.438625278585314
3000903,1.2916611766239656
3000904,1.2767393029151481
3000905,0.7524983135426373
3000906,0.9483734527723209
3000907,2.3740149574983933
3000908,1.9705105725147585
3000909,1.8347223610309809
3000910,15.682649495140396
3000911,0.43862768100672833
3000912,67.1910654215727
3000913,21.336979487718637
3000914,0.5664701627886826
3000915,1.4558481789692723
3000916,37.572134884682455
3000917,15.621391904089542
3000918,3.1998098578383636
3000919,1.668251931756313
3000920,6.8156004131929055
3000921,0.17941880881422545
3000922,-0.5894166385788867
3000923,1.227013383586709
3000924,86.08895677190652
3000925,0.14741895686172934
3000926,23.390278600440034
3000927,-0.06643178308986536
3000928,140.1034727645146
3000929,19.156808538010736
3000930,34.14833314116342
3000931,7.393252909686307
3000932,4.4361685185383255
3000933,428.2212031473573
3000934,2.4496265463258897
3000935,0.3486621199568617
3000936,-2.2480126698809184
3000937,0.2227980139758347
3000938,0.2720077815508193
3000939,-0.4714300483403713
3000940,-0.2488643648814195
3000941,-0.5519860681378488
3000942,0.47624722049829865
3000943,2.007652819255127
3000944,-0.27770427253894014
3000945,43.57798057888743
3000946,25.91270713929589
3000947,-0.9090099563246623
3000948,1.4055367602186288
3000949,22.06549685525264
3000950,4.614041416509281
3000951,0.8888043150948488
3000952,-0.05573419303960691
3000953,2.1899494647225493
3000954,-0.3480412306301514
3000955,0.22265419817751542
3000956,0.2906955721669147
3000957,427.82676505223867
3000958,-0.40260567407738557
3000959,108.15372296748541
3000960,-1.7001067648055685
3000961,303.2278682280986
3000962,35.99200525699085
3000963,52.55254303123827
3000964,18.697292295063637
3000965,14.868500600429758
3000966,1023.1045005631711
3000967,2.3722729954571333
3000968,-0.3035883003063281
3000969,-0.4661799026938024
3000970,-0.7966298163229294
3000971,0.16648315296970395
3000972,1.0747094557013406
3000973,0.48527958975722874
3000974,-0.13584556061094188
3000975,2.2610556404250017
3000976,4.82926495876658
3000977,-0.054114161050419995
3000978,119.05251243607749
3000979,51.976951647550706
3000980,0.3227376797733086
3000981,2.7521922704149984
3000982,63.58663774041004
3000983,6.070096684760465
3000984,-0.4454237558313253
3000985,-1.8784438448609944
3000986,2.185169920296794
3000987,0.08936752110705123
3000988,-1.06656046001699
3000989,-0.7990585647928674
3000990,125.45188120952494
3000991,-1.9063546140003016
3000992,35.186767680776754
3000993,-1.2389125218222763
3000994,124.09296518631753
3000995,19.416263161180687
3000996,23.974257341216727
3000997,6.583836287733648
3000998,1.4567420674368623
3000999,395.7788940268096
3001000,0.7681868598902657
3001001,0.10331832316631334
3001002,-0.5088641912618914
3001003,-0.867462394005488
3001004,-0.5751205046931863
3001005,-0.7299118733474462
3001006,-0.5191343692597001
3001007,-0.5029204985326214
3001008,0.8847845636015699
3001009,3.6700157846245927
3001010,-0.6398590389547462
3001011,27.354856246538255
3001012,22.055055137046146
3001013,-0.10687030255350695
3001014,-0.22632192145632868
3001015,11.6298407987073
3001016,2.37134495988561
3001017,-0.5875649864401202
3001018,-0.4740842951027298
3001019,-0.04547014247356854
3001020,-0.8494602960466001
3001021,-2.1438357690511474
3001022,-1.9695082718446064
3001023,123.5382130794545
3001024,-3.4720054429792793
3001025,32.40293151266312
3001026,-2.6409881440088068
3001027,119.28637404612505
3001028,17.39447169983192
3001029,21.184823943559024
3001030,4.814619187516874
3001031,-0.8814390533309777
3001032,382.60075430904453
3001033,0.3320494714089728
3001034,-0.3549629072770767
3001035,-1.046245958508298
3001036,-1.4408500028607523
3001037,-1.0908414286412882
3001038,-1.195080742622813
3001039,-0.9634749919018941
3001040,-0.9297840286175778
3001041,-0.002079075944056971
3001042,2.6982751118849047
3001043,-1.0306390227320663
3001044,26.91758116119847
3001045,22.568468976803125
3001046,-0.48017685788647213
3001047,-0.7506141205813763
3001048,10.460448806925415
3001049,1.9494875833050174
3001050,-1.0807544174522628
3001051,-0.8483907052323775
3001052,-0.48555988472733586
3001053,-0.3902377526670899
3001054,-0.8311934114811448
3001055,-1.3324241137911306
3001056,79.12970559922024
3001057,-2.2940080266540464
3001058,34.72394173630302
3001059,0.04404510193111494
3001060,177.18542128243058
3001061,18.92705056855579
3001062,20.92520483302731
3001063,7.381500107022148
3001064,1.0332764389757358
3001065,443.3752495262261
3001066,1.9734067650345535
3001067,0.3992041108176932
3001068,0.052418521897955095
3001069,-0.007517757725188368
3001070,-0.9768993757031126
3001071,0.23757080884362275
3001072,0.9191349782978364
3001073,0.7369557836542231
3001074,0.9062185841685573
3001075,4.050771312044228
3001076,-0.2614444132210042
3001077,69.36250036807195
3001078,39.52602124268476
3001079,-1.3807446535590566
3001080,-1.3047264755575156
3001081,12.392059053808218
3001082,5.74805654281193
3001083,-0.48567781776303254
3001084,-0.7724617702093088
3001085,0.6399905412365775
3001086,0.8854212180492322
3001087,1.0683052922989282
3001088,1.7628408570344618
3001089,130.72150012943436
3001090,-0.44136124625641976
3001091,31.205862843848298
3001092,0.1773978651507059
3001093,141.34231828340629
3001094,21.553035708897077
3001095,32.56809995337687
3001096,8.575789472918768
3001097,5.644303143216042
3001098,496.4817787072213
3001099,2.7095865958541254
3001100,0.716220311066063
3001101,0.46224552839790706
3001102,-0.1628866269088485
3001103,0.6450601045559596
3001104,-0.5977106383075442
3001105,-0.08912368883849012
3001106,0.28414313786655837
3001107,2.493926469641374
3001108,3.414391284704725
3001109,-0.2839385684124863
3001110,24.855414935613908
3001111,25.68593247135759
3001112,0.3577700987663411
3001113,0.8187301220673817
3001114,9.779254469590523
3001115,2.8219786768980706
3001116,0.6740664500879483
3001117,-0.3885261878931488
3001118,0.13519836269379992
3001119,1.8658078906212174
3001120,3.5077712056523165
3001121,2.297713033406508
3001122,95.84713703174094
3001123,0.28440308607911
3001124,42.8643580765944
3001125,1.3629496369776462
3001126,161.67541789606477
3001127,20.380460076066303
3001128,33.42185998715959
3001129,19.940153912022105
3001130,6.271564417808791
3001131,487.23064590088046
3001132,2.1363893254723374
3001133,-0.7805936462533283
3001134,0.1699562903253537
3001135,-0.16981970576995084
3001136,0.3738324268253563
3001137,-0.6060393982153982
3001138,-0.4010870455535769
3001139,0.5532845627081406
3001140,2.249777258497379
3001141,5.200520785824665
3001142,-1.0083911849910874
3001143,20.905242580986705
3001144,31.477566229073272
3001145,0.09091231283484376
3001146,0.8040929736936959
3001147,15.454675344893623
3001148,6.105218855766507
3001149,1.2260195350084544
3001150,-0.6041772853893053
3001151,1.5205479295342959
3001152,0.654348742831644
3001153,2.96724007264168
3001154,2.570114147053646
3001155,178.89108265964634
3001156,0.8332697082909
3001157,39.536976215034194
3001158,0.22957549126069354
3001159,157.98430100548123
3001160,37.84995286777987
3001161,40.14379745683964
3001162,20.64317980701915
3001163,6.583056269941322
3001164,530.931186463289
3001165,4.120488791958197
3001166,-0.577501578938536
3001167,1.0849416861103236
3001168,-0.24315720285435416
3001169,1.5319026005499836
3001170,-0.7090839135291389
3001171,-0.4246768240644906
3001172,-0.9065390618253878
3001173,2.093129423805185
3001174,4.758831769402277
3001175,-0.7783698452821045
3001176,45.57614007465388
3001177,24.003490070472395
3001178,-0.4985493892247178
3001179,1.2965080670458973
3001180,32.579538125058825
3001181,8.391309214168286
3001182,1.01131404479539
3001183,0.3113290641262574
3001184,1.3370441688097616
3001185,3.3248314717455285
3001186,0.8896163317833906
3001187,2.1739544503382056
3001188,144.05201359664306
3001189,1.9082033098055033
3001190,124.54174554212702
3001191,0.8201509466448988
3001192,101.86452476006296
3001193,42.20822635465997
3001194,27.855273300982226
3001195,22.24113315237337
3001196,2.7439405642538124
3001197,389.2377590888095
3001198,2.5182409965317127
3001199,-0.1182824751372027
3001200,-0.05133143781891704
3001201,0.0837956983544701
3001202,0.5636991574758576
3001203,0.5382633689478827
3001204,-1.150951416589096
3001205,1.1970540904363953
3001206,0.884038439974247
3001207,7.949657866419584
3001208,-0.3339559821399598
3001209,18.2425690535139
3001210,18.856246119921526
3001211,0.24986416443029158
3001212,0.4899621708598625
3001213,17.361926250758152
3001214,5.846459988752212
3001215,0.26592193766823596
3001216,0.9749764572710775
3001217,2.150712371992186
3001218,-0.6802039905471611
3001219,-0.7049490664877249
3001220,-0.6712663774994871
3001221,171.60567767501453
3001222,-1.528164319591888
3001223,30.353853026084906
3001224,-2.8124563777611913
3001225,127.11990656636807
3001226,13.281576233749512
3001227,24.55811717016957
3001228,6.022120515695642
3001229,1.2739614612112926
3001230,400.93716440078464
3001231,0.7246418834781071
3001232,-0.6438217520588659
3001233,-0.2626284516773012
3001234,-0.5752745340983983
3001235,-0.08115425997450076
3001236,-1.0296812043568935
3001237,-1.052668444775527
3001238,-0.7440226175781572
3001239,1.4369379552384633
3001240,2.560854922564358
3001241,-0.8503131146848318
3001242,29.263269519160048
3001243,22.448395524746303
3001244,-0.6991279395061429
3001245,0.3700123237979551
3001246,9.066891228153835
3001247,2.71829579716381
3001248,-0.5202647106077075
3001249,-1.0581361675911467
3001250,-0.25522623730864324
3001251,2.801866251861793
3001252,2.4591098859024623
3001253,2.2820647224216737
3001254,219.05114940498584
3001255,4.633014812971669
3001256,64.00607931857002
3001257,1.9882223587120098
3001258,171.75072106697698
3001259,94.96894373521886
3001260,33.996527529628985
3001261,34.183491124732136
3001262,24.05584934777369
3001263,610.9527338838985
3001264,5.851577138819193
3001265,1.0279669491426466
3001266,0.6623005351945176
3001267,1.6014285994529838
3001268,0.5697233306509952
3001269,0.9067653470330335
3001270,2.2378197849272237
3001271,1.2687313502577307
3001272,2.3795131019587643
3001273,12.45289603305693
3001274,0.6075018515729971
3001275,87.95858551719691
3001276,32.27283575305322
3001277,0.3313938487631094
3001278,1.2622570293851005
3001279,50.281526159405615
3001280,19.8569295736646
3001281,3.4838554542372275
3001282,1.0530282094301946
3001283,6.974796874495542
3001284,0.03620790593307899
3001285,-5.235237376148471
3001286,1.4830897333743633
3001287,2.1151203283868023
3001288,-0.24092315503232387
3001289,6.731096108140191
3001290,-2.259757011839502
3001291,3.933366002000293
3001292,10.634659274384433
3001293,3.6354848398636386
3001294,-0.31282336414566103
3001295,1.1212576467126427
3001296,48.42964771319879
3001297,0.7919419684679087
3001298,-2.1956385470137683
3001299,-1.511596949737177
3001300,-0.3594397464154463
3001301,0.5474193799446948
3001302,-2.046418830230905
3001303,-3.1543740841770704
3001304,-3.3213775501470444
3001305,0.7247934648646333
3001306,-1.9722182697922108
3001307,-1.3853734953013916
3001308,4.619536365987078
3001309,2.2879426462557966
3001310,0.0242531911507467
3001311,-1.4336176969367445
3001312,5.530742829869742
3001313,4.3597070481206535
3001314,0.23324754092678635
3001315,0.26983058102570795
3001316,-0.4162878040524447
3001317,1.6494475326903555
3001318,-1.2308970969534494
3001319,1.756641039636452
3001320,-1.9564883431859568
3001321,1.2798304784146965
3001322,-0.09144590015028381
3001323,0.24261915206330742
3001324,3.1522439866021523
3001325,-1.9878780604456918
3001326,0.15355037196044574
3001327,0.9937598854449606
3001328,-0.9030561818976047
3001329,16.978642606985666
3001330,-0.03870849224982523
3001331,-1.0864158034207867
3001332,-0.3754325688271274
3001333,1.9392992861081442
3001334,1.0068333175811133
3001335,-0.618195673227674
3001336,-0.8571525681177081
3001337,-1.3493330170460467
3001338,1.2760855142412766
3001339,-1.1784162020977238
3001340,0.28139686434755273
3001341,-2.1563574332607827
3001342,1.5972481822745979
3001343,0.09137855387187302
3001344,-0.4248228182642561
3001345,-1.5774579008186627
3001346,-0.5662832521074961
3001347,0.878211642289498
3001348,0.6807565894252547
3001349,-0.38973656151898456
3001350,-0.7299795433184046
3001351,-3.7079829232375783
3001352,0.024799457740518838
3001353,0.5288366693600254
3001354,-0.9104079803759667
3001355,0.8311853235122544
3001356,-1.7665716411187897
3001357,2.2784858240075847
3001358,0.6363604627388122
3001359,2.4807414760126267
3001360,-2.3255804462378
3001361,0.3441214178577502
3001362,9.999815021371033
3001363,0.690985232418825
3001364,-0.8432476259220858
3001365,-0.9188717910453853
3001366,0.46761548354566906
3001367,0.3220494319759746
3001368,-1.5071542441187193
3001369,-1.2950221557317856
3001370,-1.7717081061557112
3001371,-0.07325120985806277
3001372,-1.662072676114294
3001373,-0.4876351289919694
3001374,5.088280887602522
3001375,2.504047141052433
3001376,-0.5357225867270609
3001377,0.2440570188913989
3001378,-1.2008817452827498
3001379,0.199417751477522
3001380,-0.8938441767301992
3001381,0.038593729980057105
3001382,-1.4811488912782809
3001383,0.0950279718921957
3001384,0.38826808111844
3001385,0.26991866930788094
3001386,105.24673853777014
3001387,1.189476309801321
3001388,49.55239413421783
3001389,0.3896600333348033
3001390,107.41483333234231
3001391,53.75787434819547
3001392,22.432176679161202
3001393,12.175509204197951
3001394,10.334233129465161
3001395,376.43870836013537
3001396,4.1736696316309825
3001397,1.1053966870067233
3001398,0.34373619940452044
3001399,1.0356840332703725
3001400,-0.06249757384393888
3001401,0.5385946394564235
3001402,2.305299620094811
3001403,0.0818284492570092
3001404,1.1774356987464853
3001405,0.23599267765879617
3001406,-3.0400275124493055
3001407,213.36304908964007
3001408,19.340443470742464
3001409,-0.7491654205722443
3001410,0.437816947216561
3001411,29.250358629643234
3001412,9.804489457397503
3001413,1.7316866257540824
3001414,0.17791701896218
3001415,3.908878074412933
3001416,8.83454384940349
3001417,10.781681519814883
3001418,4.622118754080948
3001419,353.7395221503156
3001420,9.225703728455482
3001421,121.66482773928533
3001422,7.898338351704442
3001423,241.41497149474168
3001424,137.65152928515397
3001425,52.01009842121174
3001426,52.503829952553716
3001427,35.9913721697021
3001428,865.8469516206607
3001429,6.054986133143132
3001430,4.722850267031784
3001431,4.629773402590756
3001432,4.55430447548107
3001433,2.059125815808104
3001434,3.5810368191804742
3001435,7.7450055921038015
3001436,4.623582184018044
3001437,2.825796287275036
3001438,18.598665202696353
3001439,4.052138296424703
3001440,89.25839587252626
3001441,39.58633656288907
3001442,2.256271363694643
3001443,6.5441365303044154
3001444,64.4554573482781
3001445,28.452344478875926
3001446,4.859903117956957
3001447,3.2202641169503776
3001448,12.533198152635624
3001449,-0.1813488648153725
3001450,-0.7202414207548282
3001451,0.1435322171275402
3001452,122.20746498153784
3001453,-0.5948999594061752
3001454,42.64840289911113
3001455,-1.2279870297753224
3001456,66.5781860647173
3001457,51.522209573792864
3001458,16.824436881187466
3001459,17.315548823058236
3001460,13.283060592486581
3001461,274.51848347186564
3001462,1.3325535280698386
3001463,-0.9082600776306207
3001464,0.11244299730278727
3001465,-0.5447348252519806
3001466,0.7573969490752279
3001467,0.5641119069931665
3001468,-1.2912254701224448
3001469,0.7488241475462565
3001470,1.773253899858064
3001471,10.025177212451126
3001472,0.34485865830236434
3001473,35.42594733670925
3001474,12.643575302654208
3001475,0.5390904291132028
3001476,-0.6516694513810217
3001477,17.058542001709284
3001478,10.962592075907597
3001479,0.3347936309657234
3001480,0.09511402135576644
3001481,1.752090866977742
3001482,0.26296576475731853
3001483,-0.490081178414257
3001484,0.2969618175023788
3001485,100.41687109967636
3001486,0.26131817718771344
3001487,55.52390471012703
3001488,-0.42357915970860627
3001489,84.97636064152502
3001490,35.39224897657172
3001491,20.16572585988717
3001492,11.70466833016755
3001493,7.070408081270966
3001494,336.8660940974909
3001495,1.7401222395635274
3001496,-0.05581369385978863
3001497,-1.372732239115328
3001498,0.04656688106001872
3001499,-0.478302743139327
3001500,-0.6730165464500601
3001501,0.6658709307142567
3001502,-0.7828582371461084
3001503,0.06215667390398488
3001504,4.954736000046608
3001505,0.14695732831230307
3001506,49.83961886887478
3001507,25.583970512062983
3001508,-0.3372026094171883
3001509,0.5805623134761414
3001510,26.05709211143253
3001511,7.361250941467035
3001512,0.15746971709794938
3001513,-0.21906491012578727
3001514,2.984522805889603
3001515,2.6978487681576366
3001516,2.6302097524770947
3001517,1.6417076180902221
3001518,227.95269384858096
3001519,3.8080604269754987
3001520,92.73645536790988
3001521,1.1712654349544027
3001522,122.32564917325195
3001523,83.36549926929554
3001524,37.03443707771206
3001525,36.26654951368481
3001526,21.406354006147374
3001527,536.0123016023826
3001528,2.8184167940755582
3001529,0.5305848416788217
3001530,0.5954029306660527
3001531,0.29493974799817124
3001532,1.0853096212188689
3001533,1.9592519358788854
3001534,0.36968492639872463
3001535,2.5321769764952773
3001536,2.4596406782690177
3001537,18.919219955949735
3001538,1.6133774868598563
3001539,45.50934771446231
3001540,26.64660412368004
3001541,1.916836714395497
3001542,2.306596661509495
3001543,41.74043176615388
3001544,16.038574117796628
3001545,2.444648974236218
3001546,1.0305988163911683
3001547,3.4988474514657284
3001548,4.257110273902436
3001549,4.9754290741389555
3001550,3.5427551811892046
3001551,167.72815994900535
3001552,2.8991843531264023
3001553,82.9546366313652
3001554,3.2610800458515588
3001555,123.56508759913973
3001556,45.46010461482656
3001557,35.90130982539864
3001558,23.108040197632
3001559,12.863225820886823
3001560,566.8570880655285
3001561,1.851932373456832
3001562,1.1736658483141513
3001563,0.17893697878705322
3001564,1.0265297846921317
3001565,0.5778100506170017
3001566,-0.002319730929855268
3001567,0.0072380044510214625
3001568,2.5047949225534403
3001569,2.2204347506651834
3001570,11.843591065432912
3001571,0.18295355888828685
3001572,28.444870796994906
3001573,30.713918661796374
3001574,1.3943106240681231
3001575,3.110013226588956
3001576,26.657484534758364
3001577,8.110624145515787
3001578,1.0468105156781826
3001579,0.44129600007300956
3001580,3.101222243428376
3001581,-2.2005007489115087
3001582,-3.6032138329047303
3001583,-1.3404698693572574
3001584,18.66977534882142
3001585,-3.662894096435557
3001586,7.592634693879445
3001587,-3.8141294503315293
3001588,8.516161294306002
3001589,3.1438713072784594
3001590,1.027538312000834
3001591,0.9196921466821368
3001592,-1.7054741313560724
3001593,31.070954725472113
3001594,-0.9344681583893247
3001595,-3.129840259566524
3001596,-1.5323401795213136
3001597,-1.2439185353813516
3001598,0.11090517855514237
3001599,-1.4952978986770609
3001600,-2.317754018993189
3001601,-2.608089888385118
3001602,0.6620992457703982
3001603,-1.6209992095098344
3001604,-1.5499596628632277
3001605,3.3732961616356194
3001606,6.2961298857869705
3001607,-0.594025716979711
3001608,-1.7664610627117214
3001609,3.119850578686849
3001610,2.2197866426151016
3001611,-0.24794915194147277
3001612,-0.31354673661747035
3001613,-3.266043486050592
3001614,4.1816673803296
3001615,8.897071239464495
3001616,2.36728697159273
3001617,588.9223699863355
3001618,6.59359950459897
3001619,154.7590760905219
3001620,8.652798231135458
3001621,342.00212412863095
3001622,224.93542300515392
3001623,66.47658633398856
3001624,92.6728460411444
3001625,68.84938392150355
3001626,1202.6002241605206
3001627,14.329220440461867
3001628,3.1146446461921005
3001629,4.131393739820051
3001630,1.5680064267107445
3001631,3.3384390849622654
3001632,0.9622087617229773
3001633,4.613595796553564
3001634,4.293338032892207
3001635,5.64145804012227
3001636,30.909548962167648
3001637,1.826756063989269
3001638,130.31944070098024
3001639,55.273964299974324
3001640,3.48278397564005
3001641,4.525953318159226
3001642,91.11007445398559
3001643,61.500984222000326
3001644,4.201571897440517
3001645,1.8252576285896065
3001646,19.738089974060202
3001647,0.35980492646769546
3001648,1.0850990447989897
3001649,1.4596547869862841
3001650,73.7525765050936
3001651,2.043181230849077
3001652,28.208445537724835
3001653,0.15091682593993022
3001654,70.16427822042846
3001655,18.213125964021312
3001656,14.785548371797486
3001657,11.758209739986269
3001658,3.7456728379044444
3001659,283.772479674816
3001660,1.919097329107783
3001661,-0.7351988962957762
3001662,-0.1202590760116141
3001663,0.7613952611123318
3001664,0.9798928386649937
3001665,0.28141980888874285
3001666,-0.10303987053594713
3001667,-0.7353184384058181
3001668,1.6436108899196846
3001669,5.190311046512573
3001670,-0.12343415286043412
3001671,13.45232855514357
3001672,19.118804106542406
3001673,0.24781753713508126
3001674,1.110210721580545
3001675,13.091297635962503
3001676,4.011711987717456
3001677,0.9390203689688792
3001678,0.34082141279442335
3001679,0.8695318398223321
3001680,0.002728890078033133
3001681,-1.1780299909485985
3001682,-1.0915146758388072
3001683,124.98580576034361
3001684,-2.039879007310992
3001685,67.32387022972489
3001686,-1.6526901304617425
3001687,151.47958268386483
3001688,36.86157655546976
3001689,27.344758107568886
3001690,13.455371075241018
3001691,3.3407478422139683
3001692,548.4137779924354
3001693,1.0119499133998693
3001694,0.005601473083654607
3001695,-1.3950906632596958
3001696,-2.36093589315992
3001697,-1.6553421640797819
3001698,-1.2746147706426632
3001699,-1.1614881719098116
3001700,-0.7104017344628005
3001701,0.716200701640621
3001702,2.2281207329608446
3001703,-2.4233854875259633
3001704,38.17950641078241
3001705,33.37417312934092
3001706,-1.6553144554283856
3001707,0.544402553016837
3001708,13.206475850655835
3001709,7.477718636554775
3001710,-2.573470616004713
3001711,-1.2437920995076341
3001712,-0.8365623004412986
3001713,-0.3419025956307451
3001714,-0.16469566577055955
3001715,0.9239328468930762
3001716,66.33656982591259
3001717,0.3452913085761975
3001718,26.00566014747026
3001719,-0.667008013122686
3001720,73.02013033800417
3001721,16.027800439985004
3001722,14.162496550550278
3001723,10.394307931433358
3001724,4.142102005333895
3001725,304.55529489465044
3001726,1.4824458104707015
3001727,-0.9124254984491632
3001728,-0.6969629788240559
3001729,0.29492746240851603
3001730,0.571691922916973
3001731,0.023550745517416094
3001732,-0.6492316407258545
3001733,-0.8174644376637366
3001734,1.1939319978234129
3001735,6.489279901867041
3001736,-0.29443829129567123
3001737,13.637794182723985
3001738,20.654038249496402
3001739,-0.2457312228448131
3001740,-0.5340914667765605
3001741,12.500306142147412
3001742,3.270043074060843
3001743,0.1639391496926987
3001744,-0.18474860940278406
3001745,0.35373285351265854
3001746,2.278248958603557
3001747,2.592494973446204
3001748,2.9791443440923957
3001749,108.17510750774225
3001750,0.07190564040565162
3001751,45.62346025486278
3001752,1.051816768010831
3001753,158.49914144527241
3001754,28.543525245068302
3001755,26.495324949229158
3001756,20.607089771502917
3001757,7.495224793672824
3001758,521.4429188252789
3001759,1.6307419002337997
3001760,0.5755364700406358
3001761,-0.13367217444937865
3001762,1.400146772159138
3001763,0.06033925706385389
3001764,0.8204295980486064
3001765,1.2600317463284159
3001766,1.7948093386293533
3001767,2.2185795583292984
3001768,9.2678746457012
3001769,0.888244837750783
3001770,33.428912839717185
3001771,33.52897912860594
3001772,0.4074801842488216
3001773,1.2038973600699012
3001774,15.492855431218953
3001775,7.622105420329893
3001776,1.011347867607916
3001777,0.26540216377769527
3001778,1.288333283417529
3001779,4.44008757844309
3001780,5.156547917723838
3001781,2.924655016568031
3001782,227.37167082562462
3001783,4.142829805741458
3001784,134.18191024686257
3001785,3.8587453893170096
3001786,155.02554561810797
3001787,41.14374944135798
3001788,39.94427498430971
3001789,21.141290499221903
3001790,16.433849507732543
3001791,718.8408345844871
3001792,3.329816935806587
3001793,2.013707154710821
3001794,0.7922259167952075
3001795,-0.5372584762202746
3001796,-0.8235146488768874
3001797,-0.5524448422281852
3001798,1.3689990285090903
3001799,2.179924280926455
3001800,1.2689356837401213
3001801,8.284721090335982
3001802,-0.11402907782995271
3001803,36.63309182447162
3001804,44.46873109337888
3001805,1.5015477259410113
3001806,5.887014138553562
3001807,20.455399969597487
3001808,8.082934247830154
3001809,1.2426160961482606
3001810,0.5498850305788006
3001811,3.713648801019656
3001812,-0.893284849942453
3001813,-1.4574405962772528
3001814,0.02846617766711801
3001815,74.2909979308272
3001816,-0.5692440833409148
3001817,18.86282252064365
3001818,-1.3800856346036015
3001819,69.39875042058826
3001820,12.297473386607598
3001821,10.071916558558636
3001822,8.899440583000226
3001823,6.345939355512696
3001824,307.12585517694663
3001825,0.5308396908847793
3001826,-1.403642424399702
3001827,-1.6495844745200827
3001828,1.4692332994541417
3001829,0.1832332642244296
3001830,0.0400625810625502
3001831,-0.05322984318820767
3001832,-1.3202231036000684
3001833,0.022907020155913616
3001834,2.6884430819937246
3001835,-0.029676899098965356
3001836,20.118731491000318
3001837,15.820261103866876
3001838,-1.164973443448647
3001839,0.05523124102991123
3001840,6.960553622785767
3001841,2.1829485945855347
3001842,-0.09259559723577127
3001843,-0.9689198104552577
3001844,0.3488310266464453
3001845,5.245857331919615
3001846,5.784846231334814
3001847,2.688386177054126
3001848,113.13369718042901
3001849,4.493264696745973
3001850,59.3447934168495
3001851,4.785613156306936
3001852,92.83145737750928
3001853,28.065276106706882
3001854,20.857643228858507
3001855,13.834780600189188
3001856,-1.6070580992151142
3001857,451.95073630575195
3001858,2.1667356110991682
3001859,0.9662560968863841
3001860,0.6271339377520349
3001861,0.6105676229225651
3001862,-0.684268684225069
3001863,-0.5773262394261541
3001864,0.9539560760509198
3001865,-0.33234849211000206
3001866,0.024961098008236565
3001867,5.717935449530699
3001868,0.2316291947845025
3001869,23.536156331786728
3001870,21.697494091183355
3001871,0.5562317105995249
3001872,1.8102266345442626
3001873,13.629848317489188
3001874,6.273669916980646
3001875,1.2691130983906191
3001876,1.407880015188814
3001877,2.146686231605447
3001878,4.392141922122391
3001879,5.063169792358385
3001880,1.4639563864732918
3001881,156.01295434251296
3001882,3.916769790116014
3001883,78.31002994938913
3001884,5.974162592867869
3001885,189.78782753747868
3001886,96.94876338215545
3001887,24.674023479175304
3001888,30.468206495695554
3001889,35.55911037911785
3001890,649.0481579487013
3001891,8.814296821348647
3001892,3.4298519757978942
3001893,2.4544478096260285
3001894,1.4505225298682058
3001895,1.4459034959114363
3001896,0.7070490272699249
3001897,5.041714362358573
3001898,1.496440503781007
3001899,1.8544388421359623
3001900,13.536414134601067
3001901,1.237148659229672
3001902,45.97636843198178
3001903,34.116922333565554
3001904,1.0127913233615187
3001905,1.9798684198710839
3001906,21.614101017907338
3001907,22.466983417731385
3001908,2.8839657254451168
3001909,1.827133917499625
3001910,5.971046939556866
3001911,2.133025381188854
3001912,1.575005621542514
3001913,0.11445165911507502
3001914,125.11606548788754
3001915,0.1657896154620539
3001916,75.92693870785901
3001917,2.788814796038496
3001918,167.76944289421277
3001919,84.78345952045537
3001920,29.78467725207767
3001921,24.195212554546526
3001922,32.011349935659986
3001923,623.1365515430064
3001924,4.56524472940556
3001925,1.8804160253367739
3001926,1.4664382458195475
3001927,-1.1436707466709484
3001928,0.10460315228675654
3001929,0.13524172660286468
3001930,1.611109076977257
3001931,1.2123883193078222
3001932,1.9813852306352349
3001933,10.46269021019128
3001934,0.36190766582152034
3001935,32.99106614505853
3001936,37.16289782852665
3001937,1.267929212052361
3001938,-0.45814472600028927
3001939,17.180970024222145
3001940,19.693982582550262
3001941,0.765502408052082
3001942,0.3291403122503402
3001943,3.0298904618040545
3001944,-2.322826597226085
3001945,-4.342342336149159
3001946,-3.8496281508903483
3001947,140.93841019061452
3001948,-4.0893826912919025
3001949,115.67556747121401
3001950,-3.3948938266466575
3001951,184.25145594813256
3001952,33.081528075663954
3001953,23.301353672470068
3001954,19.981819099299685
3001955,-0.28198608166647254
3001956,555.5728377632088
3001957,1.8603600710152683
3001958,-1.466371936062394
3001959,-1.5904544671186591
3001960,-2.866153079896583
3001961,-1.5584296034023715
3001962,-1.4521832264285035
3001963,-2.057958827994487
3001964,-0.12658535939776583
3001965,0.07829780021095983
3001966,4.8989702609452
3001967,-1.6102657526618418
3001968,21.860472005562727
3001969,38.644721341522775
3001970,-1.7543285135813562
3001971,-0.6332980852600008
3001972,13.072305489352832
3001973,8.71624611946055
3001974,-2.6774684405125004
3001975,-1.6511045331821945
3001976,-0.3955460472959089
3001977,1.3987841722434677
3001978,-0.2854186729528738
3001979,0.5291827751406889
3001980,174.95654988514863
3001981,1.3279902643171952
3001982,60.62720384549164
3001983,0.6140210382630903
3001984,161.80910626685363
3001985,90.55523902945009
3001986,33.55405308495279
3001987,31.53117347817348
3001988,25.012648927271
3001989,563.519892600914
3001990,4.658457496658738
3001991,-0.4413428324255074
3001992,-0.9098426237043168
3001993,-0.929828208851577
3001994,-0.6295237988047666
3001995,-1.0762828621996232
3001996,0.1230404894976527
3001997,-0.15054200586673705
3001998,1.3599284514921965
3001999,10.72943819454642
3002000,-1.630124478389953
3002001,72.12531408851518
3002002,30.141132394482995
3002003,-0.9127165045036235
3002004,-0.9205573109401303
3002005,45.3529694854343
3002006,21.501293596186514
3002007,1.1738761661281023
3002008,-0.2122699254314648
3002009,5.492459330265628
3002010,1.1378287376257994
3002011,1.6320550996166765
3002012,2.573676137098786
3002013,103.74307461830901
3002014,0.6944723052097594
3002015,50.34153235328789
3002016,1.3371740445191973
3002017,147.1896767523864
3002018,27.966314262409654
3002019,25.662281257128974
3002020,18.47166307981844
3002021,8.780660808520842
3002022,550.0882358156981
3002023,1.7456996048122824
3002024,-0.35220929265339473
3002025,-0.30452469037015706
3002026,-0.8895673954872416
3002027,-0.25113282571412815
3002028,-0.4206428775620293
3002029,-1.4836684564666645
3002030,0.5418258616596779
3002031,1.8620943035282165
3002032,5.116914486701686
3002033,-0.7942446351849936
3002034,17.523141895944455
3002035,29.579223162268107
3002036,0.3775656552933344
3002037,-0.4240036262864248
3002038,12.367719985802498
3002039,7.0456328478430015
3002040,-0.0925626223005327
3002041,-0.05406836743233161
3002042,0.09810744919378181
3002043,1.594139885189628
3002044,1.698385958413322
3002045,2.37575888773555
3002046,98.93992947324605
3002047,2.594925696039985
3002048,45.98703040142265
3002049,1.5466445206009667
3002050,104.66933864400073
3002051,46.28045700012343
3002052,24.472671598569917
3002053,16.509455491110977
3002054,16.39603872288215
3002055,398.1629592200193
3002056,2.718416576415068
3002057,0.21937415234616536
3002058,0.11853359553425097
3002059,0.09714719838514269
3002060,0.8675686098423034
3002061,0.3690444502057221
3002062,0.2790490114013232
3002063,0.7770722566406094
3002064,2.7127419840260028
3002065,7.701593727831029
3002066,0.37878824971269975
3002067,24.341233912250132
3002068,24.62225873929733
3002069,1.337849066000823
3002070,0.6507227580388337
3002071,14.28813225154455
3002072,10.09703791035011
3002073,1.3713339061520002
3002074,0.3149067471991349
3002075,2.210964461136106
3002076,-0.4282343578130532
3002077,-2.4154255499315336
3002078,0.9285384140579845
3002079,2.104815970165946
3002080,0.8062522735961102
3002081,5.207101699421765
3002082,-2.8094149825466594
3002083,6.216971452755025
3002084,6.492341361868166
3002085,0.11874989229363575
3002086,2.073452786446796
3002087,3.128079487675932
3002088,23.91623755403547
3002089,1.3431144000953212
3002090,-1.6053154354173307
3002091,-0.6435127711617383
3002092,0.5433164296501786
3002093,0.9153788834510055
3002094,0.17359585966939675
3002095,-1.90055814275275
3002096,-2.3237123639375636
3002097,1.043750227975645
3002098,-1.222771592416982
3002099,-0.4602089109586518
3002100,2.0509261861192796
3002101,4.037937116811329
3002102,-0.050550584357777095
3002103,-1.6822046495944665
3002104,2.823314277920101
3002105,2.5622678559756533
3002106,0.9172719963278655
3002107,0.12185866341638074
3002108,-0.1554393319984661
3002109,0.9530250286106456
3002110,1.1598839848504576
3002111,-0.00452245193278944
3002112,321.77645083364945
3002113,-0.9626815127643203
3002114,45.91833130082909
3002115,-0.8716576577197702
3002116,136.7706908948921
3002117,17.91298849596118
3002118,22.4499263156041
3002119,12.660418896513658
3002120,4.542130581235565
3002121,490.41172678312563
3002122,1.855304552550981
3002123,0.27082650535379116
3002124,1.8004237455514818
3002125,-0.28482838626918916
3002126,0.08598377601901341
3002127,-1.2235982858267085
3002128,-0.20497848320058207
3002129,0.2645333825763669
3002130,0.8805616029688395
3002131,12.511802310271953
3002132,-0.8929205729331875
3002133,26.579154192317034
3002134,25.994716702781183
3002135,1.0083833558397168
3002136,2.3627148155340114
3002137,16.788368831731454
3002138,7.711408265804087
3002139,0.9781267620375298
3002140,0.4655963674255622
3002141,1.3476069644833046
3002142,13.681406761827166
3002143,14.117034267766357
3002144,6.625852535671692
3002145,683.5475011961487
3002146,14.52242247654518
3002147,176.8742147149685
3002148,11.172231553428901
3002149,444.1838439527378
3002150,297.5673825983762
3002151,98.64045014014494
3002152,114.00748709873241
3002153,119.94163447063168
3002154,1558.2504563380403
3002155,18.332129495666706
3002156,5.409426172959684
3002157,7.412631459933765
3002158,4.366056719589069
3002159,4.885357881687087
3002160,3.4415277982711996
3002161,7.150646402012353
3002162,4.384526426598386
3002163,5.3519001477801424
3002164,45.151122892167734
3002165,3.322533606984289
3002166,161.8164784680117
3002167,71.16945891169854
3002168,3.8172241380740886
3002169,6.374641034381347
3002170,102.93049896190209
3002171,79.90444145456898
3002172,8.608204313870083
3002173,3.830382963269221
3002174,25.21387852861364
3002175,6.814340605650395
3002176,8.983282279528249
3002177,3.7686211448002
3002178,457.3883652677649
3002179,8.627534555392739
3002180,130.43042939982297
3002181,8.58398525042594
3002182,355.1434798733311
3002183,189.20963023523979
3002184,82.39525389726325
3002185,70.0788184011908
3002186,71.80690368093309
3002187,1338.871093826012
3002188,13.859339410335341
3002189,4.383699201184973
3002190,2.3148327107543807
3002191,4.008636218230749
3002192,1.984981103842292
3002193,1.6189661351800169
3002194,6.318886359971693
3002195,2.9313755621482054
3002196,1.29181164797963
3002197,25.59077340687152
3002198,2.3418388776815116
3002199,171.85505066556644
3002200,63.66193352226942
3002201,1.8037817475467093
3002202,3.4296093285537426
3002203,100.21380884740054
3002204,50.31271823879487
3002205,5.858212927369568
3002206,2.0541916347118603
3002207,18.392648671501846
3002208,1.5286243717199612
3002209,-0.6427994049232437
3002210,3.472946234328192
3002211,318.03084192923245
3002212,1.8634567911208795
3002213,88.05737859333436
3002214,0.09404336498340848
3002215,326.4360361794828
3002216,134.17051025930795
3002217,100.21909042102568
3002218,34.0995523170563
3002219,47.75787680963454
3002220,1135.599537832435
3002221,6.953958071302296
3002222,1.529189872502502
3002223,-0.8092471655043847
3002224,1.2754025057596299
3002225,0.888912564108905
3002226,1.4959845378142926
3002227,3.403157212342376
3002228,1.6908154548552194
3002229,1.5812246608236453
3002230,15.69280816889608
3002231,2.437874915221837
3002232,212.2421566016597
3002233,75.8950146599385
3002234,-1.0667095419030013
3002235,0.3164764360808112
3002236,110.75017932865394
3002237,30.912963766447756
3002238,3.2466208331921007
3002239,-0.2609071514496828
3002240,10.575429441663182
3002241,6.7689421741666225
3002242,7.395508014634579
3002243,4.656383171929265
3002244,422.97696549145365
3002245,5.410346139224312
3002246,128.2842825895633
3002247,4.04602327432589
3002248,331.782308892991
3002249,171.69316526145562
3002250,89.61948771219518
3002251,56.341427384962515
3002252,54.81532514962768
3002253,1208.8308579955074
3002254,8.39947565246399
3002255,0.3443025676196339
3002256,2.1089646409918714
3002257,2.540640710664229
3002258,1.86063687301561
3002259,0.697253002928701
3002260,2.6693524372745374
3002261,1.478462210605394
3002262,1.175895656122302
3002263,18.320118616939943
3002264,0.08477640727978719
3002265,136.20243962813962
3002266,69.34224999360366
3002267,1.6935379861750333
3002268,4.706025688279006
3002269,107.10046201786757
3002270,41.87248333790947
3002271,5.264662295869749
3002272,1.9465101423606028
3002273,13.632235438751849
3002274,2.1555262431536173
3002275,-0.7537700481863796
3002276,3.6205337816802055
3002277,229.06162578060122
3002278,0.9550326667951959
3002279,88.78350006955101
3002280,-2.6772661259681265
3002281,273.4321013998961
3002282,104.35162142927034
3002283,80.44433844273962
3002284,24.9021565946428
3002285,28.282400433571237
3002286,961.8708565146671
3002287,6.137076954177428
3002288,-0.017079759632724748
3002289,-1.9637091876038542
3002290,-1.840521183968449
3002291,-0.3352193401742261
3002292,-0.20361612432861875
3002293,-0.6076214888800678
3002294,-0.5927861914313326
3002295,0.7698728777552605
3002296,11.730654805236918
3002297,-0.4871965237351106
3002298,150.74272372933228
3002299,66.30795197948672
3002300,-1.2306453068794871
3002301,-0.4306238258273879
3002302,94.72380842120535
3002303,24.551857193862638
3002304,0.42748314574939283
3002305,-0.6515246539918371
3002306,5.506059496567504
3002307,5.377454478875916
3002308,9.528204570566341
3002309,3.8946898253130353
3002310,326.95316478235594
3002311,9.404697799432215
3002312,90.47707809751802
3002313,5.357866413489283
3002314,202.31560057757486
3002315,144.8849662929794
3002316,47.057488034846244
3002317,54.68484046446487
3002318,46.27601993256067
3002319,759.48976638459
3002320,11.173042132578956
3002321,2.1544493525261714
3002322,2.921502362935244
3002323,2.0859134571480533
3002324,1.9867428118152017
3002325,0.7989247955500469
3002326,2.4359874331305402
3002327,1.0427737743163377
3002328,1.1371759816807754
3002329,18.649020458965715
3002330,0.16265367913518272
3002331,85.21522547433146
3002332,34.16010011428578
3002333,2.3683137099837404
3002334,5.886427496297074
3002335,48.33847490169447
3002336,40.402562843704764
3002337,5.068094197139253
3002338,3.7185459846192312
3002339,13.633279342440545
3002340,1.7244794094080862
3002341,1.7462710375063033
3002342,2.3800862989576492
3002343,144.7513232091515
3002344,1.6099615137770886
3002345,67.6776506029643
3002346,0.6205412853835878
3002347,192.580556394304
3002348,66.67215036989866
3002349,41.278999582847355
3002350,28.914407587082277
3002351,26.212095986588682
3002352,598.6893689337345
3002353,2.4779604315010513
3002354,0.08462331431401254
3002355,0.6043912370337057
3002356,-0.26021473612538115
3002357,0.21696978567135375
3002358,1.4614935052799045
3002359,-0.761746150568506
3002360,1.0767856118995405
3002361,5.4505259638649655
3002362,10.78401201488221
3002363,0.0802018597739152
3002364,59.246663941904586
3002365,38.533901389882814
3002366,0.6318358378438279
3002367,0.10834810056163402
3002368,32.063318296063656
3002369,19.724243176803647
3002370,1.771470257701949
3002371,-0.8469289734051562
3002372,3.4529989875631144
3002373,3.7066929129851087
3002374,1.8697890416406335
3002375,2.7359338191644382
3002376,229.7640321642386
3002377,2.7112745346092018
3002378,82.18784985616799
3002379,3.3136668606836066
3002380,258.7623888769807
3002381,97.39103518760648
3002382,64.84521632878027
3002383,24.170794785141933
3002384,28.769211918262517
3002385,976.9598431757497
3002386,7.553014546678915
3002387,0.7135581922280289
3002388,0.9166095083754953
3002389,-0.36408731042070946
3002390,0.34292518362048213
3002391,-0.4278567284706333
3002392,1.8834014596143605
3002393,1.1350129786808612
3002394,1.7891594325192637
3002395,14.204620965896137
3002396,-1.8594444749050125
3002397,156.5957284857381
3002398,54.54620923830832
3002399,0.5468108423817103
3002400,1.257416414829513
3002401,50.24932510097296
3002402,23.990602151304444
3002403,2.728366412582218
3002404,0.0027574253108832436
3002405,5.3206530003549055
3002406,8.823092305842621
3002407,14.678878108773677
3002408,6.245390144392623
3002409,493.25954936014637
3002410,12.081007788895112
3002411,148.084778518791
3002412,10.64838507894794
3002413,280.56796868086184
3002414,189.03913359960808
3002415,57.73832638519762
3002416,70.58964994808517
3002417,54.08839311228942
3002418,997.8929715557035
3002419,7.437142948416768
3002420,1.9646323221777129
3002421,3.615322911401199
3002422,5.215783101265988
3002423,2.274735870855111
3002424,1.7802817998291722
3002425,6.857955140307895
3002426,2.70375656648328
3002427,1.2062183914731213
3002428,23.78438736909633
3002429,2.5129790180875715
3002430,121.69280985193097
3002431,41.32135224584996
3002432,2.5152860848933414
3002433,5.970923346199888
3002434,77.64210886708727
3002435,36.387545657714114
3002436,6.416797180627945
3002437,2.935218063250395
3002438,17.63435571232305
3002439,3.17481918795674
3002440,1.814680317803062
3002441,3.1015917128330273
3002442,3.2282122459002798
3002443,3.6570348624473206
3002444,4.8048547295614785
3002445,1.0895218102856052
3002446,7.761818513744747
3002447,9.56069278434401
3002448,0.3122487601839511
3002449,3.1173430840102756
3002450,0.3887182601441601
3002451,63.26514576556859
3002452,3.0872669377980673
3002453,-0.38302210330524766
3002454,-0.5675347308909171
3002455,1.374332428963893
3002456,1.4301726109667834
3002457,-0.8590225602683312
3002458,0.18378299265048553
3002459,-1.1349347461208403
3002460,0.534505469923837
3002461,0.682835651449726
3002462,-0.8620321263832558
3002463,-0.4822005028782407
3002464,-0.5498315016044819
3002465,-0.31818005346549966
3002466,2.1154971980261994
3002467,0.23022719720775064
3002468,4.457250976899013
3002469,3.6904292925467725
3002470,0.2507387779281396
3002471,1.407943283823855
3002472,0.3999521490795031
3002473,0.6831898677182779
3002474,0.8009510860094758
3002475,7.10218275909497
3002476,0.5541405795467598
3002477,0.41914756374393036
3002478,-0.17779486047717005
3002479,1.4931656050790294
3002480,-1.8501584834206188
3002481,-0.008454813457525467
3002482,-0.2226890266350949
3002483,-3.66003460495107
3002484,10.561531713946025
3002485,0.7937906957742052
3002486,0.14540688636645427
3002487,-0.5490617878304023
3002488,1.3954061238222804
3002489,0.30263472556760473
3002490,0.08034489142117307
3002491,0.392361654342094
3002492,-0.849922188941224
3002493,0.10998838129116278
3002494,-0.07069159287779825
3002495,-0.23148950071024954
3002496,-1.6012630385427657
3002497,-0.42654247613065877
3002498,-0.33585261883634876
3002499,-0.01848976958037951
3002500,-1.2879154532605024
3002501,0.4397775944764363
3002502,0.5303898019949465
3002503,0.05986117757738049
3002504,0.13408782575429884
3002505,0.07179377854639823
3002506,-0.13998828369893085
3002507,-0.20547432824127093
3002508,83.87450642128678
3002509,-1.07707181069587
3002510,33.09756936703617
3002511,0.9146638329654342
3002512,130.16174291183611
3002513,9.28332752993867
3002514,17.688931460328384
3002515,8.232756895046315
3002516,1.101243328830169
3002517,360.6623384037209
3002518,1.6860927659584672
3002519,0.2145374576308063
3002520,-0.041098291119112645
3002521,-0.4690241956442946
3002522,-0.14164455833756395
3002523,-0.43340165066735375
3002524,-0.45804591772078085
3002525,-0.36236640207953996
3002526,1.1292767933039727
3002527,3.951029527164458
3002528,-0.20778190988522283
3002529,5.6800222686719035
3002530,20.927069843755845
3002531,-0.2581175035070987
3002532,0.02029944203300374
3002533,5.917288219391368
3002534,7.015117741692949
3002535,-0.8926074205727923
3002536,-0.15377005563980445
3002537,-0.4197801170601883
3002538,3.436913590450422
3002539,3.101885235146356
3002540,2.783902168568784
3002541,225.60709422870605
3002542,3.901819484274456
3002543,70.76672686592912
3002544,3.957286773124433
3002545,197.9101137218492
3002546,97.67145619755763
3002547,43.71000198749364
3002548,37.40460098619998
3002549,32.979882295974605
3002550,712.0948686825159
3002551,7.056114731039488
3002552,2.1722456373857133
3002553,1.374192865130026
3002554,0.7528404647055777
3002555,0.7353243011848463
3002556,1.0752819534855007
3002557,2.277964911211848
3002558,1.584100422598567
3002559,2.400268783573447
3002560,14.098819499906714
3002561,0.9580522912995002
3002562,83.55860804008465
3002563,34.53387332994069
3002564,1.7253262116997214
3002565,1.6364428719986153
3002566,61.696744588528965
3002567,23.827331555133785
3002568,3.5006168585611435
3002569,1.4163140684667452
3002570,7.382034110683627
3002571,2.9316230509897285
3002572,6.639145548339801
3002573,0.476726855717461
3002574,314.09588658877203
3002575,3.9356632673462446
3002576,93.26989386005519
3002577,1.5630227586524414
3002578,207.27924193974206
3002579,144.34501604469253
3002580,37.95066890489663
3002581,54.79805457885453
3002582,39.68689218386957
3002583,665.3751361384186
3002584,7.865358129125598
3002585,1.699379852627244
3002586,1.9491497323315705
3002587,2.5534966921187516
3002588,1.8160341704205711
3002589,1.9933843464296297
3002590,3.9660047270129146
3002591,1.0852484530210496
3002592,2.494929309590116
3002593,20.770931056957235
3002594,2.3871420054966803
3002595,104.95598714074968
3002596,34.16067744115193
3002597,0.4890556661247683
3002598,2.5495719316695613
3002599,51.04481832934005
3002600,32.51446287874766
3002601,3.8462952614310053
3002602,0.7436263070091081
3002603,12.04982997606574
3002604,3.9749219995591556
3002605,8.067497022243842
3002606,2.2952342712978497
3002607,323.1001668617306
3002608,5.573841395184282
3002609,97.95661039113827
3002610,2.5984790284559858
3002611,222.61002876822283
3002612,154.61025784018588
3002613,45.26004810095768
3002614,55.9377025935677
3002615,36.040805354328555
3002616,757.5629934011436
3002617,8.60155256053513
3002618,2.261701400730744
3002619,3.204988518210011
3002620,1.4878969539713216
3002621,1.8239633437353402
3002622,1.8999080435173166
3002623,3.003424372021691
3002624,1.6592417316672798
3002625,4.239942698609411
3002626,20.49800954966373
3002627,2.172250956959142
3002628,100.90538387193494
3002629,39.28285485490545
3002630,1.4478206691246305
3002631,2.3303046344975153
3002632,51.54069094248276
3002633,36.278523856853354
3002634,3.2784648247996664
3002635,0.9391764878081448
3002636,11.215977654221424
3002637,3.7875781630017085
3002638,1.3585021649171176
3002639,3.4178043325903125
3002640,218.22501486871926
3002641,0.41029777172272586
3002642,93.98225482234818
3002643,3.58652520403939
3002644,259.0116137941492
3002645,56.306620186466134
3002646,72.28334540280223
3002647,29.233964827604577
3002648,14.646351322991178
3002649,915.3943969787653
3002650,2.9912787611526803
3002651,1.7844002079684653
3002652,1.2793198923153615
3002653,-1.3227864352156757
3002654,-0.7999526604491256
3002655,2.7836958304014843
3002656,-0.08667864047743934
3002657,3.32152061797704
3002658,3.5408663207227073
3002659,8.500917750181834
3002660,0.6684171787238302
3002661,66.81595383965009
3002662,54.77241590590343
3002663,1.3371752050611758
3002664,-0.6692313844424279
3002665,63.58519063720789
3002666,13.19429400990779
3002667,2.0232369810857564
3002668,-0.03916152482564941
3002669,2.994235535396547
3002670,-0.25224798002316673
3002671,-2.1524032903547505
3002672,0.07459065345432458
3002673,158.8615046878616
3002674,0.2440001030654821
3002675,50.492480139702636
3002676,-0.1967011127329169
3002677,123.88756495245688
3002678,76.81661365716369
3002679,22.328869597395787
3002680,24.436480899988858
3002681,17.330505838140308
3002682,355.85906779684956
3002683,4.888396797541937
3002684,0.3244664701395231
3002685,0.07236217582889366
3002686,-0.7115879702726761
3002687,-0.4257216014778169
3002688,0.15159172816387584
3002689,-0.5081132658684238
3002690,0.5382563298568857
3002691,1.0563083576198915
3002692,15.439842555753383
3002693,-0.7133882167579213
3002694,61.823397938548574
3002695,16.48923972387136
3002696,-0.4734445408462489
3002697,-1.0838207183789654
3002698,31.562299819547476
3002699,13.725777131293727
3002700,0.4248322724827722
3002701,0.07097317514053429
3002702,3.9197693334909403
3002703,-0.5983699776211144
3002704,-1.5057582097928115
3002705,1.5340654984390494
3002706,74.95727502412097
3002707,1.0499703803443114
3002708,19.044176164282142
3002709,0.15022021649150696
3002710,123.1919003713374
3002711,13.558383107775445
3002712,32.869431240943264
3002713,3.5528969056497957
3002714,5.338032812293095
3002715,370.17864028490305
3002716,3.118050347708195
3002717,1.085039362027019
3002718,-1.8299361566937298
3002719,0.7796035591939926
3002720,0.7351845551816585
3002721,0.28094134046757974
3002722,-0.10118531417906523
3002723,-0.1486323023022852
3002724,1.2518733876156694
3002725,3.9029439490029834
3002726,0.23409361399350018
3002727,42.50358734541652
3002728,22.84056227475725
3002729,-0.39564473537830064
3002730,1.4653772846948687
3002731,20.596167442562802
3002732,4.684173506866064
3002733,0.8018867041929024
3002734,0.3226947773249412
3002735,2.0633444897098796
3002736,0.5657369377124633
3002737,1.4190486457771838
3002738,1.514086117083898
3002739,429.74026807281854
3002740,1.088471117297995
3002741,106.8489272675609
3002742,-1.5023732474295322
3002743,288.1247493312203
3002744,33.86944142497781
3002745,51.95910026460468
3002746,17.784278269984753
3002747,15.667940082199419
3002748,969.8278442762544
3002749,3.240497997037128
3002750,0.5083187183028713
3002751,0.10376348502653854
3002752,1.1019493108859386
3002753,1.4270896872925734
3002754,2.476479980345721
3002755,1.8183669473990811
3002756,0.46179794810046587
3002757,3.0453948706511076
3002758,9.217998626304544
3002759,3.0859190035005666
3002760,130.2198698974096
3002761,50.759417474795086
3002762,0.7164859541199621
3002763,3.628135832234511
3002764,66.14442124465302
3002765,6.578754917125879
3002766,0.36828322383171314
3002767,-1.0223027635104154
3002768,3.3534717905283835
3002769,0.5956810391667386
3002770,-0.11586635028841558
3002771,0.10357856885544607
3002772,124.89444061368238
3002773,-0.31570780861868114
3002774,33.451612280183035
3002775,-0.5020046287011792
3002776,116.26071769317342
3002777,18.399715115944492
3002778,23.88880995184001
3002779,6.781956734630512
3002780,5.253902612173261
3002781,392.8562682510801
3002782,1.4037637855345384
3002783,0.7366068880356035
3002784,-0.02978333366598239
3002785,0.639461162983207
3002786,0.222090097371547
3002787,0.15131873303864268
3002788,0.6783512906014948
3002789,0.0076346985136478696
3002790,1.487020296209157
3002791,5.371538968350178
3002792,0.12288205398814167
3002793,28.46027340201588
3002794,20.677954363575335
3002795,0.32884078589166166
3002796,0.632636284010514
3002797,12.466748920844985
3002798,2.58275910237222
3002799,0.4722825309477776
3002800,0.1402484399198147
3002801,0.7648827278810495
3002802,-0.30012882196846474
3002803,-1.1326472018392815
3002804,-1.0217714255860484
3002805,122.70549209978664
3002806,-1.7977127824092893
3002807,30.701239777316367
3002808,-1.8513584679649648
3002809,111.57658664767128
3002810,16.389293356219643
3002811,21.142367807319896
3002812,5.081587821145076
3002813,0.2938876659401286
3002814,376.43389670695
3002815,0.982444253063295
3002816,0.297299549979216
3002817,-0.5560514685351519
3002818,0.10064620139775798
3002819,-0.28323283140634886
3002820,-0.3018147204122215
3002821,0.2550075706002099
3002822,-0.4249145156003215
3002823,0.5905776926052204
3002824,4.332613740731867
3002825,-0.25806069511701935
3002826,27.997547160234973
3002827,21.238309090958573
3002828,-0.034032526468363355
3002829,0.14006913694043763
3002830,11.196992442543852
3002831,2.171247383315349
3002832,-0.004643884142205935
3002833,-0.22294647406306467
3002834,0.34578775203772244
3002835,-0.6743489021447021
3002836,-0.6938151211480726
3002837,-1.045437057052768
3002838,77.25329821742766
3002839,-1.5855180680871126
3002840,31.985043992084975
3002841,0.01546723853229201
3002842,162.95424251548874
3002843,16.841382110682606
3002844,20.12482881273856
3002845,6.477943605566397
3002846,0.6514769900089596
3002847,418.74502252634977
3002848,2.2766551206542793
3002849,0.7179123045275924
3002850,0.09066212215660246
3002851,1.1296906086107197
3002852,-0.4309369933400444
3002853,0.8757478712457237
3002854,1.5728878687481778
3002855,0.8184645718687102
3002856,1.3580265871915185
3002857,4.277534742520286
3002858,0.2368715352491131
3002859,66.42925602614417
3002860,37.5749689943949
3002861,-1.411015684312631
3002862,-0.8190403938988016
3002863,12.53937937561091
3002864,5.743208391603214
3002865,0.06792168443683522
3002866,-0.5823447065520009
3002867,0.9949463003321147
3002868,1.3002425804105588
3002869,1.6697256304490566
3002870,2.489485523017429
3002871,128.04367061239986
3002872,0.6542952348123798
3002873,29.423790940632387
3002874,0.6919844399757858
3002875,132.86407823137495
3002876,20.02911841783927
3002877,32.310223442359415
3002878,8.23286460282703
3002879,6.719674327406633
3002880,481.71720711476627
3002881,3.196712687477193
3002882,1.2414003338616022
3002883,0.8029254482128455
3002884,0.9679441354072604
3002885,1.2535156123455817
3002886,0.06407750266494987
3002887,0.6875770987134001
3002888,0.6695960794601705
3002889,2.8828351170070525
3002890,4.895072772059684
3002891,0.21342255911680696
3002892,25.387443459016605
3002893,24.284980357961466
3002894,0.6689294315594453
3002895,1.2969827636192623
3002896,10.152646366675908
3002897,2.910951659435741
3002898,1.3124181508753372
3002899,0.08533346579373755
3002900,0.5718734469207538
3002901,1.3751536742572354
3002902,3.5401435883586236
3002903,2.604703600818575
3002904,91.281856468341
3002905,1.6635372257985002
3002906,40.19763617894216
3002907,1.2510951381523774
3002908,147.6100698854099
3002909,17.835497592711036
3002910,32.254594537564806
3002911,18.64582137211768
3002912,4.5435466181335
3002913,457.5102500551516
3002914,2.243170522366345
3002915,-0.5622023254422674
3002916,0.18504809662968913
3002917,0.603706990982646
3002918,0.5070397600382784
3002919,-0.2965829255215431
3002920,0.08475096812770061
3002921,0.6314330249290652
3002922,2.5837967536611175
3002923,6.476602729253608
3002924,-0.9232319714567347
3002925,22.145033594509044
3002926,29.71215974803672
3002927,0.35949362390274475
3002928,1.1427862793421082
3002929,15.065663097314246
3002930,5.945844084686177
3002931,1.6964876357340835
3002932,-0.5682221484198089
3002933,1.6993291947539546
3002934,-0.16219017104005606
3002935,2.2983504098555114
3002936,2.8233292325797446
3002937,170.69864347394434
3002938,1.3477670086589932
3002939,35.29429831714431
3002940,0.12699465592573683
3002941,142.83980130260096
3002942,32.452566534693034
3002943,38.8138898749839
3002944,17.7934586447119
3002945,6.57954912441261
3002946,473.18114954649445
3002947,4.619071801085957
3002948,-0.009029954097786702
3002949,1.2995989878139516
3002950,0.28129566335052913
3002951,1.7920040307568343
3002952,-0.20806692651847702
3002953,-0.30879595491690454
3002954,-0.7041502453571595
3002955,2.5863640658183797
3002956,6.248526296950768
3002957,-0.6396947185242243
3002958,44.73755204029199
3002959,21.032082221898452
3002960,-0.18869951013301034
3002961,1.4531092295733379
3002962,31.49050028653328
3002963,8.290806902651383
3002964,0.9936285380090975
3002965,0.4813859726654482
3002966,1.2645794277696676
3002967,2.954803804255389
3002968,0.9504816994252814
3002969,2.8837270556005388
3002970,135.27594130493006
3002971,3.560091911528616
3002972,119.99237893354677
3002973,1.0523984396011292
3002974,88.96703797564146
3002975,36.68584393064131
3002976,27.33897383700074
3002977,20.204445792457772
3002978,6.085836325989754
3002979,345.5946491547997
3002980,3.309735887941242
3002981,0.7371924682883035
3002982,0.5048338655908082
3002983,1.2128392809166961
3002984,1.184005459331165
3002985,1.370516055999833
3002986,-0.5355732884360714
3002987,1.7576415630882913
3002988,1.734323909087616
3002989,10.450366348606112
3002990,0.37021117562988365
3002991,18.849795093453167
3002992,16.169036301920897
3002993,0.9363642347135829
3002994,1.1936375649555613
3002995,17.018860417468566
3002996,6.106905295601064
3002997,0.8168129813411996
3002998,1.5446703348015216
3002999,2.5801693813802467
3003000,0.052848423136820186
3003001,0.5202770787840836
3003002,0.2835971607145621
3003003,171.49696670116407
3003004,-0.22520461179265105
3003005,28.9131551796227
3003006,-1.9369118008096846
3003007,121.41736494145292
3003008,12.498994947430983
3003009,24.565605871386435
3003010,6.2346217411097316
3003011,0.7337648875682498
3003012,389.3540011364688
3003013,1.2328068503748364
3003014,-0.08441601449201697
3003015,0.11531302463750759
3003016,0.8938058535543224
3003017,0.708285658892928
3003018,-0.2578435113691376
3003019,0.07984676070412206
3003020,-0.46222328698400816
3003021,1.853945884029963
3003022,3.4215944247242804
3003023,-0.24451635725941745
3003024,30.52930884485245
3003025,20.853555572397237
3003026,-0.3936565064550814
3003027,1.2480940805480625
3003028,9.713899053850472
3003029,2.8907370012404137
3003030,0.3460977610270038
3003031,-0.5453787519118486
3003032,0.5110696173589805
3003033,-1.088002282590096
3003034,-3.5993843164976447
3003035,-0.4018164712156067
3003036,195.22260729641303
3003037,-0.1955760166274558
3003038,54.27016848885596
3003039,-1.7837001753833466
3003040,141.12514082845345
3003041,80.85584398332954
3003042,28.336215977806678
3003043,25.527936108444592
3003044,17.240155453979895
3003045,481.2032956313378
3003046,4.655559263854448
3003047,-0.013294241933253959
3003048,-0.45180478388363554
3003049,-0.5196968602428478
3003050,-0.6699174698848583
3003051,0.017523247322351377
3003052,-0.6424644222703955
3003053,-0.12753660442911496
3003054,1.5409326515619979
3003055,12.33589975440842
3003056,-0.6974494408782993
3003057,81.49962612346484
3003058,27.28142261321198
3003059,-0.6090593856080522
3003060,-1.214434949737961
3003061,43.898918524507174
3003062,18.061065195303456
3003063,0.748510060544313
3003064,-0.4214422151288454
3003065,4.1147374068715274
3003066,-0.334797491289901
3003067,-5.58155379566113
3003068,1.9834072999549244
3003069,-6.552696568605279
3003070,-0.04075853662474427
3003071,3.418824058073005
3003072,-2.1481816119902577
3003073,-9.127255790409071
3003074,5.415986745656592
3003075,2.8296664166154373
3003076,-2.565910104289287
3003077,2.2994868700212328
3003078,4.406088347330224
3003079,1.5492890687677208
3003080,-1.2670056605267384
3003081,-1.281328455040166
3003082,0.7366277387839364
3003083,1.1347351070117293
3003084,-1.1269710543279507
3003085,-2.4856581358373298
3003086,-2.6481129042816973
3003087,1.5011067350506346
3003088,0.7154917508799553
3003089,-0.6045767273431557
3003090,6.435014034777487
3003091,0.11789493330452405
3003092,0.48768301953798066
3003093,-0.9850482272737646
3003094,5.365268768724963
3003095,4.331164954072338
3003096,0.8917628731407239
3003097,0.7614127834889586
3003098,0.0538553925545784
3003099,2.00130301014553
3003100,-0.3347798682188663
3003101,2.756117490776014
3003102,-5.300015192974498
3003103,2.675545226657305
3003104,-1.3948072212086846
3003105,0.8616775088353097
3003106,-3.0315082430501574
3003107,-3.67353643790073
3003108,0.023145304203426365
3003109,0.7394497480428981
3003110,1.4622195549113757
3003111,6.5615562389734245
3003112,0.7254213569908825
3003113,-0.2738684250216102
3003114,0.14865766098901076
3003115,3.485465280848075
3003116,1.8357886328745372
3003117,0.2970775671560113
3003118,0.4054212398761229
3003119,-0.7482064703917058
3003120,2.106367346229745
3003121,0.0835854838226078
3003122,0.9928396799343318
3003123,-0.32989896947365205
3003124,0.4194898208958695
3003125,0.8606172648090069
3003126,0.6689159967999513
3003127,-0.9091044175075877
3003128,-0.19157596348621153
3003129,2.1354744483100148
3003130,1.3242380635589144
3003131,0.5737945224301438
3003132,-0.6114798505012005
3003133,-3.0924962510811023
3003134,0.7689179350160702
3003135,-3.2238902992569636
3003136,0.15159111005770676
3003137,-0.9570996207052667
3003138,-1.4292857275815916
3003139,-5.004919791384091
3003140,-1.2620547492798504
3003141,2.0536159228331963
3003142,-2.763952051877059
3003143,1.2251916217062535
3003144,-10.272740136842913
3003145,1.250435213507517
3003146,-0.3439166713092709
3003147,-0.6133437798855449
3003148,1.868883456035328
3003149,1.1157290407151597
3003150,-0.6943940439964353
3003151,-0.3491202494464233
3003152,-1.3452992859943333
3003153,0.5097527101619925
3003154,-0.4092721962862197
3003155,0.2625720016319247
3003156,7.0956529973360745
3003157,1.137962174786153
3003158,-0.13301323964209594
3003159,1.099948081245966
3003160,-0.9065539718172657
3003161,0.4289967147264542
3003162,0.02289323263314147
3003163,0.48958866111606764
3003164,-0.8054174637956748
3003165,-1.7105831149251025
3003166,-1.42059773239067
3003167,-1.2744375740087706
3003168,98.15931829608766
3003169,0.3646958424081822
3003170,47.02552870869011
3003171,-0.3849733135147836
3003172,94.2861337409287
3003173,49.11511014630793
3003174,19.683501110779687
3003175,9.1453276529289
3003176,8.114844846780056
3003177,318.88989068637443
3003178,3.790758078923609
3003179,0.7170780957992248
3003180,-0.3014508001507056
3003181,1.3758934654399493
3003182,-0.30262050701996485
3003183,0.5835439897222386
3003184,2.295319198468205
3003185,-0.5004695736767462
3003186,0.4389506848144811
3003187,15.51521956531964
3003188,7.079706327342573
3003189,242.110704412882
3003190,17.723505611792135
3003191,-1.2354040103460284
3003192,-0.1219916318292962
3003193,26.954142696866548
3003194,8.686546098704639
3003195,1.4493636130788219
3003196,-0.3361242541716638
3003197,3.3882878362197517
3003198,3.3703263564301595
3003199,3.133357067025718
3003200,0.4043110922366032
3003201,334.7140759097333
3003202,2.091243991617448
3003203,113.18522804945721
3003204,2.381096748997079
3003205,213.88094653349555
3003206,125.55595076860999
3003207,46.310609739018915
3003208,44.14039079647169
3003209,27.628976820312403
3003210,723.7115976511517
3003211,2.903531926314347
3003212,2.0449901510626955
3003213,1.6899140126214776
3003214,0.5986730937165999
3003215,-0.6022582111922087
3003216,1.4444586155022558
3003217,3.1373780844215364
3003218,1.9861584589650305
3003219,0.2101805352679662
3003220,18.299153163428993
3003221,1.947349606211385
3003222,84.32008346247366
3003223,34.89322721305081
3003224,0.057563993389660506
3003225,1.4258034147422158
3003226,57.89782694441625
3003227,24.804527840110126
3003228,0.10322723667431333
3003229,0.4313784391485683
3003230,7.745675962847847
3003231,-2.216375832001286
3003232,-3.143727568761242
3003233,-1.136094963546966
3003234,116.89729794495345
3003235,-3.5005844703850744
3003236,38.750684350901395
3003237,-3.5502719415784667
3003238,53.892586556527235
3003239,45.78292595640334
3003240,14.469056805089604
3003241,14.039192450361625
3003242,13.037507471566204
3003243,210.94095146579184
3003244,0.3612184217463072
3003245,-1.7788247678652263
3003246,-0.9001582611211052
3003247,-1.3157137349339245
3003248,0.12541290018594736
3003249,-0.04700767488906421
3003250,-2.8780188542146794
3003251,0.0222053305616281
3003252,1.2065800675667195
3003253,10.401695494485429
3003254,-0.44550534566184075
3003255,34.67145876871833
3003256,10.531153091773376
3003257,-0.1444615006606909
3003258,-2.121378638103997
3003259,14.157476602403186
3003260,9.4890123275308
3003261,-0.9667363238192774
3003262,-0.8402697898523184
3003263,0.3540500582491222
3003264,-1.440971448989294
3003265,-2.6561476928169574
3003266,-0.8234494070551592
3003267,90.7803937163583
3003268,-1.3834223841320636
3003269,50.97684564100025
3003270,-2.1527318824989194
3003271,73.11490539686645
3003272,30.024973206045615
3003273,17.933922994378154
3003274,8.28393916710942
3003275,4.750472400803069
3003276,282.7006774286302
3003277,1.375157029937284
3003278,-0.21568647631106388
3003279,-1.8813958276396145
3003280,-0.06304381988510382
3003281,-0.8868104291901977
3003282,-0.8138902663728801
3003283,0.06484573884710017
3003284,-1.09004801168722
3003285,-0.46907932986757034
3003286,6.527419541202537
3003287,-0.07520026400755114
3003288,49.53383870037181
3003289,23.28225261800205
3003290,-0.7382377435166269
3003291,-0.3314070293894178
3003292,24.187964987565604
3003293,6.354723732555315
3003294,-0.4408125792836359
3003295,-0.5556999683052413
3003296,2.3237149712231915
3003297,-1.1737051825273375
3003298,-2.564388290603456
3003299,-1.7340245731007597
3003300,212.13320505201548
3003301,-3.0594855924501463
3003302,86.01021665953405
3003303,-3.0828769772766096
3003304,102.96301568898292
3003305,74.26733002884306
3003306,32.636477721683406
3003307,30.151637210586998
3003308,18.221425955654198
3003309,439.95580484444787
3003310,0.942389855886679
3003311,-1.0414025691026176
3003312,-1.277456243561653
3003313,-1.8914302919192847
3003314,-0.5151930104624329
3003315,0.7130876883666792
3003316,-2.4404204237108638
3003317,1.0051822782829845
3003318,0.7077872414383751
3003319,22.060550570073676
3003320,0.45139807751958183
3003321,43.00186644800265
3003322,23.11240572240374
3003323,0.4913310019349888
3003324,-0.7028645743272204
3003325,37.470871927748334
3003326,13.913127636113162
3003327,-0.3519314681625543
3003328,-0.6923871599953122
3003329,0.641521921354681
3003330,3.5211456069647102
3003331,4.3655322760306445
3003332,3.5356284122835495
3003333,161.7547666557483
3003334,2.931258490534892
3003335,80.0423830728623
3003336,2.6564423877546512
3003337,115.6854849729644
3003338,41.99550443948094
3003339,34.88271563823808
3003340,21.260466987440523
3003341,10.809131839279676
3003342,531.9273073118056
3003343,1.8391755087384376
3003344,1.380229680098157
3003345,-0.016499087283125408
3003346,1.4325585769027682
3003347,0.5956386847251566
3003348,0.1842360028639382
3003349,0.03492503996039209
3003350,2.4891207063155454
3003351,2.1029225133178553
3003352,14.156929824441754
3003353,0.34243760900574904
3003354,29.29416617874823
3003355,28.845415697376552
3003356,1.281189827556111
3003357,2.8370501602615263
3003358,25.833224182337975
3003359,7.542279314986838
3003360,0.9971790159725356
3003361,0.35938245238477295
3003362,2.9072651945164694
3003363,-2.683876490608673
3003364,-3.833843078639111
3003365,-1.012418950930878
3003366,13.226780436795742
3003367,-2.445417363067463
3003368,5.007132707484415
3003369,-4.043438271065389
3003370,1.6819279672500125
3003371,-0.004590704532238199
3003372,0.395940559050141
3003373,-0.529859748247618
3003374,-1.541451098504817
3003375,5.108118012070044
3003376,-0.5887361704000501
3003377,-2.578643165895162
3003378,-1.4205729458623386
3003379,-0.4642257635230339
3003380,0.4479920703354878
3003381,-0.9543172812345142
3003382,-1.9676710155309116
3003383,-2.3055430359147864
3003384,0.9102229899083181
3003385,0.7130835038948795
3003386,-1.0738748257767
3003387,4.372304911422937
3003388,4.816090452233578
3003389,-0.3893838690890402
3003390,-1.6347034705002874
3003391,2.691845304759147
3003392,1.9301248955067716
3003393,0.028603812813119023
3003394,-0.11863999385383756
3003395,-3.1076132279090665
3003396,-3.4318668438259192
3003397,-1.477119979056297
3003398,-4.238582343776252
3003399,560.1325972724726
3003400,-4.112539755926991
3003401,141.360947014401
3003402,-0.17317380485088485
3003403,302.0163551655981
3003404,204.91216993103035
3003405,57.09484413300055
3003406,80.35944283862311
3003407,50.12603657059277
3003408,1023.2035698720221
3003409,11.195112341195125
3003410,0.3710613657117211
3003411,1.1786143415913832
3003412,-2.550319859511619
3003413,0.39831817916547163
3003414,-1.543349211134373
3003415,-0.4179459001820214
3003416,1.491452871388392
3003417,3.114727825616683
3003418,30.575049000016406
3003419,-0.7098127240311077
3003420,122.3369864689127
3003421,48.688245094652444
3003422,0.8656917485690065
3003423,-0.6109997275895147
3003424,84.75980334197172
3003425,58.25221640041949
3003426,-0.8737528074598231
3003427,-1.5247428328818202
3003428,14.555731713340647
3003429,0.2086133061222789
3003430,1.351209608273275
3003431,2.1753686361751168
3003432,68.3172219984659
3003433,2.149984189020397
3003434,25.963535735509794
3003435,0.3347858512379752
3003436,62.1323998563752
3003437,15.23049078915843
3003438,14.339261576021308
3003439,10.776040810710182
3003440,5.6890519769696635
3003441,257.5238468158104
3003442,2.3400841185110335
3003443,-0.10642066344372098
3003444,0.19229171943038859
3003445,1.7878773189131538
3003446,1.483745098157699
3003447,0.9616617196971424
3003448,0.45262973647476656
3003449,-0.19954503289068043
3003450,2.3452548880896504
3003451,8.424527684293565
3003452,0.5471383785906004
3003453,14.618571314892428
3003454,17.75463245873204
3003455,0.7528204903230948
3003456,1.6794435706038644
3003457,13.239914594534596
3003458,4.132873280404048
3003459,1.5646497730828126
3003460,0.6651688952285917
3003461,1.2276895016853382
3003462,0.5583689603583116
3003463,0.4698105974401187
3003464,-0.04291475223817537
3003465,123.319247575699
3003466,0.09812258356116217
3003467,66.19115861718495
3003468,-0.5905064988058075
3003469,147.87007499283408
3003470,36.61550727412777
3003471,27.585945753747982
3003472,13.830298039360532
3003473,5.161923366996562
3003474,549.8513279247538
3003475,1.751239215752569
3003476,0.8154999873158455
3003477,-0.8790617081588493
3003478,-0.4373961053795279
3003479,-0.597028675314366
3003480,-0.1851579447944891
3003481,0.40554970078518865
3003482,-0.193972381886349
3003483,1.4223094019325004
3003484,5.769618283220291
3003485,0.5945975645531074
3003486,51.26182446007144
3003487,32.779955008966276
3003488,-1.14825269744412
3003489,1.8636036472247293
3003490,14.517461406103823
3003491,7.892202981770382
3003492,-1.2085660165456718
3003493,-0.539800790127199
3003494,0.39361825194944006
3003495,-0.46587650357381793
3003496,0.09216929223497572
3003497,1.6883570232303464
3003498,60.97001048530052
3003499,1.371219175194783
3003500,23.755821527506193
3003501,-0.4848618576976878
3003502,62.833483297193084
3003503,13.005870907822318
3003504,13.767844581434256
3003505,9.427504907918992
3003506,5.679917789906927
3003507,277.4749847895511
3003508,1.8868607920126235
3003509,-0.29793223874163915
3003510,-0.3569594856281469
3003511,1.2999008837347286
3003512,1.0791896597046002
3003513,0.703614281081675
3003514,-0.11231706911553146
3003515,-0.1804486615431301
3003516,1.9503489452121288
3003517,11.285404651220299
3003518,0.3837338800479415
3003519,14.81863166903534
3003520,19.319810678224123
3003521,0.2943539752162474
3003522,0.044532251387383814
3003523,12.614374913463646
3003524,3.3970480251947017
3003525,0.8665390738261635
3003526,0.15108324803138423
3003527,0.6970789614205863
3003528,1.7981188860939925
3003529,2.632107722181221
3003530,3.1326202172795945
3003531,103.04938396998679
3003532,0.586525141638025
3003533,43.095438840629484
3003534,0.6549180053015151
3003535,146.618300129516
3003536,25.959647258807166
3003537,25.21852434601181
3003538,19.548269277725606
3003539,4.77242096674323
3003540,488.1988728133346
3003541,0.9109679075153986
3003542,0.709885632489852
3003543,-0.16091791039681425
3003544,2.292935920274764
3003545,0.3958798613678232
3003546,1.2276349189152393
3003547,1.7785866224806817
3003548,1.8109059485701495
3003549,2.4695092461891237
3003550,11.091510027179362
3003551,1.5961203098733243
3003552,35.691016286609916
3003553,31.629010542070326
3003554,0.5435291442052823
3003555,1.6287190754036476
3003556,15.423738825836365
3003557,7.4920190777814355
3003558,1.4883431281452124
3003559,0.2891204822193015
3003560,1.5047000192663167
3003561,4.367406620779766
3003562,5.2659964107613995
3003563,3.4908947046208416
3003564,222.36729994214676
3003565,5.5792838452728395
3003566,131.93008370355759
3003567,4.113795655826507
3003568,144.7001350400921
3003569,37.88246328070902
3003570,39.524861364900026
3003571,20.186367392991198
3003572,18.580251357690745
3003573,699.4165658806306
3003574,3.619948848515189
3003575,2.7712412608606543
3003576,1.031277731437142
3003577,0.531076492443201
3003578,0.03288202657945702
3003579,0.16949419353051098
3003580,1.9993290959112642
3003581,2.7294774489818088
3003582,2.2678655762905624
3003583,11.288125791366138
3003584,0.813869313472926
3003585,37.884930208927535
3003586,43.26471029064653
3003587,2.030888548265241
3003588,6.320014845754771
3003589,20.541954940978897
3003590,8.117256979558908
3003591,1.9720207460640018
3003592,0.9657184410153354
3003593,4.128024800108535
3003594,-1.1841293412280596
3003595,-1.3324617873183398
3003596,0.43235102614567383
3003597,68.4961764056001
3003598,1.048939677224529
3003599,16.256676937485658
3003600,-1.5066237015184014
3003601,58.86174437021451
3003602,9.126101652820143
3003603,9.111103114765113
3003604,7.785119197844301
3003605,8.69689574966093
3003606,278.30930596040514
3003607,0.7680719028560565
3003608,-0.7900866429366283
3003609,-1.490106479574819
3003610,2.4387119481316826
3003611,0.9667030548164917
3003612,0.6418330327066657
3003613,0.4438674259490222
3003614,-1.0590535523422238
3003615,0.8167688652228446
3003616,5.288292850305776
3003617,0.8344311842698084
3003618,21.45302073842958
3003619,14.218902212516992
3003620,-0.8068516220807522
3003621,0.48056809434434966
3003622,6.9636132667435895
3003623,2.2603835213145724
3003624,0.40883480384327975
3003625,-0.7967570842797376
3003626,0.61810954263187
3003627,5.265625752638298
3003628,6.164492999441209
3003629,3.3418490679690147
3003630,109.27477177410859
3003631,6.133109636543595
3003632,57.479955718584236
3003633,4.928507774285681
3003634,87.5349187623409
3003635,25.540428405625356
3003636,20.441084681555
3003637,12.880673288053295
3003638,0.9610315316289282
3003639,439.67548342303706
3003640,3.031975583820924
3003641,1.8112814861240918
3003642,0.975891973556893
3003643,1.5665473832615975
3003644,0.22429076572432
3003645,0.11499841752872508
3003646,1.5565089736548838
3003647,0.1319337990920326
3003648,0.6408768192262073
3003649,7.966040503521938
3003650,1.1416370888622192
3003651,24.831699795703564
3003652,20.51188792656186
3003653,1.0278749862842165
3003654,2.2606733303746593
3003655,13.771013502047822
3003656,6.238648583608512
3003657,1.8232740271475927
3003658,1.8033574073149363
3003659,2.5286788068415924
3003660,2.2829863205971925
3003661,2.5893062935207127
3003662,0.01729452164923717
3003663,148.79580261249146
3003664,0.2552464373734984
3003665,73.38333846390182
3003666,3.080385977156038
3003667,170.41200366472063
3003668,90.51650692942908
3003669,21.66955606613017
3003670,26.55673879579357
3003671,22.209108510410225
3003672,569.4004133517597
3003673,7.790338509520764
3003674,2.74512001516526
3003675,1.7075239974270087
3003676,0.9459354758132691
3003677,0.8529160205702216
3003678,0.36480759887195063
3003679,3.885750938312006
3003680,0.7893177912137185
3003681,1.0590960806615772
3003682,14.269213969507467
3003683,0.7871315118818462
3003684,45.73638258921109
3003685,31.711036060264043
3003686,0.4715117042128918
3003687,0.8182148094687297
3003688,19.672823142641676
3003689,21.038704329633614
3003690,1.8764812280456251
3003691,1.0629953036526718
3003692,4.678054016817289
3003693,-0.20774134444698567
3003694,-1.5589447081233812
3003695,-1.9840000699774827
3003696,115.88436808782376
3003697,-2.978626041840107
3003698,70.85312050084117
3003699,-0.1615598771882651
3003700,154.42328493207904
3003701,78.20367002074018
3003702,26.05560426006581
3003703,19.90187006997825
3003704,22.34128710182735
3003705,552.560764472919
3003706,3.612106814657484
3003707,1.0698888482796907
3003708,0.40771671611585814
3003709,-2.114076669586545
3003710,-0.4856959677238478
3003711,-0.5998140030052741
3003712,0.22387735255269267
3003713,0.2594439558121235
3003714,0.9495432530507537
3003715,10.84473256894081
3003716,-0.07513217628042862
3003717,31.89419520657971
3003718,34.297253686608705
3003719,0.453210687673884
3003720,-2.219958196036648
3003721,14.026430705362975
3003722,18.184892760435204
3003723,-0.6652645199373068
3003724,-0.6920377552009882
3003725,1.4430350912446306
3003726,-1.9225985647114432
3003727,-3.4372891292055288
3003728,-2.893040456836097
3003729,139.61385650271006
3003730,-3.045373959947101
3003731,113.3947643560834
3003732,-3.2006877016943327
3003733,170.07691619181765
3003734,30.98776693600412
3003735,23.36451367292335
3003736,19.83988991934217
3003737,0.8673921951482049
3003738,571.6477424685693
3003739,1.9831892701777838
3003740,-1.0023967954343675
3003741,-1.4079642361280706
3003742,-1.42697614846639
3003743,-0.7750955673530256
3003744,-0.5857582299515047
3003745,-1.173930086559965
3003746,0.20068557743597243
3003747,0.7607878675005053
3003748,6.9810128035197625
3003749,-0.8820450223047078
3003750,24.67573680103257
3003751,37.35963797801075
3003752,-1.3852251859066085
3003753,0.15683418298645163
3003754,13.831401102464834
3003755,8.56319363291884
3003756,-1.7175527073561965
3003757,-1.3071265454167293
3003758,0.2021526465573265
3003759,-3.159039717772757
3003760,-7.165110105967615
3003761,-3.042956350014174
3003762,152.00362349461327
3003763,-4.432811842109514
3003764,50.730892882788
3003765,-3.487008491173838
3003766,132.19523306281
3003767,76.16095957524347
3003768,27.873129974706934
3003769,22.42131567865541
3003770,16.180210960202018
3003771,432.13916705929626
3003772,3.267598078915544
3003773,-1.5819289090364326
3003774,-2.2462974737102193
3003775,-3.4073213777829006
3003776,-2.3646612166204797
3003777,-2.374544280052251
3003778,-2.9296595492364577
3003779,-1.611185908657426
3003780,0.13833128771304473
3003781,11.153556810444243
3003782,-3.2231459923035075
3003783,66.4335504089465
3003784,25.21160907760561
3003785,-2.144867861538587
3003786,-3.892231614291959
3003787,39.54731347201203
3003788,19.51652972312346
3003789,-1.8961871112685185
3003790,-2.026257952933302
3003791,2.068779347369855
3003792,0.912340424973712
3003793,1.818152604839173
3003794,2.9402529520128646
3003795,99.51546431604865
3003796,1.583588434152019
3003797,47.99698944657143
3003798,1.1250104394076335
3003799,135.83422174139127
3003800,25.33208333391187
3003801,24.58368472420026
3003802,17.472262850552557
3003803,8.164289635392997
3003804,526.0158593152415
3003805,1.8008193373612016
3003806,-0.1337893186336146
3003807,-0.29271735251771475
3003808,-0.029430389527473177
3003809,0.12929802708097887
3003810,0.05629798088662256
3003811,-0.9447781755122264
3003812,0.6062118764853278
3003813,2.0969419254767185
3003814,6.861184715100868
3003815,-0.2213026623456676
3003816,19.384871751963686
3003817,27.77395740634602
3003818,0.5451207737867355
3003819,-0.05462421342387991
3003820,12.373102019083412
3003821,6.89163079057492
3003822,0.3795263587714055
3003823,0.04735519771733948
3003824,0.31735219002942017
3003825,-0.1078794266696298
3003826,-0.4616536700670497
3003827,1.1727998506448547
3003828,91.08708048298311
3003829,0.48022506192207753
3003830,41.78152574504076
3003831,-0.5037848426568962
3003832,92.00946426065268
3003833,40.92715597689377
3003834,21.722269374577568
3003835,13.331982073550439
3003836,13.187683268805777
3003837,344.29916424649286
3003838,2.046359039342817
3003839,-0.20031284987341452
3003840,-0.5958674269865821
3003841,-0.22452190999494065
3003842,0.5517797046598866
3003843,0.24144179197249518
3003844,-0.4333373366380397
3003845,0.18466568086267784
3003846,2.008033307368174
3003847,8.43869010433588
3003848,0.3256896289806468
3003849,24.826375413078885
3003850,22.086565596629086
3003851,0.7557413820827481
3003852,-0.436618742757704
3003853,12.50363865606759
3003854,9.07152376738791
3003855,0.5204643228468979
3003856,-0.30588771661997616
3003857,1.2070222823564891
3003858,-1.9173006552996958
3003859,-4.145884582496583
3003860,-0.014233426122446047
3003861,-4.517665389866961
3003862,0.4826344954391969
3003863,0.8699555382127442
3003864,-4.086119765110125
3003865,-7.540632666044912
3003866,1.5714118933441206
3003867,-2.0508038795406174
3003868,-0.6180786098141835
3003869,-2.313188465216735
3003870,-21.41567499223995
3003871,0.9838923109614848
3003872,-1.6468098615394116
3003873,-0.8016168571284357
3003874,0.8486349205032024
3003875,0.9208499327303004
3003876,0.4904613440618709
3003877,-2.1252563910286404
3003878,-2.390355190240196
3003879,0.9575267492357239
3003880,-0.21836208889239747
3003881,-0.3881309085969838
3003882,2.4099613058073306
3003883,1.8372969600037619
3003884,-0.04244210322795655
3003885,-1.9914635122153117
3003886,1.9901280626936502
3003887,1.8337159423074558
3003888,0.7726820954658911
3003889,0.027306230941715026
3003890,-0.55300872795812
3003891,1.3110222524718846
3003892,1.7309933202614047
3003893,0.7384877392748603
3003894,318.0644266352774
3003895,0.5643707354917569
3003896,43.55709485838117
3003897,-0.5416345783087309
3003898,130.8253499820173
3003899,15.880322375151518
3003900,22.015463598648566
3003901,12.214669338611348
3003902,3.644636505664116
3003903,465.61594894895376
3003904,2.185895682888397
3003905,0.8406690449430902
3003906,2.1469853934132264
3003907,0.9971545542902754
3003908,0.7662784492335344
3003909,-0.46126099502941315
3003910,0.63959873615476
3003911,0.9151117846440616
3003912,1.232593278610832
3003913,14.204348209755839
3003914,-0.13944747851416422
3003915,28.079439908762243
3003916,24.44356489979774
3003917,1.3329036957215
3003918,2.9279144386504345
3003919,16.518264610795114
3003920,7.645356957831421
3003921,1.8485036565501947
3003922,0.9992947943958574
3003923,2.054591599435182
3003924,-3.4345830232933077
3003925,-8.359769015119454
3003926,-7.277802504967877
3003927,613.1434781565258
3003928,-5.4929395452052265
3003929,151.1207706546354
3003930,-4.426958325799242
3003931,351.56674254288083
3003932,260.26256078875593
3003933,78.60151374858299
3003934,89.38674645774012
3003935,64.08487827554221
3003936,1191.7647339642158
3003937,8.587868663922235
3003938,-1.140634209537711
3003939,1.0840323694620748
3003940,-5.36786929025704
3003941,-0.9389006896335923
3003942,-1.2669058357914036
3003943,-4.084637762397687
3003944,-0.5656349484118983
3003945,-0.25806474742403224
3003946,42.25800623471896
3003947,-1.24757364677891
3003948,146.46505666747936
3003949,58.14342908322564
3003950,-1.0844227637920993
3003951,-4.3378670056781266
3003952,82.8372396670286
3003953,72.15051878693612
3003954,-1.800776268635091
3003955,-2.3249292625334057
3003956,13.518177446164918
3003957,-2.8052043813991987
3003958,-5.072439936368282
3003959,-3.3581385299278916
3003960,408.07737895429113
3003961,-1.8368315641053414
3003962,111.84407925105282
3003963,-0.6166033455957586
3003964,295.97019865519286
3003965,164.95652125089111
3003966,70.44329015735791
3003967,53.83349792911969
3003968,51.44305316214152
3003969,1071.724519691786
3003970,8.128114054487195
3003971,0.9394943526453061
3003972,-1.3533396349748728
3003973,-1.9768287000715645
3003974,-1.2074896325769078
3003975,-0.896397478765939
3003976,-1.4375984107539626
3003977,-0.4238415864845956
3003978,-0.823103805951978
3003979,23.03339150402222
3003980,-0.8594667718705751
3003981,157.53750981666897
3003982,53.66429000972235
3003983,-0.8943778108217885
3003984,-3.7039929147868316
3003985,82.61616117179645
3003986,45.973828295805255
3003987,-1.247430393019058
3003988,-1.6918268660419928
3003989,10.390645035840171
3003990,-6.287995955805637
3003991,-12.400552464680477
3003992,-2.2580996256479557
3003993,278.89683590709
3003994,-6.673532557990221
3003995,72.46071048659658
3003996,-7.112545418258923
3003997,277.1280643368545
3003998,113.22965217155554
3003999,90.16301793181592
3004000,20.349884999099373
3004001,36.29203058808453
3004002,911.8935149915944
3004003,2.853595928950781
3004004,-0.7748542570491191
3004005,-3.288232238468081
3004006,-3.252942368970762
3004007,-1.0794290383622864
3004008,-0.037877343139771244
3004009,-2.7252252768921243
3004010,-0.7157200357857437
3004011,0.5658678481180686
3004012,14.59193304368302
3004013,0.060007797260259385
3004014,200.4228823342402
3004015,66.84607550350255
3004016,-2.8231203039460886
3004017,-5.43285601254629
3004018,96.67499635346033
3004019,27.83023181202352
3004020,-2.4478623886400968
3004021,-2.7388297864911513
3004022,4.280512184616272
3004023,-0.9833714884450819
3004024,-4.286700894627684
3004025,-0.9563136945694715
3004026,383.81608636023134
3004027,-3.2180375665808607
3004028,113.00310891297681
3004029,-3.1692239318931748
3004030,281.89262507409535
3004031,151.02366995823135
3004032,79.35319704659072
3004033,42.22600856309473
3004034,43.01610244477509
3004035,983.7696613207004
3004036,4.243247379731583
3004037,-1.9614070344692662
3004038,-0.5952244834952944
3004039,-2.1489671727566018
3004040,-0.146854856418504
3004041,-0.8369498876720173
3004042,-3.504085327496105
3004043,-1.0734107590639543
3004044,-0.1383790447766659
3004045,17.715700141116468
3004046,-2.2684558081183788
3004047,125.93652402748651
3004048,60.215888397201816
3004049,-0.34971028076066435
3004050,-1.1962465329120824
3004051,93.04011998546284
3004052,38.56412168804087
3004053,-0.6157643911533888
3004054,-0.7799858374172254
3004055,7.17208498868833
3004056,-4.592948070009407
3004057,-10.514254070144634
3004058,-1.04530570364419
3004059,191.8736211877558
3004060,-5.707137423985515
3004061,74.41171978904407
3004062,-8.962890608428971
3004063,227.59146105657612
3004064,85.68391792295387
3004065,71.2696127501691
3004066,12.818926478325519
3004067,22.695495761195705
3004068,756.4466911984896
3004069,2.624177521432539
3004070,-1.6717487297419213
3004071,-3.9727936778228106
3004072,-5.118127445321516
3004073,-1.8269959565403406
3004074,-1.2063395891171969
3004075,-5.242158725026057
3004076,-2.425253038684423
3004077,0.19314396194065914
3004078,11.846856364793567
3004079,-2.330939669766449
3004080,142.10856209284253
3004081,57.96262355017887
3004082,-2.508216429781351
3004083,-4.636512079320855
3004084,82.35970630615341
3004085,22.005121368927902
3004086,-3.8955720959010436
3004087,-2.7021775911873918
3004088,0.5823005724430913
3004089,-0.338559327630901
3004090,0.2784076416722746
3004091,-0.29426940543118696
3004092,292.30242872098665
3004093,2.987330641332555
3004094,77.12402818539478
3004095,-0.696917285503114
3004096,156.26822403195433
3004097,126.7336594462011
3004098,38.84579906368039
3004099,42.86036742397097
3004100,39.542098085740506
3004101,568.547835236763
3004102,8.599002528996316
3004103,1.265355529404078
3004104,1.60563494644648
3004105,-0.890894438039759
3004106,1.3369815216421557
3004107,0.34304407035517215
3004108,-1.7255551013533479
3004109,0.0896919132836409
3004110,1.2206040717671567
3004111,19.950069739125354
3004112,-1.0861740042569727
3004113,76.45567794855647
3004114,27.326465120929534
3004115,1.332852641002064
3004116,1.5833335727188023
3004117,38.21656500445959
3004118,37.959242302251624
3004119,1.1667440909218203
3004120,2.2058297481691627
3004121,9.073916130194448
3004122,-1.1317562252800417
3004123,-2.9052513508286206
3004124,0.04407336644679155
3004125,129.0540204853534
3004126,-2.5297389716339236
3004127,60.426800942894886
3004128,-2.6104611214849136
3004129,169.0490791285383
3004130,56.05489037433959
3004131,36.49782101737725
3004132,22.545677273498622
3004133,18.6746528179507
3004134,513.440509204928
3004135,1.3133775034760038
3004136,-0.9288173178242141
3004137,-0.504856993408539
3004138,-1.9261382459337983
3004139,-1.0126171714916201
3004140,0.4777293616822499
3004141,-2.751516855582813
3004142,0.005384473665835665
3004143,4.312249662485228
3004144,10.537044953426484
3004145,-1.1405061676218247
3004146,55.34117480266799
3004147,35.18914641923148
3004148,-0.16772366713361406
3004149,-2.0238657629088266
3004150,28.30753435734834
3004151,18.16954045496481
3004152,0.0011169499326206256
3004153,-2.0533644508757427
3004154,1.2217814641942097
3004155,-0.7653964176076079
3004156,-4.7807904458745725
3004157,-0.8618335951919107
3004158,202.19915493819036
3004159,-2.161498466622925
3004160,71.1308143607442
3004161,0.1227725107103651
3004162,224.4840789068377
3004163,84.65060911822047
3004164,57.385404995799504
3004165,15.490435253012857
3004166,21.351727215356878
3004167,815.1327712724203
3004168,5.7271508748199444
3004169,-0.45435630291356566
3004170,-0.48352896416638036
3004171,-1.9482963291347368
3004172,-0.47266836133761897
3004173,-0.8441527808579667
3004174,-0.7607193273370285
3004175,-0.13799650552773526
3004176,1.1106586866092767
3004177,16.760128916557548
3004178,2.5970829101104935
3004179,172.68224176863458
3004180,49.20109902336448
3004181,-0.7807546369066041
3004182,-2.057977155291719
3004183,40.8910604338114
3004184,22.100163784617433
3004185,0.052458986039819105
3004186,-1.1616780000675864
3004187,2.1116477029649467
3004188,0.12586382463563495
3004189,0.9654297587268594
3004190,-1.5808571719530664
3004191,447.9321037035188
3004192,0.4919541397532523
3004193,129.37104241519864
3004194,1.1499446969227938
3004195,224.55655918075558
3004196,164.5152156052896
3004197,46.40884012052735
3004198,54.88505185827093
3004199,47.18885755681076
3004200,771.9694729254593
3004201,3.4880584128662666
3004202,-0.7118210676882153
3004203,0.8100855350841083
3004204,1.4393661831573994
3004205,0.029378787996720335
3004206,0.07024587599044041
3004207,2.1314817348471844
3004208,0.7011752091167001
3004209,-0.4296354037812489
3004210,23.867448861318515
3004211,0.08380074737775445
3004212,108.60637652459616
3004213,34.05347163755967
3004214,0.010250436952083053
3004215,0.32479496601259605
3004216,63.40511256494622
3004217,31.87130209059909
3004218,0.9102898931250457
3004219,0.09920547360310605
3004220,11.926153180641158
3004221,0.8887547602687789
3004222,-2.245892800689259
3004223,1.793138638728991
3004224,-18.38335780432194
3004225,2.3171964160013827
3004226,-3.0777683798808777
3004227,-1.0765145454505363
3004228,-16.099162209840486
3004229,-0.7191554116197034
3004230,-4.345403414326343
3004231,-2.8271152956307253
3004232,1.3155988245706975
3004233,-17.533507560833826
3004234,2.6482655186080413
3004235,-0.3978300955213308
3004236,-0.31282487018136307
3004237,1.0895331700238544
3004238,1.8819185399411982
3004239,-0.07116401144447085
3004240,-1.038063721727267
3004241,-0.7712729054553951
3004242,1.093590772982219
3004243,0.5399199222320874
3004244,-1.0593949925631567
3004245,-6.135010541162755
3004246,-3.77051249958719
3004247,-0.14285889795649045
3004248,0.5400031870546025
3004249,-4.839823621289506
3004250,3.886878031001179
3004251,2.998959473215085
3004252,0.7517258312997853
3004253,0.1531020741998634
3004254,0.9449534622454974
3004255,1.8521101181869324
3004256,2.0197631650406707
3004257,4.331124770693526
3004258,2.608333927146699
3004259,-2.127127939243042
3004260,0.2110724957336606
3004261,-3.4777160136197383
3004262,-3.700955184565627
3004263,-0.6638857643670292
3004264,-0.7755112240412985
3004265,0.0133652110709227
3004266,-0.5130972361890598
3004267,1.5290309056550724
3004268,0.9128388742627249
3004269,0.17558023724300595
3004270,3.0759325953266976
3004271,0.9871322726398467
3004272,0.9004290382222644
3004273,1.655029186362517
3004274,-0.4197259398162225
3004275,0.6060042377766275
3004276,0.3036209358336544
3004277,0.3513120983589579
3004278,-1.344224074359754
3004279,-1.891682199139128
3004280,0.08893702987786467
3004281,1.1041847440061554
3004282,-1.495889245102735
3004283,0.4622836561959048
3004284,1.8282316083291277
3004285,0.7470756101367931
3004286,1.3313967379216536
3004287,0.4880803061771258
3004288,0.76770831662825
3004289,0.680876900890562
3004290,81.68900214263367
3004291,0.25086103446335983
3004292,30.853336141839662
3004293,1.1873658822811377
3004294,121.82040177510504
3004295,6.935796415728966
3004296,16.778553431563413
3004297,7.691403374044003
3004298,1.5047040680114878
3004299,342.7159142592343
3004300,2.0940545905726435
3004301,0.569341994570434
3004302,0.5512710517717755
3004303,0.6973422247947133
3004304,0.40947291397709024
3004305,0.07904967486175565
3004306,0.2267178673040621
3004307,0.07032344520335074
3004308,1.8617279593032006
3004309,5.292284718272088
3004310,0.251431885792274
3004311,6.259584090404253
3004312,19.288691450688013
3004313,0.29127357843869733
3004314,1.053793357793486
3004315,5.442028334718081
3004316,7.124210051080293
3004317,0.12626857383550705
3004318,0.4519681819660332
3004319,0.33042091795049827
3004320,-0.8857840735320497
3004321,-2.903848308587958
3004322,-0.3328729925537845
3004323,205.7707730397591
3004324,-0.9185812168625125
3004325,61.794544345475984
3004326,0.11367828664551788
3004327,173.09649922846364
3004328,85.05271205952886
3004329,38.57431162599878
3004330,29.37194816502499
3004331,24.785594710896767
3004332,591.2040465498717
3004333,5.744005363168762
3004334,0.985935581855083
3004335,0.0515677694544866
3004336,-1.619003280308252
3004337,-0.8628311830516395
3004338,-0.23474030694331305
3004339,-0.629739779301135
3004340,0.11238092401363248
3004341,1.1165683591898052
3004342,14.314671543082767
3004343,-0.5921119926804749
3004344,78.98960248936316
3004345,29.676890644096787
3004346,0.43912242813508784
3004347,-1.0791296485887596
3004348,56.072413386289995
3004349,21.814047602126593
3004350,0.6314630893736739
3004351,-0.13587751332808695
3004352,4.255240518218443
3004353,-2.411633227295024
3004354,-0.16087548599549334
3004355,-3.451458237970546
3004356,289.0310362855988
3004357,0.3719173095363659
3004358,82.88392390389632
3004359,-3.3340584386561387
3004360,171.89666045777165
3004361,128.46805045705113
3004362,31.61572571242079
3004363,45.72583165263936
3004364,32.08914553954259
3004365,523.977523618656
3004366,6.444125568115341
3004367,0.5972481273090671
3004368,0.405814059517943
3004369,0.09662867102819292
3004370,-0.09605343230727158
3004371,0.6080570619551509
3004372,0.9548748900024657
3004373,-0.26477744919633556
3004374,1.338697266402851
3004375,21.810935312588516
3004376,0.9994187129880813
3004377,101.66372924019106
3004378,29.19712902792402
3004379,-0.8636702558297111
3004380,-0.38719093768115265
3004381,45.89435749109689
3004382,30.43993105444366
3004383,0.9812378385030024
3004384,-1.044071021651689
3004385,9.006397652865125
3004386,-1.4707187157135193
3004387,1.9839402805012651
3004388,-1.3728744371292487
3004389,308.93036727452625
3004390,0.2723431923145838
3004391,89.13195045659533
3004392,-2.086649639927564
3004393,197.0728196680937
3004394,142.8198090986177
3004395,40.321087751765404
3004396,49.290027342827415
3004397,27.533818257884633
3004398,627.3893457313127
3004399,6.493802330549006
3004400,0.5852814121865232
3004401,0.9548168052233089
3004402,-0.7122236721217268
3004403,-0.5847747917227752
3004404,0.1497787726873867
3004405,0.1914041043725594
3004406,0.014174665652171833
3004407,2.689010281243791
3004408,21.62318214467112
3004409,0.5262111292633564
3004410,100.43367182688428
3004411,34.92904326249896
3004412,-0.1425115953369095
3004413,-0.7998315479686425
3004414,45.93365334246162
3004415,34.614570380046274
3004416,0.29747831272266917
3004417,-1.4911639122819906
3004418,8.834746454341076
3004419,3.5687472516889462
3004420,0.6045007718073975
3004421,3.885224316830354
3004422,208.10718794576724
3004423,1.637864102427302
3004424,90.48994261215914
3004425,3.6370673493224968
3004426,241.59686321173797
3004427,51.26128243689327
3004428,71.4670308838976
3004429,25.882859154375694
3004430,13.71713017074806
3004431,853.6377514943803
3004432,3.653754173398083
3004433,2.8554765761415544
3004434,1.6360361832216221
3004435,-0.31275376435682123
3004436,-0.16653525770823766
3004437,3.96627036763799
3004438,0.5527844238352191
3004439,3.953994782223781
3004440,4.316512000596049
3004441,11.452330370092604
3004442,1.7857383825761644
3004443,69.05103709223353
3004444,52.950196485747625
3004445,1.81994766479449
3004446,-0.5316000441090364
3004447,64.60599214385267
3004448,13.361492278491097
3004449,2.3312528436525097
3004450,0.42396984266528304
3004451,3.7211478816678936
3004452,1.6758778800451546
3004453,0.5370435411307972
3004454,0.6567867669431507
3004455,180.37303213987937
3004456,1.8866765579969798
3004457,53.17554128815729
3004458,0.32764285827841366
3004459,129.3560156436563
3004460,84.00384510952324
3004461,24.86778978510429
3004462,29.516390035635595
3004463,24.974760397327554
3004464,387.212688232452
3004465,5.398807794850946
3004466,0.5989897292255774
3004467,1.0618690162293933
3004468,1.9621345383093194
3004469,0.9103409294354424
3004470,1.7154520480221618
3004471,2.371813873719102
3004472,1.249933076292218
3004473,1.6842926908470326
3004474,27.526206371968037
3004475,1.7501441512923703
3004476,90.01552601512884
3004477,18.847268295789835
3004478,-0.08024032762645221
3004479,0.654698564586315
3004480,42.8504183153015
3004481,15.661636506688593
3004482,2.883409971009269
3004483,1.45838617010515
3004484,6.377744977562353
3004485,-1.2213483132072729
3004486,-2.959377700197338
3004487,-0.2829392080776235
3004488,82.91862140582009
3004489,-0.9679051756042465
3004490,16.055876588249923
3004491,-2.1310877091763545
3004492,123.30511331561124
3004493,14.728215634216758
3004494,31.6337899857567
3004495,2.6177948530112554
3004496,4.969213512767892
3004497,362.66263450321037
3004498,2.0718629601944487
3004499,-0.24203295312116102
3004500,-3.0289959828744397
3004501,-0.4442412509519727
3004502,-0.33908395202051905
3004503,-0.6245089339641345
3004504,-0.5092204485334969
3004505,-1.6267039768673568
3004506,-0.4634534793618513
3004507,7.528839003622088
3004508,-1.1984075651997774
3004509,44.555503917469096
3004510,22.861486898091314
3004511,-1.918224461916361
3004512,-0.16265707638246568
3004513,21.718738611314112
3004514,4.299728683569302
3004515,-0.41887030364437117
3004516,-0.6044489589619844
3004517,1.1112375504615466
3004518,0.43907364979775576
3004519,0.4858416727285294
3004520,-0.11499724792305638
3004521,460.5412674337383
3004522,-2.0116796972704836
3004523,102.2496511679461
3004524,-3.266534017226986
3004525,288.8047310014035
3004526,33.91130349250842
3004527,50.22240854854219
3004528,15.771988817869532
3004529,16.674505280960656
3004530,934.9594098190627
3004531,1.7639197440259886
3004532,-1.5002470120035651
3004533,-0.837013903090483
3004534,-1.568096022928694
3004535,-0.4160272481384891
3004536,0.5818004804473821
3004537,0.18790627695972942
3004538,-1.1566053670987821
3004539,1.3205799440751436
3004540,9.064749488374728
3004541,0.05879844358943953
3004542,115.09639303947883
3004543,50.10564992080839
3004544,-0.7016394501535251
3004545,1.415299533169382
3004546,66.37881514971724
3004547,5.810996045537104
3004548,-1.3932847297433182
3004549,-2.0891265443355223
3004550,1.7247694725937255
3004551,0.6044808580508835
3004552,-0.02424366016814021
3004553,-0.2702260451154143
3004554,131.69299119656876
3004555,-0.6268735116205789
3004556,32.062379944418794
3004557,-0.5442279895699903
3004558,121.50432921917229
3004559,18.97276272810639
3004560,23.093014639850374
3004561,6.333492714126332
3004562,9.107759155306411
3004563,394.2249926115147
3004564,1.67167761806204
3004565,0.4039192785433806
3004566,-0.09461175445232586
3004567,-0.17690473985110655
3004568,-0.27084965915693826
3004569,-0.387805661457187
3004570,0.31143135079690176
3004571,-0.70239294111032
3004572,0.9205839102333448
3004573,8.197217679784245
3004574,-0.9067185007398985
3004575,24.682107880542226
3004576,20.513782281110892
3004577,-0.15628238472394515
3004578,0.3221485102648331
3004579,13.029160190607417
3004580,2.4965679034920507
3004581,0.08806644864309421
3004582,0.2323045713337524
3004583,0.6553454277451056
3004584,-0.3473188248820224
3004585,-1.1356117456260835
3004586,-1.416078104958433
3004587,129.57840030350226
3004588,-2.134681943678079
3004589,29.40699913584278
3004590,-1.5858536233126506
3004591,117.48228406598378
3004592,16.886288204078955
3004593,20.39075588705171
3004594,4.5753164056064275
3004595,2.927243846590427
3004596,379.45843877091477
3004597,1.3301594528908935
3004598,-0.03712801427749582
3004599,-0.5526654360838984
3004600,-0.8274041849847162
3004601,-0.6928489488576998
3004602,-0.8365570054150339
3004603,-0.21510460548119228
3004604,-1.1535604669223722
3004605,0.07654728213232373
3004606,7.125717078700273
3004607,-1.0208656576860267
3004608,24.351999873065562
3004609,21.172145131122214
3004610,-0.44255013056512327
3004611,-0.20365112450379452
3004612,11.713931774822179
3004613,2.154599373024339
3004614,-0.4823715373973937
3004615,-0.1612752351328345
3004616,0.1411463211368209
3004617,-0.03401872543618082
3004618,-0.1295161006324633
3004619,-1.3904370986006689
3004620,86.43560244777808
3004621,-1.3678978450974681
3004622,31.447764106960243
3004623,0.6443321200327773
3004624,173.27837412674432
3004625,18.072496645187638
3004626,19.504298435249073
3004627,6.381194417583174
3004628,2.796604879027
3004629,436.8057632241976
3004630,2.8247732778701833
3004631,0.45613430050102804
3004632,0.8037154725466757
3004633,0.44819454966479744
3004634,-1.1081912772678402
3004635,0.16648157955936088
3004636,1.5880797110363642
3004637,0.28718599711591436
3004638,1.2309016020264905
3004639,8.106490570678064
3004640,-0.5618661091295939
3004641,65.37134651841103
3004642,38.028845434850396
3004643,-1.90807483076577
3004644,-1.0492088449057404
3004645,13.515830394695978
3004646,6.020360649115093
3004647,0.16444269529695932
3004648,-0.32703160599595094
3004649,1.369586216556811
3004650,1.2383445226346521
3004651,1.5169424048834026
3004652,1.842294566727942
3004653,136.6989603542519
3004654,-0.11295784941692542
3004655,27.368770002772216
3004656,0.6597966572820587
3004657,137.6607880626956
3004658,20.258049308077243
3004659,31.00574020452077
3004660,7.3858246121625415
3004661,5.553038136527125
3004662,471.6906734907731
3004663,3.140381677941787
3004664,0.6370156740784841
3004665,0.388747919824109
3004666,-0.24655574103147046
3004667,0.34889183046821926
3004668,-0.7859563012745094
3004669,0.18362402590785676
3004670,-0.37413432056755486
3004671,1.924730999561962
3004672,7.491051998978964
3004673,-0.9038598659923627
3004674,21.942585282009976
3004675,23.952155487627444
3004676,-0.09124814483408042
3004677,0.5346451694232838
3004678,10.02814715011051
3004679,2.5018048335805543
3004680,0.6231618484121737
3004681,-0.1915288745563703
3004682,0.18670969147512553
3004683,1.1731243659544273
3004684,3.1416020241743534
3004685,2.2478165098886893
3004686,94.82440311551515
3004687,1.1919640671442904
3004688,38.980613513904785
3004689,1.3450663509758307
3004690,152.13581603323544
3004691,17.868265442459958
3004692,31.614472878801426
3004693,18.021389145665054
3004694,5.287902279232535
3004695,453.43350444228633
3004696,2.207781793328286
3004697,-1.1522129284765834
3004698,-0.026571187260014978
3004699,-0.2822741066934759
3004700,0.10713661294626947
3004701,-0.8088131026724659
3004702,-0.65520386300479
3004703,-0.14411994608752138
3004704,1.946443073443152
3004705,9.928723010156645
3004706,-1.4748440610526083
3004707,21.61748322952135
3004708,29.513788643568624
3004709,-0.34308177261995304
3004710,0.3298730177987818
3004711,15.803939533187659
3004712,5.987890451058447
3004713,0.9657883089781172
3004714,-0.7326605123414993
3004715,1.2253090565284948
3004716,-0.5059990204960924
3004717,1.1296759202136581
3004718,1.1891519635128134
3004719,184.6770324068913
3004720,-0.08404436156997697
3004721,33.125713538672244
3004722,-1.3853879874412085
3004723,144.76692646307856
3004724,34.3276388628938
3004725,38.152166205540965
3004726,17.33491751130754
3004727,8.045183284446416
3004728,475.5449743314372
3004729,3.7615797830508746
3004730,-1.2358528664720507
3004731,0.738669232977445
3004732,-0.5223296226196635
3004733,0.9264840486855974
3004734,-0.9942816896431395
3004735,-0.4643216669091362
3004736,-1.8688771314273618
3004737,1.388647033271045
3004738,10.901592686472977
3004739,-1.7282577802092784
3004740,48.33264355779123
3004741,21.546720108533115
3004742,-1.537271744815771
3004743,0.13002937125215794
3004744,34.00948605818347
3004745,8.307601044443473
3004746,0.33406409333109877
3004747,-0.16283820305365224
3004748,0.779624104163695
3004749,2.5524233887590895
3004750,-0.9041382998944119
3004751,1.0415678673421644
3004752,140.37057490424854
3004753,0.7664105617633686
3004754,114.99670057941816
3004755,-0.7446285452901429
3004756,87.90877542200036
3004757,36.92912132571382
3004758,25.85871090178749
3004759,18.684621700550416
3004760,4.14664743452779
3004761,326.1380295698675
3004762,2.1775962134517615
3004763,-0.7051646367599824
3004764,-0.9386656535754447
3004765,-0.7710725202469348
3004766,-0.17214331229228264
3004767,0.05546345196584307
3004768,-2.049706157009432
3004769,-0.3626589955910094
3004770,-0.5911291265239924
3004771,12.882968749816282
3004772,-1.3632094718375445
3004773,18.81468689080767
3004774,15.643202871873692
3004775,-1.0306902465345047
3004776,-1.0019400122133537
3004777,17.48273046332284
3004778,5.44356196486915
3004779,-0.8242918574007216
3004780,0.26140753412459167
3004781,1.0304163110168791
3004782,0.7933058241228719
3004783,1.5224131484172085
3004784,0.6409360227127036
3004785,192.621808227758
3004786,-0.05426866367160971
3004787,28.039534640507625
3004788,-1.264990609391607
3004789,131.43887337881134
3004790,13.686283684909359
3004791,24.589034253697537
3004792,6.591531264629157
3004793,3.9308404383651214
3004794,402.458208457419
3004795,1.8577181570862376
3004796,-0.20834697366299226
3004797,0.3778187794176119
3004798,0.2843048597010329
3004799,0.35015640853616786
3004800,-0.6441385311893828
3004801,0.10342888578906242
3004802,-0.6585414241978288
3004803,1.5672488324240477
3004804,7.035972541911869
3004805,-0.9226911787972496
3004806,29.079217097493917
3004807,21.513035881519244
3004808,-0.4730190814914749
3004809,1.3363480621467079
3004810,10.355630193249818
3004811,3.281884891792615
3004812,0.6065558753435379
3004813,-0.11949023115736053
3004814,0.6212711829973978
3004815,0.8684000295185252
3004816,-0.804121903062669
3004817,-0.043899029524145566
3004818,223.1964610657393
3004819,1.278760857652669
3004820,58.48790624485806
3004821,-0.956787184169516
3004822,149.79818915867523
3004823,91.95900333694779
3004824,31.405890207594965
3004825,30.955148030203162
3004826,28.02330206882856
3004827,527.6238575290436
3004828,5.387059955251898
3004829,0.6361782086244784
3004830,0.8095784601858759
3004831,1.750786542287524
3004832,0.35891805124036186
3004833,1.2044883753324758
3004834,2.5145159895663074
3004835,0.8742798821697942
3004836,1.886248114053342
3004837,26.062086004268096
3004838,1.3212224948453148
3004839,107.15701357290715
3004840,30.528283998145778
3004841,0.17669966917310376
3004842,0.7380262002528889
3004843,57.83822139045296
3004844,21.0045840112587
3004845,3.3468682491432538
3004846,1.3143905703924246
3004847,6.663093207700249
3004848,-1.739010112637152
3004849,-7.992304143714683
3004850,-0.27056196906567487
3004851,0.14062997914083164
3004852,-2.4879306397285474
3004853,0.24466400380923004
3004854,-4.356470302824855
3004855,-9.839507331562308
3004856,6.1540917940190765
3004857,0.9216670878661537
3004858,-4.64798245924154
3004859,1.8517051663717075
3004860,-14.654116196979157
3004861,0.004607013705244745
3004862,-3.146188104416324
3004863,-2.1704934228080672
3004864,-1.089091954648102
3004865,-0.015078070345298372
3004866,-2.534497348141231
3004867,-3.7768092942980367
3004868,-4.614769588308954
3004869,0.10663197415084141
3004870,3.7049220733201222
3004871,-2.0044581157179344
3004872,7.416277657489336
3004873,-1.3530781531492173
3004874,-1.2569607785424162
3004875,-3.1672702145529907
3004876,6.374380687598787
3004877,3.987793023150589
3004878,-1.0556780952727423
3004879,-0.4730604602607491
3004880,-1.637788802461837
3004881,2.6138680632607794
3004882,-0.7507269730144982
3004883,2.4342579111949454
3004884,-3.4205998374105184
3004885,2.012040338542465
3004886,-2.6464677316942833
3004887,1.1007876907021636
3004888,-0.35680537884381924
3004889,-3.82114019321536
3004890,-0.852471115571534
3004891,-0.0977946279595926
3004892,0.7987876276509133
3004893,-2.734398042229441
3004894,0.6469838165851252
3004895,-0.7783183721351451
3004896,-0.026223208191804626
3004897,2.3989398723281194
3004898,1.3780637504039261
3004899,-0.27548349763004815
3004900,-0.43639480166824796
3004901,-1.402971333906935
3004902,1.4505372242224621
3004903,2.183629999013356
3004904,0.29756352911412254
3004905,-3.226428289148389
3004906,-0.04938565751192048
3004907,0.2316644573427038
3004908,-0.28348732545025995
3004909,-0.8163929388766337
3004910,-0.197074321788823
3004911,1.3294020568484122
3004912,1.2234521543220762
3004913,-0.022979000195009563
3004914,-0.17764351471319983
3004915,-2.9615617758813464
3004916,0.3137361978468106
3004917,1.1547833521081337
3004918,-0.2708990371481196
3004919,-2.2161286870091135
3004920,-1.4586509030554593
3004921,-1.263915509312137
3004922,-0.7877793534045484
3004923,1.0722084427720984
3004924,-3.1971899249187117
3004925,2.2043187407567895
3004926,-10.599811889683915
3004927,1.1520846147409975
3004928,-0.9317191183425165
3004929,-0.8835333212849583
3004930,0.7598691848855378
3004931,0.34765651511737816
3004932,-1.6562836288457765
3004933,-0.9148564154136694
3004934,-2.212431040796655
3004935,-0.2854548479332516
3004936,2.762201956865793
3004937,-0.9438833084793441
3004938,5.288396602094654
3004939,0.6732268382568146
3004940,-0.8546986633148118
3004941,0.4851809862479786
3004942,-0.0690731775333552
3004943,0.3210395726811476
3004944,-0.42125209433896094
3004945,0.22240388060785335
3004946,-1.13273446855972
3004947,-0.21340452467535212
3004948,0.1895175695291983
3004949,-0.8996975540131824
3004950,106.61428549895143
3004951,0.051620343921458645
3004952,44.97879778342955
3004953,-0.9088237197881245
3004954,97.3582633233122
3004955,54.628979925853415
3004956,19.9463121054729
3004957,9.610537945469623
3004958,12.032705382744194
3004959,323.3368550316758
3004960,4.088764867058671
3004961,0.6535887860009826
3004962,-0.23556150206644816
3004963,0.6771400277692737
3004964,-0.5375489309365002
3004965,0.0500489889887831
3004966,1.7340425460207916
3004967,-0.5704202790590353
3004968,0.09403125684770197
3004969,13.122389914856612
3004970,-0.14489635780257226
3004971,137.81948020186445
3004972,17.064257090375904
3004973,-1.1520425336295375
3004974,0.03009764946455118
3004975,28.543075829007503
3004976,9.245844285681123
3004977,1.5880812063210399
3004978,-0.08172771503534021
3004979,3.671849052938851
3004980,5.951077419043941
3004981,7.22704503593508
3004982,3.0145920890419076
3004983,376.6955726341498
3004984,6.74364093472068
3004985,120.47779461834158
3004986,3.5222566549570913
3004987,225.30784170551846
3004988,138.2468077905849
3004989,51.102825855174814
3004990,50.85072336734571
3004991,40.06396111390934
3004992,781.6274455963597
3004993,4.053025978567377
3004994,3.4862739361117137
3004995,4.501234635202775
3004996,4.726173612549858
3004997,1.1618537410291832
3004998,3.6673880653936366
3004999,7.452610394322284
3005000,4.219602161136675
3005001,2.7239292045587282
3005002,34.8809172908093
3005003,4.425310301506572
3005004,100.64250256101829
3005005,38.09940433684383
3005006,1.645332434742079
3005007,5.962901185765433
3005008,70.66741373843581
3005009,27.435293738550456
3005010,3.7640703392416546
3005011,2.594164709695026
3005012,11.7047860566046
3005013,0.14450549861488976
3005014,0.7598428802299895
3005015,1.1418231082264172
3005016,177.03678691037422
3005017,0.9354326530783145
3005018,46.76480961149315
3005019,-1.5933273930841823
3005020,70.30769603380845
3005021,58.07789336114452
3005022,18.832141764021106
3005023,20.48657401891618
3005024,25.268475012223647
3005025,267.3347883137751
3005026,1.4102871221912574
3005027,-0.9208786377153592
3005028,0.9745800497805248
3005029,1.7479487645690461
3005030,1.3029033065748081
3005031,1.2944831134342893
3005032,0.4660853975802456
3005033,0.9969062989263329
3005034,2.491052787077133
3005035,28.00079182679594
3005036,1.0419116674761244
3005037,45.52286962277114
3005038,12.806537304266094
3005039,0.8478005533268516
3005040,2.008207176540054
3005041,22.66524400684153
3005042,11.719929334394145
3005043,2.0468950578132716
3005044,0.8124434261072384
3005045,3.4954084598373445
3005046,-0.7382663028398384
3005047,-2.3204567896693336
3005048,-1.1262980942606373
3005049,100.4395371515549
3005050,-1.8361038491818906
3005051,51.90788423731581
3005052,-2.2860658389981108
3005053,77.56660369408993
3005054,33.08920541190637
3005055,18.367942638673853
3005056,9.283218368696033
3005057,7.155386290485572
3005058,292.4160171739453
3005059,1.2205787455593713
3005060,-0.7058898870718144
3005061,-1.2586529276187026
3005062,-0.7107467327728113
3005063,-1.3767948662322556
3005064,-1.2477239183129747
3005065,-0.2103275883463243
3005066,-1.4551357654500203
3005067,-0.3994174016818101
3005068,14.229118990648978
3005069,-0.44474215408494955
3005070,53.667286750958894
3005071,24.027095578801323
3005072,-1.2364053218556617
3005073,-0.2576574804002552
3005074,28.13234342840356
3005075,6.779798878179911
3005076,-0.6316261024111258
3005077,-0.7148272829864686
3005078,2.171218551591603
3005079,-0.7113897238566278
3005080,-2.530593357274847
3005081,-1.7784443791487867
3005082,251.15460592515498
3005083,-2.838799954831557
3005084,91.96918107736325
3005085,-4.050619775379818
3005086,108.26282421822842
3005087,83.34065666546499
3005088,35.00340461233151
3005089,33.05891358747038
3005090,25.72610327568902
3005091,456.3532486685713
3005092,0.32549563922314745
3005093,-1.1207757943822503
3005094,-0.15411648904177802
3005095,-1.0231543134816887
3005096,-0.4838367520383394
3005097,1.0906307491140181
3005098,-1.1138138468283865
3005099,1.9427320951581646
3005100,1.3966209001033643
3005101,44.80121336354648
3005102,1.152618651192854
3005103,53.59467603996071
3005104,24.78052953602909
3005105,0.5962941006702681
3005106,0.2912507734743054
3005107,44.102455440389704
3005108,15.089787715565976
3005109,0.09747657061204563
3005110,-0.19938046252188316
3005111,1.6512647372429932
3005112,3.3208067758003743
3005113,3.267409525418843
3005114,2.152218162652498
3005115,169.847671113498
3005116,1.1817916126782801
3005117,79.91233999689204
3005118,1.7666851842395408
3005119,118.71660993788981
3005120,43.613930210463074
3005121,34.30275069677256
3005122,20.749039109665247
3005123,9.0344418353648
3005124,523.1819833434429
3005125,1.027719553795953
3005126,0.4574002069136009
3005127,-0.03473058025849918
3005128,-0.2906284690811184
3005129,-0.6726278010907367
3005130,-0.9826523149032323
3005131,-1.2795953581146637
3005132,1.755323877639105
3005133,1.4144634045576572
3005134,22.242457650430854
3005135,-0.5213989626271245
3005136,31.00922381459489
3005137,29.132624183481905
3005138,0.10092200927790368
3005139,1.724489752357597
3005140,27.725191665430188
3005141,7.274218896780706
3005142,-0.3290071166359371
3005143,-0.42018260368141225
3005144,1.7819425295194493
3005145,-2.7567304669034636
3005146,-4.706787294582973
3005147,-2.3028790974093862
3005148,17.608900157450186
3005149,-4.321746823413924
3005150,4.409946533360999
3005151,-4.888108587418319
3005152,3.971534484142976
3005153,1.7735994250002114
3005154,-0.342800881355215
3005155,-0.8908408866212266
3005156,-2.280939726097035
3005157,-2.560972381730826
3005158,-1.20622222868328
3005159,-3.4660390680577144
3005160,-1.6022586801433023
3005161,-2.056770657599834
3005162,-0.6387769451909366
3005163,-1.981091439212748
3005164,-3.0563051143683584
3005165,-3.356108764654116
3005166,-0.01667143145454919
3005167,7.742073295299608
3005168,-2.050644417796418
3005169,4.786878533488645
3005170,4.899736710758237
3005171,-1.357138106756272
3005172,-2.495539784642922
3005173,3.180031341409351
3005174,1.7600971133843017
3005175,-1.05511878511609
3005176,-0.7414026004701258
3005177,-4.031267059970694
3005178,1.3348456870162044
3005179,4.428311323179223
3005180,-1.1780889226814544
3005181,602.1319425950394
3005182,0.17652556286047916
3005183,153.2241678145352
3005184,2.8393738173338354
3005185,313.85446823858814
3005186,227.62543845345775
3005187,65.34518376168785
3005188,90.73409390583683
3005189,71.12809521876224
3005190,1094.8883748150815
3005191,14.053432254520594
3005192,2.9054370690863287
3005193,4.755823676486616
3005194,1.9906243892909332
3005195,3.171886447356992
3005196,1.787937111020765
3005197,5.357475751474194
3005198,5.119347504986654
3005199,6.028606548972494
3005200,50.90838776586173
3005201,3.041740487157403
3005202,156.54476886353285
3005203,54.074173224541155
3005204,4.214523503727251
3005205,4.441632182036846
3005206,103.02779299841379
3005207,65.11194331525476
3005208,4.594379119574587
3005209,2.6200022969978454
3005210,20.310646771872854
3005211,0.2478048434286756
3005212,0.6537244856431061
3005213,1.1822737139988022
3005214,70.73032916478064
3005215,0.7612202814054763
3005216,25.129600005163375
3005217,-0.21973273972565943
3005218,64.9441625311046
3005219,16.249612281429943
3005220,13.834307582279362
3005221,10.740490233083037
3005222,5.936765977494965
3005223,256.42053266680375
3005224,2.0751312303757663
3005225,-0.578589635323449
3005226,0.35773057941048364
3005227,0.6713988925438684
3005228,0.9384268963706496
3005229,0.5215461054527191
3005230,-0.19348849991395356
3005231,-0.7586636370956763
3005232,1.8588872242751608
3005233,17.28343067629422
3005234,0.08527597548017407
3005235,15.267578040938634
3005236,18.1925835320583
3005237,0.0824750301197423
3005238,0.8031905714498794
3005239,13.801345631225079
3005240,4.214342156878185
3005241,0.7948240904017371
3005242,0.4544711361739541
3005243,0.6808067493699059
3005244,0.8773877005632312
3005245,0.2892665172223133
3005246,-0.54472257044461
3005247,129.73835608572426
3005248,-0.7730065013692728
3005249,64.80825987292435
3005250,-0.07920979058257216
3005251,155.94965799547234
3005252,37.66481992042321
3005253,27.23252876308314
3005254,13.935006258893882
3005255,8.910153556347286
3005256,560.5362037543816
3005257,2.035421973939476
3005258,0.4494332217512351
3005259,-0.5954472331896682
3005260,-1.8982214871334944
3005261,-1.2857914426037018
3005262,-0.8680118475073029
3005263,-0.3371358350705191
3005264,-0.5156031833255179
3005265,0.9218189781527621
3005266,8.573690504213111
3005267,-0.8006322013896783
3005268,39.33124945901166
3005269,33.269939719337046
3005270,-1.3390830390071347
3005271,1.1013880877799536
3005272,14.508769610490555
3005273,8.039027399162835
3005274,-1.7052304623580563
3005275,-0.4309632253382437
3005276,-0.07858762578537379
3005277,-0.3666739799392963
3005278,-0.34560895173308387
3005279,0.762984879374344
3005280,62.92437711206447
3005281,0.034123205812284146
3005282,23.215174752848252
3005283,-0.9776722272257757
3005284,65.73813995385609
3005285,14.090790434761804
3005286,13.312579308395435
3005287,9.42084684738169
3005288,5.877159073147073
3005289,277.34060496671634
3005290,1.6513985654984502
3005291,-0.7561185140881639
3005292,-0.1869298663707082
3005293,0.16838553109591206
3005294,0.5378971842359102
3005295,0.26752439315561105
3005296,-0.7462246121448766
3005297,-0.6762440540782041
3005298,1.5143941842296704
3005299,25.18535866861158
3005300,-0.08724702281834425
3005301,15.709983060608893
3005302,19.825372377771085
3005303,-0.36326275573905836
3005304,-0.8347488544560543
3005305,13.31124830244905
3005306,3.5000511729090724
3005307,0.14636686404547844
3005308,-0.0638773589236439
3005309,0.1363961602770292
3005310,1.38586901329419
3005311,1.7034107192112184
3005312,2.339792446565601
3005313,106.44332570648547
3005314,0.15918288877398834
3005315,43.307291447782966
3005316,0.22846764100453598
3005317,154.2120770792285
3005318,26.60157900623824
3005319,24.69202646655836
3005320,19.247746878257434
3005321,5.469344262757077
3005322,490.47817999079314
3005323,1.6102645590135878
3005324,-0.0012503877517587303
3005325,-0.4186622470731834
3005326,1.0138450257752325
3005327,-0.1900968268408974
3005328,0.4125459135978895
3005329,0.7888607860449999
3005330,1.1090579199681145
3005331,2.006254797057378
3005332,16.545803763605335
3005333,0.47050188076859967
3005334,33.842664492317226
3005335,32.00258154346456
3005336,-0.2410521615828418
3005337,0.7146956193646168
3005338,15.155518698214468
3005339,7.505886249823118
3005340,0.6227363505214146
3005341,0.08037728772066322
3005342,0.8503027411758433
3005343,6.209816448704915
3005344,6.453622467938221
3005345,5.061476005923141
3005346,242.9853872488248
3005347,6.009298417619101
3005348,136.84560006847948
3005349,4.674058004903018
3005350,152.62246505234867
3005351,40.53148981351358
3005352,41.516187735602614
3005353,22.21165956525769
3005354,23.103082097948374
3005355,738.5060295195763
3005356,4.561772024627601
3005357,2.606837624305001
3005358,1.7748276063739765
3005359,0.5550206268984335
3005360,-0.17184546015404295
3005361,0.6498581218889308
3005362,1.851076263467869
3005363,2.5642112284479954
3005364,2.6498716501223973
3005365,20.019613880734063
3005366,0.5023326240315078
3005367,40.04946100923479
3005368,44.68273597664788
3005369,1.8205055636037217
3005370,7.516497259967685
3005371,23.138140302109527
3005372,8.852370842171577
3005373,1.8964349808211705
3005374,1.1558634191754686
3005375,4.257007894864503
3005376,-1.25683644315434
3005377,-2.1804249016070627
3005378,0.1731343099481944
3005379,75.32704441320686
3005380,-0.1460276694965672
3005381,17.04616573678793
3005382,-2.3058990426539823
3005383,62.37437137274326
3005384,10.285227312955467
3005385,9.204289485192616
3005386,7.881566478921281
3005387,10.12112459923667
3005388,282.08415628780625
3005389,0.3210374916110527
3005390,-1.6347699470703514
3005391,-1.5250232448465555
3005392,1.5275208816876753
3005393,0.38357131546515344
3005394,0.3860986040309513
3005395,-0.39676371409656663
3005396,-1.9215929191135306
3005397,0.1714516068473006
3005398,12.7017570829819
3005399,0.09001532375007858
3005400,21.72785455589382
3005401,14.295914313215112
3005402,-1.7807446871224182
3005403,-0.19277694552077612
3005404,8.253755191427583
3005405,2.3297913280687066
3005406,-0.6078024710898478
3005407,-1.0864964855518644
3005408,-0.0007261808049167941
3005409,5.749164193050893
3005410,5.749955491330548
3005411,2.982692955464372
3005412,115.24560806857546
3005413,5.059670419098911
3005414,58.47075370488143
3005415,4.618203831008505
3005416,91.4092813615797
3005417,27.940636216139463
3005418,20.654409628938154
3005419,13.10605947453696
3005420,0.002127521468232807
3005421,437.1673723294334
3005422,2.515660433122532
3005423,0.8910840394078263
3005424,0.9742913527065618
3005425,0.14635936328496657
3005426,-0.9556060305931237
3005427,-0.7006082329406195
3005428,0.6198819661575841
3005429,-0.7197232504353156
3005430,-0.33458014434349703
3005431,13.736129551270343
3005432,-0.017134634385481518
3005433,24.60964054417894
3005434,20.84584256533129
3005435,0.14266289245500277
3005436,1.6435146341520088
3005437,14.55787421387907
3005438,6.326906313409884
3005439,0.8808202855740752
3005440,1.5085766303328205
3005441,1.9663623915040376
3005442,3.4188192154051644
3005443,3.790016774610049
3005444,0.35051271384239957
3005445,160.10855683905095
3005446,-0.2705127997010275
3005447,75.17876340644906
3005448,3.557923409629075
3005449,175.00394531766818
3005450,95.88644639167549
3005451,22.304668260319886
3005452,28.16815182690312
3005453,28.63321181142055
3005454,576.6551329671072
3005455,7.943134512877725
3005456,2.9363872465415195
3005457,2.3830722256235393
3005458,1.2389462678785934
3005459,1.0513193712136786
3005460,0.6210227360472641
3005461,4.647179899476208
3005462,1.0740573080850595
3005463,1.2386582378129174
3005464,22.32220706184794
3005465,1.5604913362113735
3005466,51.44334429377787
3005467,33.11012874933006
3005468,0.6854431774931732
3005469,1.7026290009011362
3005470,21.912930403814347
3005471,22.518298119378187
3005472,2.662075021326666
3005473,1.6806637789687306
3005474,5.544522438601518
3005475,1.012246209572404
3005476,-0.17478744642598032
3005477,-0.6423112614287674
3005478,135.62681693557147
3005479,-1.5573891500602621
3005480,74.69816552437398
3005481,1.3736577486831083
3005482,164.7971196966085
3005483,86.03120859697134
3005484,28.63022846386637
3005485,23.151865266163295
3005486,27.45243700392663
3005487,594.8502864587593
3005488,4.6240981485983434
3005489,0.9878102493589836
3005490,1.1982306157568314
3005491,-1.4553568209543732
3005492,-0.2554929277384576
3005493,-0.030144269091731513
3005494,1.0934231961581395
3005495,0.46828766915877396
3005496,1.4646180504286825
3005497,18.200792147234672
3005498,0.09800355634313068
3005499,36.106438676906066
3005500,35.89663505515756
3005501,0.5415657131643752
3005502,-0.681346106233766
3005503,17.924900347134635
3005504,19.448676791272078
3005505,0.4599406975532407
3005506,0.2440847978242459
3005507,2.744682804277793
3005508,-0.8331457363036316
3005509,-3.2694972854191295
3005510,-3.0953303256304205
3005511,152.70486972101156
3005512,-4.144245175880714
3005513,114.82539753640762
3005514,-2.6441683859969634
3005515,176.7030946904688
3005516,31.791034829230266
3005517,23.321680373356358
3005518,19.86318140817173
3005519,-1.8311614223072672
3005520,556.2579258287577
3005521,2.372758188566506
3005522,-1.5572405137513556
3005523,-1.4521205933095984
3005524,-2.70800415790877
3005525,-1.8143870693738497
3005526,-1.3152507221552219
3005527,-2.0687352986373004
3005528,-0.2772790058428359
3005529,0.011333911819813247
3005530,11.880391446745701
3005531,-1.5141167436687533
3005532,23.747928243402086
3005533,38.07207950686035
3005534,-1.981213145009358
3005535,-0.11973143641160955
3005536,13.847706766669537
3005537,8.672444804129075
3005538,-2.562010544377488
3005539,-1.5422600958183534
3005540,-0.49364137296481886
3005541,-0.7233790284997668
3005542,-4.193679305157566
3005543,-2.5447087785953406
3005544,178.34475256942358
3005545,-2.215943794995983
3005546,55.32733587950632
3005547,-2.9018270856139137
3005548,140.69705481820986
3005549,89.86391417603954
3005550,30.90696298405488
3005551,28.171148288655424
3005552,27.70221034719325
3005553,477.941398813677
3005554,4.064499794914009
3005555,-0.8774995665709138
3005556,-0.745584406278067
3005557,-0.9838351049164702
3005558,-1.0308951760310083
3005559,-0.7730332410239135
3005560,0.13927334702726513
3005561,-0.209960041421291
3005562,1.0602515029615098
3005563,24.464046700257057
3005564,-1.3268189504742258
3005565,89.34328186281712
3005566,28.246690970319612
3005567,-1.0379244514441235
3005568,-1.9272028943523765
3005569,51.353719481931904
3005570,22.533551942724007
3005571,0.8604759078423376
3005572,-0.008803932731971137
3005573,5.166561858977075
3005574,0.7567267852273415
3005575,1.3766755901522028
3005576,2.301753095335129
3005577,103.54818419099398
3005578,0.9699887736927245
3005579,47.99083103984737
3005580,0.8888393765576621
3005581,142.73582483595754
3005582,25.833622121528457
3005583,24.003332745076527
3005584,17.28824087789476
3005585,8.656847327174546
3005586,528.9265977281243
3005587,1.7824586976240901
3005588,-0.6923863587668597
3005589,-0.46353572919298475
3005590,-1.1488479793875683
3005591,-0.38893813925832327
3005592,-0.4663913886028308
3005593,-1.796234174333265
3005594,-0.032193654370124704
3005595,1.5770715968210844
3005596,11.65046868285132
3005597,-0.827038545466246
3005598,17.70317637146715
3005599,28.08875822848488
3005600,-0.251108624044058
3005601,-0.906471162687916
3005602,12.266267009251854
3005603,6.774178953050024
3005604,-0.47728871669645173
3005605,-0.16339046003452834
3005606,-0.24834825253149914
3005607,0.4945955676020583
3005608,0.037076222281733615
3005609,1.1726241865285316
3005610,97.85136596568015
3005611,0.22254964119810572
3005612,43.089294365844374
3005613,-0.3129215200372709
3005614,98.76484098424386
3005615,46.47855359938701
3005616,22.339213804245134
3005617,14.51888028497427
3005618,16.85497859331714
3005619,362.4714059263763
3005620,2.487320775750261
3005621,-0.36691919942448975
3005622,-0.11770107651379817
3005623,-0.35525514125837954
3005624,0.6697576950958251
3005625,0.3693207029281917
3005626,-0.300647869999782
3005627,0.18267598279716024
3005628,2.2172501718887783
3005629,14.26721284139942
3005630,0.40727603226633846
3005631,26.797182937705177
3005632,23.12918407650905
3005633,0.6815713930028926
3005634,-0.06908678406663399
3005635,14.40903029301767
3005636,9.688674961350655
3005637,0.8276294150430169
3005638,0.1910880776297256
3005639,1.6377755200564628
3005640,-1.8705485841034533
3005641,-4.2354383426400455
3005642,-0.5542590082866807
3005643,1.6560213911989559
3005644,-0.5117304500035971
3005645,0.7334176951432161
3005646,-4.5773539022159095
3005647,-4.005218510017221
3005648,4.627926519846879
3005649,-2.280817002305266
3005650,-0.4900897997259017
3005651,0.7132865789811331
3005652,-18.340675719172722
3005653,0.529578693319338
3005654,-2.1862909065193232
3005655,-0.8523605597647179
3005656,0.08837909435325175
3005657,0.4519623832649745
3005658,0.07661742895851827
3005659,-2.5841113750289946
3005660,-2.988484624419332
3005661,0.1978610900216086
3005662,4.772001816627373
3005663,-0.5985804417219038
3005664,5.471232207945243
3005665,2.35605917684082
3005666,-0.6548819676947892
3005667,-2.452998800109424
3005668,3.2279048782288307
3005669,2.1108038243567284
3005670,0.3431693485327492
3005671,-0.16584786422347633
3005672,-0.772162892669046
3005673,2.4668517743761913
3005674,2.850375913732787
3005675,1.3995221052300622
3005676,335.35515448705956
3005677,1.4620719455266227
3005678,44.32748836164108
3005679,0.2226998436914437
3005680,139.80619797893343
3005681,18.5677993625604
3005682,22.974399879158298
3005683,13.429958277299374
3005684,7.339826938884822
3005685,492.46014294833486
3005686,3.0487564847966793
3005687,0.8411268407372269
3005688,2.5543478937222175
3005689,0.6763630384839348
3005690,0.6015921800859291
3005691,-0.8466787146330603
3005692,0.8849467120362101
3005693,0.7613636093637911
3005694,1.3577717453220908
3005695,21.794183797625656
3005696,-0.6679707772091638
3005697,29.502245503037805
3005698,25.64771042838841
3005699,1.2890030203184075
3005700,3.2549267249710763
3005701,19.51713695902344
3005702,8.085761088459616
3005703,2.2414760231162587
3005704,1.2980204274545326
3005705,2.6317823734096173
3005706,4.69378982526443
3005707,0.45723776787464887
3005708,-3.391213572110646
3005709,707.0936747023327
3005710,0.9195031674988058
3005711,176.86026778368665
3005712,-4.3844630766511905
3005713,378.64017344528486
3005714,299.1698920642767
3005715,93.03513779287998
3005716,109.38346925527206
3005717,95.7610990746761
3005718,1274.5704609494323
3005719,14.602848685667958
3005720,0.9257200125891178
3005721,6.595309463227422
3005722,2.4629895266501993
3005723,2.3928849712737428
3005724,2.306685063452023
3005725,4.475225608373912
3005726,2.842169037047097
3005727,4.305102561123348
3005728,74.46884129162369
3005729,3.585648094868957
3005730,232.96828708790636
3005731,69.95899180916935
3005732,0.3688571920094183
3005733,3.7310128342336615
3005734,119.65099778364976
3005735,82.5324612194359
3005736,6.656851710208393
3005737,2.4256044187819863
3005738,22.87408123399608
3005739,2.525753919273739
3005740,4.513012648207114
3005741,0.5634878523460792
3005742,489.6245742394662
3005743,4.48678009180283
3005744,133.28053706329933
3005745,0.48639887093671863
3005746,328.29175404769285
3005747,199.48683407600478
3005748,85.16592508630296
3005749,72.32583061209654
3005750,77.84802536472765
3005751,1243.2649931457065
3005752,13.931082671066797
3005753,2.1330393441177513
3005754,3.9780978842064725
3005755,4.675891866130623
3005756,2.4674494610154944
3005757,2.2049939570959394
3005758,5.765810754149606
3005759,2.4700689070125006
3005760,3.7137726787295837
3005761,48.014928484818014
3005762,1.9660323795544539
3005763,234.79082447957123
3005764,65.78484551301186
3005765,1.8194635071247103
3005766,3.759011675273614
3005767,120.01796234520955
3005768,54.43838361062906
3005769,6.551579738889522
3005770,2.717888043984822
3005771,18.9341323364522
3005772,-3.31552931124239
3005773,-7.106057387135188
3005774,-0.349758818876071
3005775,332.529526460963
3005776,-5.1380232747770425
3005777,85.35025551750536
3005778,-7.251691793052996
3005779,302.9482409776547
3005780,137.35049350867487
3005781,101.61007264460605
3005782,31.07660534217146
3005783,50.55976411656651
3005784,1040.5316884739345
3005785,5.911366566975158
3005786,-1.048289227498135
3005787,0.39910862306551287
3005788,-0.6938925775518147
3005789,0.17928687481733505
3005790,0.563182152706795
3005791,0.8446268385097573
3005792,-0.02015580602233969
3005793,3.2946034687184143
3005794,32.68247186741625
3005795,0.9067698343549999
3005796,267.9513843376935
3005797,78.03180948184138
3005798,-2.627718232802181
3005799,-2.050363815324563
3005800,131.10554401430596
3005801,33.01844248196834
3005802,1.359694705987895
3005803,-0.8847039791339557
3005804,8.570647086607387
3005805,2.399750134986716
3005806,1.5117814922263277
3005807,1.1202081037952303
3005808,437.3604489377368
3005809,-1.5181898940399332
3005810,127.45052834458511
3005811,-2.818074756949027
3005812,305.52914374622725
3005813,175.10891455924929
3005814,90.14279808589424
3005815,53.81935733455706
3005816,57.25288384787447
3005817,1092.776312243242
3005818,7.494525963596207
3005819,-1.7260968824082739
3005820,3.3324062866904933
3005821,0.7746440472297399
3005822,1.2550259100238326
3005823,0.4455693285188317
3005824,0.30263572555461
3005825,0.29231817810959904
3005826,2.5603816694862327
3005827,36.568257290225084
3005828,0.25670124079719225
3005829,192.3709330457578
3005830,71.25297025247218
3005831,0.20260055878530703
3005832,2.227113666360783
3005833,121.59370898521973
3005834,44.15572339536938
3005835,3.188977806669973
3005836,1.442607416939245
3005837,11.7497384702208
3005838,-1.86641158391878
3005839,-7.513534062173239
3005840,0.15150895495280564
3005841,241.31009474409194
3005842,-5.319067147609421
3005843,87.6461916539196
3005844,-8.62740248049271
3005845,251.39343549944275
3005846,106.59740243615761
3005847,81.36087048027133
3005848,20.710172160544683
3005849,32.33447090518079
3005850,853.9393570752184
3005851,5.63663939165297
3005852,-1.6470912288251203
3005853,-0.7704531818659233
3005854,-2.091991520765223
3005855,-0.6886295171789243
3005856,-0.27362772979242433
3005857,-1.2459348458751265
3005858,-1.7959633612988908
3005859,2.1353075145752523
3005860,28.71124112527592
3005861,-0.01936256072476672
3005862,207.54688345726265
3005863,68.39478637881552
3005864,-2.4820126674427954
3005865,-1.4357232438789287
3005866,109.44414390123336
3005867,26.701194712466062
3005868,0.008862594770580379
3005869,-1.1550181950076148
3005870,5.058015229685152
3005871,1.8360965916327041
3005872,2.6293555786714204
3005873,1.566673563042932
3005874,346.02297578011206
3005875,3.0929046670934257
3005876,88.10491914025864
3005877,-1.716799610152484
3005878,170.73188101399344
3005879,144.77445106464614
3005880,45.800319452476906
3005881,50.87317080941436
3005882,50.878957588455236
3005883,640.3510367882017
3005884,9.964359353255531
3005885,0.6506654775380231
3005886,3.3491348231056692
3005887,1.850600963275865
3005888,1.5166210799386317
3005889,1.3045490047110797
3005890,1.1630532764431336
3005891,0.827094632184635
3005892,2.731054719985259
3005893,37.664901622094945
3005894,-0.029504436841889414
3005895,123.63317533177346
3005896,33.64822833391332
3005897,1.6118835674709044
3005898,4.660503747439034
3005899,56.742531593739
3005900,42.76702643405278
3005901,4.694624928038793
3005902,3.577359755621692
3005903,12.767388446767473
3005904,-0.16314304647879915
3005905,-1.0910150194603192
3005906,0.5431101515020782
3005907,141.07633693304018
3005908,-1.9331959770558753
3005909,63.03832021706006
3005910,-2.0514341327315195
3005911,176.41916611164504
3005912,64.92782563958448
3005913,37.64550309695562
3005914,25.65962606372228
3005915,25.52662591580149
3005916,533.6171079476971
3005917,1.939196060471877
3005918,-0.7027828434934054
3005919,0.18806619149501785
3005920,-1.0384854688540144
3005921,-0.27428024938741147
3005922,1.2543553817065185
3005923,-1.7192987595404703
3005924,0.49685928689876163
3005925,4.670567942816232
3005926,18.989367679371025
3005927,-0.23282100671149242
3005928,67.30033719335395
3005929,36.27483241272341
3005930,0.09642270356634983
3005931,-1.1462504413755958
3005932,34.2187540062351
3005933,19.56492711454397
3005934,1.1883641673545209
3005935,-0.9476733705405058
3005936,2.3002306688592946
3005937,0.9345162036336296
3005938,-2.305824352745385
3005939,-0.011329944295775884
3005940,234.98139680036564
3005941,-1.0782260138197124
3005942,75.04987065743387
3005943,0.14086451040764586
3005944,243.2160080946622
3005945,95.18913472717746
3005946,61.93929580660162
3005947,19.189520581565613
3005948,26.18895299260388
3005949,879.1192852331147
3005950,7.211298484299059
3005951,-0.3364446415970269
3005952,0.831351768298282
3005953,-1.6796306563810321
3005954,-0.32815568768948655
3005955,-1.3381470875759078
3005956,-0.4731164604265723
3005957,-0.22157342968803276
3005958,1.807875348941925
3005959,22.819208065954697
3005960,-0.638518998082418
3005961,132.45706974730814
3005962,53.349192941835895
3005963,-0.9731494904635838
3005964,-1.04227027183877
3005965,53.66865109614086
3005966,24.30610192134274
3005967,1.2259738925440251
3005968,-0.9203879185518964
3005969,3.9583031862122517
3005970,5.131197823069706
3005971,9.888911242256473
3005972,3.2963496630794906
3005973,505.0114888555979
3005974,7.848549750198618
3005975,144.77553392506428
3005976,4.444266967513721
3005977,249.35016904836522
3005978,188.12487342773503
3005979,56.663578019520536
3005980,68.89347610317756
3005981,67.67952465257193
3005982,867.5165506481493
3005983,6.700877771668493
3005984,1.0204953655231657
3005985,4.605025503900288
3005986,6.518672664241022
3005987,2.466594515660436
3005988,3.2734789651085885
3005989,7.484508187521424
3005990,2.7412332501567285
3005991,2.549904895670661
3005992,43.50371907413802
3005993,3.933235420886267
3005994,150.60811367864142
3005995,40.74339605507699
3005996,2.0449014577566778
3005997,6.4624426731396305
3005998,83.61985857505036
3005999,37.28225061047725
3006000,7.210060142885231
3006001,3.547617043932733
3006002,18.300090287540552
3006003,2.2541166507560355
3006004,-0.7941016171254944
3006005,2.2637697425740715
3006006,-4.023524945789619
3006007,3.9015268594263706
3006008,-0.5699095157391332
3006009,-0.3022075067235528
3006010,-2.9888568010242853
3006011,6.24154270578454
3006012,-2.0114601238216583
3006013,-0.6557531428198182
3006014,3.637326009585231
3006015,6.922952564261795
3006016,2.9237958796299246
3006017,-0.38709882005756296
3006018,-0.9676335677820374
3006019,1.242276347283545
3006020,1.1626367138715614
3006021,-0.4479178507643337
3006022,-0.1647847591649406
3006023,-1.3136278548808933
3006024,0.7290093707182075
3006025,5.2898701706181
3006026,-0.48164096497608627
3006027,10.556849354188472
3006028,-2.110859866161469
3006029,-0.7735020055224107
3006030,0.9416772559891193
3006031,1.2359362116699413
3006032,4.477470719161211
3006033,3.8443054103830345
3006034,0.47303522138915804
3006035,1.0993926907594267
3006036,0.8847913979446038
3006037,1.7795508085684137
3006038,1.3905552124938856
3006039,5.729029462268184
3006040,1.5796898520327103
3006041,-2.3096995887069043
3006042,-0.18516125697840835
3006043,-0.768048176074899
3006044,-3.4423457713915013
3006045,-0.914069169949895
3006046,-1.1490009226090172
3006047,-0.5405046983109789
3006048,0.7257603293863937
3006049,1.245081429111251
3006050,0.5141088858208787
3006051,-0.18488259849131852
3006052,1.9684932252313172
3006053,0.688874670455716
3006054,0.2618386763105627
3006055,0.6627138964737243
3006056,-0.9832933428797934
3006057,0.2125702698182556
3006058,2.2342413416933904
3006059,0.052484095545787576
3006060,-0.005990356045895262
3006061,-1.6111052139656623
3006062,-0.5610816070380917
3006063,0.402536662764827
3006064,-1.507745295939967
3006065,0.3303175570035092
3006066,1.1991909943798362
3006067,0.49144563633185845
3006068,0.6675083172161738
3006069,0.1105466221256029
3006070,0.4631204618143783
3006071,0.1488844201903521
3006072,86.05351756976566
3006073,-0.6620514869338694
3006074,30.597489128085346
3006075,1.9575594217429717
3006076,130.29474570257958
3006077,6.835402027607325
3006078,16.87323246808941
3006079,7.472127226175052
3006080,2.4872517830639844
3006081,369.94844281680594
3006082,2.5059352585067725
3006083,0.4485769139663285
3006084,0.4491358434822655
3006085,-0.5393634571607867
3006086,-0.013423711646416897
3006087,-0.5346715862090673
3006088,-0.4511834784837697
3006089,-0.2744388932273136
3006090,1.4479239013757548
3006091,8.94875926065771
3006092,-0.09823419629878802
3006093,5.319372987984837
3006094,20.424575884707185
3006095,-0.25109018799649446
3006096,0.07484276293628908
3006097,5.753360348107555
3006098,7.307840877508527
3006099,-0.282714770692844
3006100,0.3159328322976148
3006101,-0.002207027234587683
3006102,1.117257535358076
3006103,-0.359186084029252
3006104,0.17339921100126962
3006105,230.4061183678711
3006106,0.402329892685666
3006107,65.38268281307701
3006108,0.723537050895684
3006109,179.37588061026253
3006110,94.34123267404168
3006111,41.20526939304185
3006112,33.78992557038644
3006113,34.184624053074
3006114,623.2652725246923
3006115,6.247985027442773
3006116,1.4308969788302783
3006117,1.2913599391533355
3006118,0.49736985777460174
3006119,0.374788135280287
3006120,1.2788609102319244
3006121,1.9365967699344309
3006122,0.9929229794352432
3006123,1.8678988418005247
3006124,27.622812798555714
3006125,1.0712289141890141
3006126,100.18719441537876
3006127,32.13462487402197
3006128,1.0291562418159448
3006129,0.4613067788895115
3006130,67.05763359442689
3006131,24.196595553462828
3006132,2.686933967506584
3006133,1.3448893093405057
3006134,6.685606296828146
3006135,-0.6492327516953811
3006136,1.942492594209616
3006137,-3.144970270440208
3006138,314.8872620149763
3006139,0.6126891858491581
3006140,86.95462769000751
3006141,-4.419295333957125
3006142,170.9026150998204
3006143,140.14369843902517
3006144,33.688517870999824
3006145,49.97733852271736
3006146,41.20491554836895
3006147,544.2559493115622
3006148,6.612919061913853
3006149,0.9421409311900789
3006150,1.6843401104840452
3006151,2.839737371808915
3006152,0.9670993920442197
3006153,2.0044095029312667
3006154,4.055758348316521
3006155,0.7380348152980148
3006156,2.4578410943156994
3006157,38.54302659616023
3006158,2.7629861261797846
3006159,126.17364983634357
3006160,31.19361764565503
3006161,-0.24006213669330473
3006162,1.6254414692097636
3006163,54.46809923948196
3006164,33.024036728363136
3006165,3.8880889911593113
3006166,0.04968461890894099
3006167,11.26226248922656
3006168,1.8846786987014639
3006169,4.9611536196668755
3006170,-0.22191589688514798
3006171,342.3163776526691
3006172,1.4741181174908706
3006173,95.29109330252282
3006174,-2.7144945916881262
3006175,200.7702131793082
3006176,157.61938736774798
3006177,43.08665889065731
3006178,56.02230805904579
3006179,37.87027444753541
3006180,655.4002847771144
3006181,7.119946209598821
3006182,1.2880121342820348
3006183,2.7828981021968864
3006184,2.1463210912354773
3006185,1.7376382691349135
3006186,2.735642014138757
3006187,3.5183234549235936
3006188,1.8603952061847666
3006189,4.221518331017141
3006190,37.5248769161107
3006191,3.4316866512799242
3006192,123.32078055288093
3006193,38.24935115175161
3006194,1.0438818321203507
3006195,1.5140371806836266
3006196,56.16692728601804
3006197,37.978046973801355
3006198,3.0779977892523673
3006199,0.9217827655431392
3006200,11.527737372213887
3006201,0.8273503815100777
3006202,-2.504446793820498
3006203,-0.5259958091860608
3006204,217.40612660840753
3006205,-2.924568193848645
3006206,86.04924344873936
3006207,0.04268547465751915
3006208,239.93882808659723
3006209,52.08148351220534
3006210,67.48439277470716
3006211,23.75577119124755
3006212,8.326120059613094
3006213,798.851990834265
3006214,1.05689009175665
3006215,0.001228842601449287
3006216,-0.21196030784776665
3006217,-3.6255538956478266
3006218,-2.2780871730495345
3006219,1.52296336374995
3006220,-2.1203292523199706
3006221,1.3871335905639355
3006222,2.0279100479816043
3006223,14.324024324487182
3006224,-0.866290569140765
3006225,69.47110326773537
3006226,50.05352573862521
3006227,-0.42646308065261107
3006228,-3.928740147562348
3006229,62.838533820138146
3006230,12.163121516101237
3006231,-1.1277099976845784
3006232,-1.7862365822559514
3006233,0.6243876690054094
3006234,-3.682014596608642
3006235,-6.1532671892525155
3006236,-2.0008204017144453
3006237,172.66115544520363
3006238,-5.159856751373446
3006239,49.06954352830566
3006240,-4.487769780167
3006241,103.42444149216405
3006242,84.37828043997753
3006243,25.6091579233596
3006244,28.051928660916015
3006245,26.782882572748278
3006246,343.81025061298726
3006247,2.126618109322153
3006248,-2.859173883037947
3006249,-1.97401786647024
3006250,-2.406123718931267
3006251,-0.958126958992507
3006252,-0.9223436500243406
3006253,-3.4682053967889077
3006254,-0.17705639676503782
3006255,0.8212732745180256
3006256,26.8717614457817
3006257,-2.1984563243320006
3006258,61.229359351604145
3006259,21.07568401893317
3006260,-1.6763296865588928
3006261,-3.7832375342347997
3006262,33.39352834527577
3006263,15.553466548422147
3006264,0.6792094990781334
3006265,-0.9312526754797728
3006266,1.1201295085682794
3006267,-4.844677982108842
3006268,-7.755322598577409
3006269,-3.392455219773474
3006270,140.18022019090822
3006271,-5.848780901224964
3006272,24.774992693744352
3006273,-5.126499236387754
3006274,167.2873038428808
3006275,26.19621274533187
3006276,42.21224771873589
3006277,5.695990163150559
3006278,8.152763162380506
3006279,497.8690919142954
3006280,1.1115848934829047
3006281,-1.4931460324203363
3006282,-3.443370806113708
3006283,-3.211442844736594
3006284,-1.4993461861386097
3006285,-1.897012065780291
3006286,-3.1909532602067343
3006287,-1.0081520845458
3006288,-0.5840364982703977
3006289,12.332815653085671
3006290,-2.100760218873038
3006291,44.020880516570614
3006292,34.62720207273138
3006293,-2.2207879651640177
3006294,-2.972344629243203
3006295,31.85125472220483
3006296,6.126662035065637
3006297,-2.134479225710056
3006298,-1.3493193176277054
3006299,-0.2113131999486358
3006300,-3.5100422578202775
3006301,-3.281251388539936
3006302,-3.526382559778831
3006303,544.1120191203265
3006304,-5.370373559985564
3006305,112.92850376636491
3006306,-6.259898172101494
3006307,352.55553833978075
3006308,42.93011675948718
3006309,58.78271531813439
3006310,17.731377994602912
3006311,13.796721537105114
3006312,1123.3153523898998
3006313,0.6857865578830387
3006314,-2.2392251729555213
3006315,-1.8764138184322654
3006316,-3.2973592064979678
3006317,-1.853514534065835
3006318,-0.6503274596555638
3006319,-1.2695359615164126
3006320,-0.6126066171371712
3006321,1.0802540501129987
3006322,12.464825037167394
3006323,-0.641650219749463
3006324,118.258833191587
3006325,60.72484735170194
3006326,-1.4805245601294155
3006327,-0.991186355979812
3006328,76.23083299944837
3006329,7.455607647856304
3006330,-2.6672390317464303
3006331,-3.863581567852016
3006332,1.3865042851815452
3006333,0.08971319959193352
3006334,0.0210240370751808
3006335,-0.29104589015863896
3006336,184.5774776479658
3006337,-1.2746581571565183
3006338,42.14834971290133
3006339,-0.8661625727126374
3006340,164.93162845778656
3006341,27.01875323524029
3006342,31.131378517079284
3006343,10.42244445314383
3006344,-0.13762195414441525
3006345,527.0319576118487
3006346,2.0638375628814725
3006347,0.4710946520057587
3006348,-0.507308793307875
3006349,0.0452358266657939
3006350,-0.4585680204669006
3006351,-0.6780316120721728
3006352,0.318973218954834
3006353,-0.6838093777244103
3006354,1.2469822089507399
3006355,11.262340390292977
3006356,-0.9982402910327983
3006357,30.061339642807344
3006358,29.493817614998243
3006359,-0.8010517605471068
3006360,0.4415800366229222
3006361,15.715145891379343
3006362,3.278575425922554
3006363,0.21779130387063572
3006364,-0.4330058890616601
3006365,0.9010756165454769
3006366,-0.0724058925955614
3006367,0.1671988249535889
3006368,-0.4547459091080964
3006369,184.2583298413692
3006370,-1.116230089699238
3006371,40.34882509673938
3006372,-1.2523211131623246
3006373,164.6943354730992
3006374,26.236914746294204
3006375,29.645740593609517
3006376,9.938033178074253
3006377,3.452053246492433
3006378,561.138287221265
3006379,2.224883141762057
3006380,0.3254463247972854
3006381,-0.4239107914345914
3006382,0.1966777935716346
3006383,-0.37863302111609304
3006384,-0.8007935052322318
3006385,0.6336201603118935
3006386,-0.7883369235239115
3006387,1.03750378835417
3006388,10.656615206233273
3006389,-0.8534297049448105
3006390,31.0788757909004
3006391,30.713260065993797
3006392,-0.5585078985670225
3006393,0.9492567095205733
3006394,16.527045784149212
3006395,3.4847161412155585
3006396,0.7378042824746991
3006397,-0.15282603214907794
3006398,1.218338490824299
3006399,1.0859830180712744
3006400,2.152703625823192
3006401,-0.12019052858595386
3006402,133.0363895749497
3006403,1.560357309156534
3006404,42.607037503521276
3006405,2.120539019237913
3006406,248.44380669598584
3006407,29.097831143931835
3006408,29.637578192725705
3006409,14.225704457380411
3006410,9.631234324460747
3006411,672.3805348287324
3006412,4.783034326081973
3006413,2.040348778216969
3006414,1.6497947158136164
3006415,2.4011640055632895
3006416,0.18589855273122569
3006417,1.0752599829365068
3006418,4.030801451233959
3006419,1.8251664069177358
3006420,2.482899213878038
3006421,13.860024969637953
3006422,1.1044978110576198
3006423,78.96285163895878
3006424,50.35772656223244
3006425,-0.8258329106409723
3006426,0.4758339953377322
3006427,19.035119304548164
3006428,8.826803657644335
3006429,2.5732327425762858
3006430,0.5132874272386766
3006431,4.189018566361148
3006432,-0.019185712396720192
3006433,0.05046926916991196
3006434,0.2414166186964576
3006435,182.7753181736981
3006436,-1.5124141404031253
3006437,35.53486462137043
3006438,-0.3787542463190039
3006439,177.63469791783166
3006440,27.54884502888657
3006441,39.68985763032833
3006442,9.641416525279196
3006443,2.8800835275204237
3006444,609.6524318704995
3006445,3.288270990774199
3006446,0.7648383469877262
3006447,0.005000297099340974
3006448,0.045384938291881505
3006449,0.15308814453384914
3006450,-0.8594958562672582
3006451,0.25834770781852057
3006452,0.008781407748592762
3006453,2.106231306636273
3006454,11.20248383818851
3006455,-1.1302095769460174
3006456,25.826569437585626
3006457,33.40385381167956
3006458,-0.5319978793831797
3006459,-0.04435137104459955
3006460,13.854083815271279
3006461,3.6954819126981784
3006462,0.3576320430443775
3006463,-0.9013286359408631
3006464,0.38186271012751605
3006465,2.586062820793595
3006466,4.3546366943772545
3006467,3.843740340869263
3006468,134.82801647753294
3006469,3.195881898103835
3006470,49.76523232257118
3006471,3.0757330426725096
3006472,206.12393736580037
3006473,26.275305182230078
3006474,43.49263638498306
3006475,24.248082522338443
3006476,10.066155458734087
3006477,625.7227672448281
3006478,4.274607702599351
3006479,0.19089125342070468
3006480,0.9662293121157927
3006481,0.1380695326124987
3006482,0.8314804474665652
3006483,-0.5003650333236146
3006484,0.1429216694700153
3006485,1.7796327773863596
3006486,3.639748640001817
3006487,16.21382217800459
3006488,-0.6406979976293224
3006489,24.000280611639973
3006490,39.87069494710442
3006491,1.0788471529839079
3006492,0.8760616559542858
3006493,20.338467610441732
3006494,8.351681885226025
3006495,2.308457591543884
3006496,-0.2649066241739274
3006497,2.279703307200471
3006498,-2.528685667294776
3006499,-0.17756557728651845
3006500,0.45028406025776346
3006501,252.4905379998167
3006502,-1.7374428649799665
3006503,45.062488397009076
3006504,-2.645249509271962
3006505,190.21424120721656
3006506,51.30360045845853
3006507,52.01066464988689
3006508,23.598204226315133
3006509,13.728951003694625
3006510,645.4591667257874
3006511,4.107693717067414
3006512,-1.238044145050226
3006513,1.4292064315790414
3006514,-1.6083886042624362
3006515,1.118990259654056
3006516,-1.7919689200524591
3006517,-1.4271250626207619
3006518,-0.8232966467944062
3006519,2.4505650754046293
3006520,16.465307131335685
3006521,-2.430631535672292
3006522,49.30512656131337
3006523,34.340516318197984
3006524,-0.6120908351709295
3006525,-0.28972876983887996
3006526,46.875316928324835
3006527,11.344392567287686
3006528,0.5149696220757687
3006529,-0.093020618927003
3006530,1.2435550642352609
3006531,0.40744242460645197
3006532,-2.9032996847698493
3006533,-0.8818169649014816
3006534,200.94545627491655
3006535,-1.4608514963856942
3006536,129.56018964138002
3006537,-2.945990451159414
3006538,126.06969318075008
3006539,51.669984316275404
3006540,36.559843537939415
3006541,25.040499275247235
3006542,7.035298328551893
3006543,468.59902495446033
3006544,1.7680725288291432
3006545,-0.798084294514738
3006546,-1.229543079914074
3006547,-1.5068376711559903
3006548,-0.4326016996151157
3006549,-0.6256714933475087
3006550,-3.0165514781437013
3006551,0.5344675641884169
3006552,0.1921848618754302
3006553,18.63137811065426
3006554,-1.7691607533536808
3006555,19.020532731092352
3006556,28.207028341751172
3006557,-0.7419154431637435
3006558,-2.1589325110072286
3006559,28.053112907997747
3006560,7.835458258905492
3006561,-1.5445654255297268
3006562,-0.5385029189181659
3006563,1.4771476004513897
3006564,2.3111669095690015
3006565,4.989966950213052
3006566,3.602788327585804
3006567,258.0976788286272
3006568,3.022867302724044
3006569,41.65591285325405
3006570,0.8061977482560906
3006571,206.30735510008088
3006572,25.654170666225838
3006573,38.10901420284295
3006574,13.805807206730092
3006575,7.102455329869554
3006576,661.6402611350242
3006577,4.489692505808234
3006578,1.2902137865959957
3006579,1.7003129302285744
3006580,2.6093003790610236
3006581,1.5849123096841866
3006582,0.19444568682665705
3006583,2.593224383885099
3006584,0.7879567427321308
3006585,2.9607889002849332
3006586,12.337239282096235
3006587,0.45502096028561934
3006588,39.56192606367316
3006589,34.77082786476305
3006590,0.5299758949945317
3006591,3.888893848841285
3006592,15.776754937966398
3006593,5.955811359636755
3006594,2.664377181590353
3006595,0.7864198862307603
3006596,3.67727290471812
3006597,1.1913552792265545
3006598,-0.7021163914016552
3006599,0.4923804297677998
3006600,301.6602628914757
3006601,0.1305488201620758
3006602,70.23266319289164
3006603,-2.1771486094659482
3006604,186.80895714897048
3006605,109.52733429000568
3006606,42.813175125187264
3006607,37.73870227722232
3006608,36.135212596308484
3006609,680.839204337351
3006610,5.923238912139423
3006611,0.5734010673479497
3006612,1.591139582796968
3006613,0.727002712319736
3006614,-0.2565864011849771
3006615,0.1483627205716766
3006616,2.1313817728019058
3006617,1.6215137673199205
3006618,2.0341269230713808
3006619,31.093585697353664
3006620,-1.2411178473899054
3006621,95.7652704892739
3006622,41.707048758301895
3006623,0.6280240748087089
3006624,-0.12469956848006858
3006625,64.61579818535647
3006626,25.098783586841673
3006627,3.4169250227543673
3006628,1.0728536846111092
3006629,7.9896105749251
3006630,-6.360270391993072
3006631,-14.286116670698652
3006632,-6.362388362644669
3006633,17.58983487184745
3006634,-8.781046380061563
3006635,2.4595148490099024
3006636,-10.224217502852516
3006637,-6.615175997390143
3006638,12.00719076706304
3006639,1.577637332766426
3006640,-4.401133573277953
3006641,0.8954889709266945
3006642,-14.066381806722639
3006643,-2.6729606586044974
3006644,-5.080605120531436
3006645,-4.033206130460094
3006646,-3.444678390279187
3006647,-1.5751183751018107
3006648,-4.250367706303404
3006649,-6.3577244817305845
3006650,-5.132787059889488
3006651,-0.8465865611442133
3006652,7.014753215659803
3006653,-3.8199923367239896
3006654,3.528937085239268
3006655,5.88377411166719
3006656,-2.661458439988928
3006657,-6.46288225955032
3006658,8.422567527014435
3006659,4.442604792150306
3006660,-3.3492821312315932
3006661,-2.5110383571452255
3006662,-3.1179828017694313
3006663,0.8531011381393545
3006664,-3.8762586361965488
3006665,-0.26111383405335803
3006666,4.059391271289533
3006667,-1.0218190257460444
3006668,4.000334560961892
3006669,-1.3467722451357622
3006670,9.201605580880459
3006671,-0.6966656524073551
3006672,2.649961058769586
3006673,1.4036968767744429
3006674,-0.9312251993297603
3006675,14.7694414678622
3006676,-0.6099496262564935
3006677,-1.6664462662915684
3006678,-1.3108552675907412
3006679,0.9644088783260303
3006680,0.843491625400202
3006681,-1.1813817868429395
3006682,-1.9437562664233339
3006683,-2.0509893277168523
3006684,1.302958845572939
3006685,4.562709435510624
3006686,-0.26140485783147593
3006687,-3.717898995140167
3006688,4.905997399618609
3006689,-0.7806372073247622
3006690,-2.3138410890888963
3006691,-0.6050041290627632
3006692,-0.22501173131407995
3006693,-0.12233902323241638
3006694,-0.3057561067159986
3006695,-1.614572136450188
3006696,-1.6423642605620263
3006697,-5.922696319991233
3006698,-2.147728597891983
3006699,18.24254997250886
3006700,-2.562590095618507
3006701,2.5316493288226773
3006702,-2.9215765779172944
3006703,13.533440757036006
3006704,4.007049852796335
3006705,4.449911035818877
3006706,-0.7355144569549203
3006707,1.1535506262812127
3006708,30.402746552108294
3006709,0.5202819924489813
3006710,-1.6736681043274437
3006711,-1.968089400634235
3006712,-0.8799629284082766
3006713,-0.33182575680159054
3006714,-2.5905528489218703
3006715,-2.6446480272115878
3006716,-2.9915147918388536
3006717,-0.7461741465131855
3006718,5.723156037005428
3006719,-1.5043295829237469
3006720,5.80875072410221
3006721,4.596186342347938
3006722,-1.8444471180729671
3006723,-1.598408480662224
3006724,0.19300637553220434
3006725,0.5105511948359708
3006726,-1.7417472577519586
3006727,-1.1316315323570234
3006728,-2.5444737404581246
3006729,-1.1901570511092723
3006730,-1.675239486484502
3006731,-2.0731216448453775
3006732,148.7554953097782
3006733,-1.9568386095961614
3006734,56.27840155376224
3006735,-1.227264473370742
3006736,131.70078026097443
3006737,63.70569676521045
3006738,26.36384305729844
3006739,12.551626108767737
3006740,13.7697607696782
3006741,420.9803279138115
3006742,4.261147490467156
3006743,1.063013299074737
3006744,-1.0001730572157612
3006745,0.6229083585122862
3006746,-0.9433916278597099
3006747,-0.26618081909567987
3006748,2.071156113264369
3006749,-0.8383825131527556
3006750,-0.9175156116624931
3006751,23.602215433690287
3006752,5.3670282877767015
3006753,248.87778271641108
3006754,25.993066708083788
3006755,-1.4046783439563661
3006756,-1.0603444087203069
3006757,30.691900490519256
3006758,11.29728167372643
3006759,0.9701844170887124
3006760,-0.9765431453798009
3006761,3.9103300668883456
3006762,8.292882415364584
3006763,10.238890464503196
3006764,5.31786644508873
3006765,443.74339537773386
3006766,6.2413215693604425
3006767,139.96193959471879
3006768,4.998105301099859
3006769,261.4850539472248
3006770,150.02309745523831
3006771,62.92960357259537
3006772,57.18956042958605
3006773,48.56364574909103
3006774,942.7200430817052
3006775,5.167396233086395
3006776,3.8832677650603293
3006777,5.429691372375739
3006778,3.688232594103713
3006779,1.1510612387275545
3006780,3.4212226721694177
3006781,6.637290398542057
3006782,6.153589216140202
3006783,4.283992746349752
3006784,42.085139436482706
3006785,3.362613170761645
3006786,100.06998248827523
3006787,50.522501442533354
3006788,2.679893597839975
3006789,6.004605608120098
3006790,74.48764914698211
3006791,30.98170336623523
3006792,4.043497813442148
3006793,3.12568751484999
3006794,11.821433329126696
3006795,-0.6944844012155954
3006796,1.4706084590243653
3006797,0.3710950299735123
3006798,227.59345878204215
3006799,-0.19915959761259736
3006800,57.66581378989925
3006801,-2.8478786931403737
3006802,106.11014176262572
3006803,67.8297651690639
3006804,25.998672701306276
3006805,26.05856817966945
3006806,36.66992297176388
3006807,360.4750647021721
3006808,1.454300350653757
3006809,-0.8832218975233991
3006810,0.1383126511517549
3006811,0.818112187355946
3006812,0.26763471979309544
3006813,0.39535999593172166
3006814,-0.2638495295734174
3006815,1.7692236059621793
3006816,2.9143200267351133
3006817,36.94423361690428
3006818,-0.07456976902620222
3006819,45.41981892652933
3006820,21.382300365403207
3006821,0.2750214510802835
3006822,0.626851002249564
3006823,23.45517910549279
3006824,12.293362157648627
3006825,2.144295085906524
3006826,-0.4910889546160252
3006827,3.189959543775112
3006828,1.0469671280724286
3006829,-0.16549062299266099
3006830,0.35799412431442756
3006831,157.65075405050592
3006832,-0.6627472613535066
3006833,69.19333173716484
3006834,-0.3149298180744518
3006835,119.81310243580519
3006836,46.971855028196444
3006837,29.345763425484694
3006838,16.43289070092949
3006839,15.05874417431946
3006840,464.72153067310137
3006841,2.5363221083624126
3006842,0.5025350953327256
3006843,-0.24977419803139808
3006844,0.08689416441223556
3006845,-1.146038671489539
3006846,-0.9177501644087783
3006847,1.0336819804755328
3006848,0.7325377485175818
3006849,0.8404447529557115
3006850,21.397291835913176
3006851,-0.08083476510552612
3006852,58.369784389782595
3006853,35.66792189367473
3006854,-0.23100240716232984
3006855,1.0891345949326638
3006856,35.40090725172618
3006857,10.396456631761877
3006858,0.8747482368178066
3006859,-0.23549183805890384
3006860,3.7266330327050063
3006861,4.699368051425699
3006862,5.298529674490414
3006863,2.702509358137613
3006864,339.2188384541802
3006865,2.4870406772564455
3006866,119.11494420225485
3006867,1.3806479971481895
3006868,161.7229593860588
3006869,104.82062603724292
3006870,50.61279297146371
3006871,46.637304804162916
3006872,45.3618835734803
3006873,662.3275849072531
3006874,3.453436276944478
3006875,1.8394256520577914
3006876,2.876022443344839
3006877,1.851796085197086
3006878,0.8802562230950502
3006879,2.9294540500094746
3006880,2.6496460079129176
3006881,6.8686173340404935
3006882,3.8220431686369487
3006883,61.44339511092962
3006884,2.4045662256689253
3006885,60.77280102788874
3006886,39.97520810870849
3006887,3.6533052887979944
3006888,4.241160740519688
3006889,53.81820271350774
3006890,20.665286869002806
3006891,4.441464035441743
3006892,2.4640154905331224
3006893,6.059801889468028
3006894,11.093615202417569
3006895,11.834080597754797
3006896,9.541169338153267
3006897,247.1365929191046
3006898,8.738777876512321
3006899,109.49050327020231
3006900,8.559075594481255
3006901,180.72818242626033
3006902,67.55416960826216
3006903,53.118532667541956
3006904,35.72993784140686
3006905,23.322420134641895
3006906,790.6169022291588
3006907,5.035099831424061
3006908,3.607023752805992
3006909,3.3950105513965285
3006910,2.62340037091549
3006911,1.5166291951665811
3006912,1.1017916642365275
3006913,2.238025395635061
3006914,6.361491704161392
3006915,5.0641007497480794
3006916,36.18909100661634
3006917,1.886201327859319
3006918,38.55603850817411
3006919,45.8123920690304
3006920,3.5690911294689904
3006921,6.135487104374158
3006922,39.402681739303816
3006923,13.831670746515204
3006924,3.649693450761526
3006925,2.5810268140059387
3006926,5.90257521392051
3006927,-5.119331313846196
3006928,-6.85164767540788
3006929,-3.7584786975814497
3006930,42.080846370934594
3006931,-6.701228895348613
3006932,11.33448699443834
3006933,-6.678957998096303
3006934,20.950383961721965
3006935,7.572444977054111
3006936,3.631696709549069
3006937,1.1059393759654585
3006938,1.9896197335593984
3006939,57.416657129141676
3006940,-1.6269027679436365
3006941,-3.9364300598749717
3006942,-2.3451134898820856
3006943,-2.6001990139330045
3006944,-0.9775960876893329
3006945,-2.42514271286577
3006946,-3.8647426274453647
3006947,-2.8191868691027664
3006948,-0.12318886883130059
3006949,11.939559830331685
3006950,-2.4949265034415182
3006951,6.015114444177463
3006952,11.212189736822122
3006953,-1.9889551545154496
3006954,-3.7637327139005654
3006955,5.628210122666508
3006956,2.6640665857273165
3006957,-1.1547672704977119
3006958,-1.50788747290683
3006959,-4.6432767735994895
3006960,3.914198138735956
3006961,5.97770142858862
3006962,-0.19954187689232644
3006963,875.9989451470894
3006964,2.715384003257932
3006965,191.78076842875075
3006966,6.969471873520961
3006967,418.03679236954054
3006968,270.28927038349474
3006969,88.41854813251149
3006970,116.57252459696784
3006971,91.22504895259473
3006972,1468.2216272569785
3006973,15.489522269138906
3006974,4.643481599394072
3006975,4.975978160110463
3006976,0.4750225494834741
3006977,1.8380735258262577
3006978,1.7453883239247807
3006979,5.79466151853856
3006980,7.671712865694936
3006981,5.72834158986916
3006982,62.31392157096688
3006983,3.0290953681899553
3006984,165.46477171777943
3006985,82.73409215562359
3006986,5.84517873280005
3006987,4.2032918075913726
3006988,123.10399334927592
3006989,77.02329761072608
3006990,3.8579015310890825
3006991,3.0126535076542496
3006992,24.38736522741463
3006993,-0.8648624995512368
3006994,-1.1268316068059403
3006995,0.4355930838853236
3006996,108.04782924266445
3006997,-0.339137578263326
3006998,35.84855647912373
3006999,-0.22167418131386518
3007000,96.25598901397984
3007001,23.897636879512426
3007002,20.30016157213744
3007003,13.953197444698521
3007004,8.744389908514373
3007005,363.00697394104134
3007006,2.1093005251499495
3007007,-0.9291145374103578
3007008,-0.013939670612387545
3007009,-0.6026503756119268
3007010,0.7284670660093183
3007011,-0.08255008162945848
3007012,-1.3775151639722096
3007013,-0.33560921783785264
3007014,2.0040574041233707
3007015,20.713135638423548
3007016,-0.7436869030752928
3007017,16.25240690379414
3007018,26.224281048267247
3007019,0.14453438164883892
3007020,-0.7002714347709229
3007021,17.33705936701222
3007022,5.441030258921885
3007023,0.45836912756079295
3007024,0.0689181907330862
3007025,0.044539965072865395
3007026,3.8597731943708276
3007027,3.3525061129314735
3007028,2.190969458694635
3007029,185.01779832224992
3007030,2.729699904930785
3007031,85.12715692979549
3007032,2.8403304509779628
3007033,235.7344386466338
3007034,54.02461264240442
3007035,40.00055572473106
3007036,23.528695964258326
3007037,15.625215172070602
3007038,846.9435038167975
3007039,3.9507712429842945
3007040,2.369906276939867
3007041,0.4922814688886432
3007042,-0.4481501720559096
3007043,-0.8210633069080793
3007044,-0.27198723768263106
3007045,1.899966599697939
3007046,1.6260021275471739
3007047,2.234713005331025
3007048,14.055379545496937
3007049,0.39083146591146256
3007050,49.96896929336522
3007051,47.93913204848235
3007052,-0.19636252405715598
3007053,2.1104646711941566
3007054,20.219741055250626
3007055,11.449710533293793
3007056,0.4807544786515358
3007057,0.42429051877693613
3007058,2.135277039527275
3007059,-1.4048732952678982
3007060,-2.2700229747827736
3007061,0.025883208308659866
3007062,101.31768266722473
3007063,-0.9854930621980749
3007064,34.2554215070315
3007065,-1.1673760016170855
3007066,98.65441667574895
3007067,21.90803449482177
3007068,19.799561787330603
3007069,12.758957204809628
3007070,8.472394246140416
3007071,393.4590847821666
3007072,1.6878980054426145
3007073,-1.088400500674186
3007074,-0.5540482915360985
3007075,-1.1091750315170135
3007076,0.34043381984534105
3007077,-0.3201564235916954
3007078,-1.8532192982022455
3007079,-0.20857602229800937
3007080,1.6742088097849706
3007081,23.66350684835371
3007082,-0.9211567747085133
3007083,16.706265371029833
3007084,28.82100601626803
3007085,-0.3298646225653715
3007086,-2.3853771754678132
3007087,17.0625345297898
3007088,5.223241478228221
3007089,-0.14090935133056293
3007090,-0.44038171437031226
3007091,-0.5018886933794853
3007092,3.980634675821105
3007093,4.216076079386156
3007094,4.562212075210022
3007095,154.00904003771552
3007096,2.347653119447836
3007097,59.14756530880773
3007098,2.519050763123232
3007099,222.98368444551858
3007100,38.15672526958268
3007101,35.64427989955349
3007102,27.56472112229542
3007103,12.241277326001727
3007104,733.574502472065
3007105,3.5536501855611933
3007106,1.8781238722089189
3007107,0.8576157224099427
3007108,2.152329224796855
3007109,0.385708394931637
3007110,1.086502465235492
3007111,2.744845813629902
3007112,3.428301439021094
3007113,3.4127243846463227
3007114,24.139889116091332
3007115,1.7054981492502996
3007116,41.12876286173919
3007117,46.21482439433712
3007118,1.0853881017801963
3007119,1.8028527282466178
3007120,22.095334644093484
3007121,10.85598535035005
3007122,2.830922333945824
3007123,1.1981780719846995
3007124,2.901132997854735
3007125,6.587166988422869
3007126,6.308552948634201
3007127,5.337976053947241
3007128,296.826920427451
3007129,6.874976095316124
3007130,155.66305858802332
3007131,5.9305927410185175
3007132,192.92605425887714
3007133,51.02573625887355
3007134,51.73549469836198
3007135,27.53103370010252
3007136,30.124244335845674
3007137,931.671671489439
3007138,5.109199376630743
3007139,2.825082725609493
3007140,1.7462945086780677
3007141,-0.3205314352487473
3007142,-0.11139935382093197
3007143,0.20673182141235202
3007144,1.6187255007741193
3007145,3.8213159898936575
3007146,3.052538676144352
3007147,24.66806465925397
3007148,0.2631587921309551
3007149,43.410218494401484
3007150,56.2909975853985
3007151,2.313644526299752
3007152,7.792505594590281
3007153,28.13766309106329
3007154,11.214851009594925
3007155,1.9365321645787774
3007156,0.9177653015918917
3007157,4.6199700941143895
3007158,-1.859968030746046
3007159,-3.9668560369862385
3007160,-0.3909627435335518
3007161,117.1632650303652
3007162,-0.5837449552177952
3007163,29.57084481852643
3007164,-2.0999486831645484
3007165,94.82771193404726
3007166,18.91907559008978
3007167,16.426729185967826
3007168,12.32056722995502
3007169,17.28126362382502
3007170,413.47342062447
3007171,0.675900325040268
3007172,-1.296132453482321
3007173,-1.6634015643167674
3007174,0.5255047053821966
3007175,0.8529045175325087
3007176,0.3750828460655907
3007177,-1.117833312480259
3007178,-1.0033302491112353
3007179,0.560031217649854
3007180,17.90457615323711
3007181,0.0388038390306906
3007182,23.444676659009232
3007183,23.801013576047488
3007184,-1.3746775139789622
3007185,-1.5738953986396143
3007186,12.3514126164489
3007187,4.880722310808226
3007188,-0.7952321085323946
3007189,-1.2289443964347755
3007190,-0.33484363739392736
3007191,6.609933102973592
3007192,6.286470340522061
3007193,3.7917327635789113
3007194,162.79933778096324
3007195,5.189436985168285
3007196,72.93489544212643
3007197,5.45197562291767
3007198,127.87244886179761
3007199,38.19656743327476
3007200,28.99470981785249
3007201,18.39041559069948
3007202,8.461267348561766
3007203,601.664457915279
3007204,3.138264875632733
3007205,1.7594942196123453
3007206,1.336213492014424
3007207,0.3001562047423363
3007208,-0.6160870550834147
3007209,-0.31674430878895454
3007210,1.1040568019482748
3007211,0.8780598739857965
3007212,0.6209529951061926
3007213,20.469537024236267
3007214,0.5581051077166489
3007215,27.695518520257423
3007216,31.061106793697284
3007217,0.947133942506291
3007218,1.7918482529465725
3007219,19.67504971676458
3007220,9.13396411993471
3007221,1.721706698857954
3007222,1.8508108270825985
3007223,2.7417882431872864
3007224,1.1249952912895242
3007225,1.2966204406242423
3007226,-1.5188833523984067
3007227,204.2456929217579
3007228,-1.8899849163416365
3007229,86.66295323469748
3007230,1.2118065284188198
3007231,214.87056459737215
3007232,100.3459215734685
3007233,26.702040476064212
3007234,31.654609261005458
3007235,31.508702446800015
3007236,680.4576533741485
3007237,7.280702094534202
3007238,2.019637333836829
3007239,1.4110317527954546
3007240,0.32885715364110424
3007241,0.8510330481494679
3007242,-0.1899526966792905
3007243,2.971231409269051
3007244,0.875880253812968
3007245,1.3701580758864225
3007246,24.880948256664478
3007247,0.4786815676236734
3007248,50.162596274623894
3007249,42.81173727048841
3007250,-0.149593578229003
3007251,-0.04129976971039684
3007252,23.134236693186935
3007253,23.66962413396704
3007254,1.7256322784205917
3007255,0.3965389611893557
3007256,5.038454925448271
3007257,4.6648770714655985
3007258,3.5125274700649562
3007259,2.4933041661018795
3007260,204.27321773423478
3007261,1.6997214214304404
3007262,98.12890052894605
3007263,4.695534282214885
3007264,232.28557780274875
3007265,102.37163115998119
3007266,41.39476265901512
3007267,33.66296344037815
3007268,35.775848125556465
3007269,848.0684645052943
3007270,7.005840390522364
3007271,2.9229051369365084
3007272,2.7993015856875103
3007273,-0.30801926796139695
3007274,0.14820070343849928
3007275,0.6528024249732449
3007276,3.044486388588368
3007277,2.6950374710133227
3007278,3.8339727856784274
3007279,25.782810191121253
3007280,0.7828184816703038
3007281,41.073914609982566
3007282,52.31926446935247
3007283,1.7432910982673027
3007284,0.6872626408772226
3007285,23.307856381495178
3007286,24.38724096307925
3007287,3.192284930998278
3007288,1.8920124107297238
3007289,4.967897526266563
3007290,1.4003051355440403
3007291,-1.0194488201136165
3007292,-1.3296136699308407
3007293,208.9511885892456
3007294,-1.3345394414049223
3007295,139.80007130699175
3007296,-1.0820836353332561
3007297,247.55406879305872
3007298,43.43064958632764
3007299,33.99998225806375
3007300,29.205333531765714
3007301,12.70331517309911
3007302,760.3491541261606
3007303,4.041999521157843
3007304,-0.4512116498258979
3007305,-0.48685771611192424
3007306,-1.388558224827618
3007307,-1.2156751780196713
3007308,-0.8528777677019094
3007309,-0.24110128177305115
3007310,1.4221939434258388
3007311,1.2518743071900031
3007312,17.59853704035696
3007313,-0.5872085053075421
3007314,29.808167023574455
3007315,53.29056814047249
3007316,-1.09481055246976
3007317,1.9559815056379626
3007318,18.594443800076217
3007319,11.735018564009689
3007320,-1.2453857566421425
3007321,-0.771585592409399
3007322,1.5725613856063434
3007323,-2.162465364060481
3007324,-5.592396111789135
3007325,-3.848588994626625
3007326,256.9735569154772
3007327,-4.8503774948741185
3007328,71.76953201233962
3007329,-3.7532309802887904
3007330,179.43693060075924
3007331,110.60775830201862
3007332,44.154968369769634
3007333,36.91992747715426
3007334,35.79132622733239
3007335,628.6569075341393
3007336,4.189386019984304
3007337,-0.7015165315120975
3007338,-0.4340114604113478
3007339,-2.0377709141521336
3007340,-1.9421571210120598
3007341,-1.0987652984882152
3007342,-0.4356648565398791
3007343,1.3930219961674446
3007344,1.1034695343870409
3007345,32.04028684937479
3007346,-1.938400388631344
3007347,88.10089639945079
3007348,41.47686068906107
3007349,-1.579228901685783
3007350,-3.3310762638551434
3007351,61.40302122532091
3007352,26.787185197834408
3007353,0.46377860283864714
3007354,-0.41973164793853357
3007355,6.050792668000577
3007356,1.9553419802367475
3007357,2.460614681304622
3007358,3.6742803562821553
3007359,155.36976564266942
3007360,2.5334675944918614
3007361,64.1635336765689
3007362,2.4643198182261585
3007363,205.02680468735767
3007364,35.582010508198294
3007365,33.86255617964568
3007366,23.85805349919491
3007367,15.955836184404907
3007368,744.413305357592
3007369,3.0465174346071695
3007370,0.3737844379894273
3007371,0.3197986625169017
3007372,-0.546954951261572
3007373,-0.04599801908522527
3007374,-0.10112828364678306
3007375,-0.9642164456949537
3007376,1.6224562639999442
3007377,2.876383424100337
3007378,17.69642000665618
3007379,-0.402094712717178
3007380,22.043124530810992
3007381,40.985160793718705
3007382,0.5680108166884259
3007383,-0.3463977683324254
3007384,16.84534604671174
3007385,9.435048023599787
3007386,0.47299242426376276
3007387,0.030762419537683133
3007388,0.7826243984766245
3007389,2.300170647432436
3007390,1.8283179873960478
3007391,3.1234468485914597
3007392,152.5475169671582
3007393,1.9351624360490438
3007394,61.07837617524447
3007395,1.3844522238730315
3007396,153.85836087430158
3007397,58.025666592976336
3007398,32.9125588615753
3007399,21.766822233862595
3007400,25.789002850573745
3007401,551.9242283356456
3007402,3.954147622825487
3007403,0.7530992976449966
3007404,0.5847849953669959
3007405,0.2959848892224602
3007406,1.043634821290191
3007407,0.6344278652090475
3007408,0.46201035160858056
3007409,1.7523150120447337
3007410,3.5479601721955865
3007411,20.636724590614087
3007412,0.721074676311739
3007413,30.43957041060082
3007414,35.645634445775094
3007415,1.35908217173254
3007416,0.2857876283958842
3007417,18.822476872265938
3007418,12.830000867873142
3007419,1.752712780558328
3007420,0.365825601080329
3007421,2.6432056698230793
3007422,-5.611478585034492
3007423,-8.236327832791435
3007424,-3.6144535258127144
3007425,20.082784164377664
3007426,-2.8701396442153784
3007427,5.044428123543767
3007428,-7.1436436093894
3007429,4.435933716746223
3007430,5.558448229945061
3007431,-0.6417197497651068
3007432,0.07374837808768919
3007433,2.621850984377961
3007434,-1.4062937318401234
3007435,-0.10936452368056743
3007436,-3.9193629990666956
3007437,-2.0527338129409394
3007438,-2.2284633118888157
3007439,-0.7447281703572003
3007440,-1.7820254486184128
3007441,-4.846352825445691
3007442,-3.982107625517499
3007443,0.05102601385121716
3007444,6.293281098533982
3007445,-2.6134409765048328
3007446,1.2962569542155984
3007447,7.08004446860595
3007448,-1.221882797429323
3007449,-4.469284654397573
3007450,2.8587020834491272
3007451,2.7500629686394245
3007452,-1.4070615103713566
3007453,-2.3499795802800576
3007454,-2.5265585842972063
3007455,1.2677415216299412
3007456,1.201847774015764
3007457,0.3202336129359902
3007458,382.61496253590013
3007459,0.23665337248487056
3007460,55.73198988393816
3007461,-0.9394840957978703
3007462,169.9498027346682
3007463,24.03224503207035
3007464,30.06418833978985
3007465,16.14976527955259
3007466,9.597331322318155
3007467,579.1606261820037
3007468,2.4866042878393024
3007469,0.5558076019640907
3007470,1.8108478152497378
3007471,-0.15004621764969442
3007472,-0.3096184945209711
3007473,-1.5469608874117946
3007474,0.22361516937259923
3007475,1.0648191105892808
3007476,1.681182632730863
3007477,28.999849320197256
3007478,-1.105080785318521
3007479,29.59350176621195
3007480,35.183836400354316
3007481,1.2056770420117506
3007482,2.262444953245638
3007483,20.345030569328767
3007484,9.782481217872276
3007485,1.779159749583771
3007486,0.139350738274436
3007487,2.1756155910035453
3007488,4.009196935229738
3007489,-2.2324951152712718
3007490,-5.255035789040958
3007491,1091.4313845164502
3007492,-5.888312815435166
3007493,244.26450193672073
3007494,-5.833724694375506
3007495,567.9428858754418
3007496,386.38390713682264
3007497,138.05446015828463
3007498,143.84648573928968
3007499,138.70196264513308
3007500,1847.5902310887468
3007501,13.259157166088755
3007502,0.317451516230558
3007503,5.005213055801342
3007504,-2.1362745623548474
3007505,0.55805371065062
3007506,1.3472330247864557
3007507,0.04763078054526004
3007508,6.21094060348898
3007509,2.482114921539596
3007510,88.66451388795586
3007511,0.6751339314901817
3007512,229.38287668826317
3007513,106.27559743225848
3007514,-0.974960582743388
3007515,-2.2882414404993003
3007516,153.65422986160496
3007517,110.23914862729032
3007518,3.261461088969554
3007519,-0.6496120589915154
3007520,24.65132743419217
3007521,-2.260444074814841
3007522,-3.149227650316279
3007523,-3.9244533445684286
3007524,811.0442122977312
3007525,-4.446041730397956
3007526,183.8375059240193
3007527,-2.221616366290273
3007528,520.0477804152188
3007529,258.3410658415872
3007530,128.91668623737152
3007531,94.82801958662192
3007532,99.1589616831507
3007533,1797.303725938992
3007534,11.559077499206815
3007535,1.8319310509032039
3007536,2.346695792230949
3007537,0.6886267517779562
3007538,-0.24706563007866855
3007539,0.9868747635598812
3007540,2.220948902621058
3007541,5.951270866842588
3007542,0.9763951416987221
3007543,59.86790209502413
3007544,1.5559588945205722
3007545,242.5210210155309
3007546,100.89455306558744
3007547,-0.7969459421099053
3007548,-2.351026699682734
3007549,160.04019196942787
3007550,70.82091508789168
3007551,3.8926337724138644
3007552,-0.7598611104044904
3007553,20.617527083100903
3007554,-9.298107049380452
3007555,-15.513512996902971
3007556,-5.853136933051246
3007557,636.7288151160635
3007558,-14.127816954227418
3007559,129.89063684180812
3007560,-9.961202814895824
3007561,516.7091927252118
3007562,193.7848955252694
3007563,150.90495722785323
3007564,48.91443692377401
3007565,70.92835911036484
3007566,1679.8873874051037
3007567,3.669463788357734
3007568,-0.9954729272975419
3007569,-1.3605060365823192
3007570,-6.823848220150503
3007571,-3.6999722147355536
3007572,-1.5901294112671347
3007573,-3.500066023682411
3007574,4.121768120281686
3007575,0.3021434979201695
3007576,42.103720790137544
3007577,-2.8298386154329815
3007578,265.5888302840427
3007579,119.24357906433802
3007580,-4.472670282319905
3007581,-10.48269173801109
3007582,184.70828345471864
3007583,48.437467297233724
3007584,-2.333796869177422
3007585,-4.526286203721284
3007586,9.281680010311867
3007587,-5.146325266352178
3007588,-9.884169896590574
3007589,-6.81639977950832
3007590,737.3278738667137
3007591,-13.134592233862751
3007592,178.21818666463687
3007593,-8.92118067935242
3007594,490.2126472970682
3007595,234.77107263277608
3007596,135.46719053217637
3007597,71.07362786136316
3007598,72.72799699834911
3007599,1667.9461193169022
3007600,3.704793126614586
3007601,-2.869236287077383
3007602,0.2874591354177938
3007603,-6.063626518120109
3007604,-2.9860005898017885
3007605,-2.71101720061446
3007606,-5.34719217800226
3007607,3.1980077014206287
3007608,-1.355296585277265
3007609,47.12781435798354
3007610,-3.691829741686834
3007611,192.02220868912124
3007612,110.9327959533256
3007613,-3.54330270720473
3007614,-8.428143050465042
3007615,169.46590818959336
3007616,60.914285434804825
3007617,-3.6568791011812207
3007618,-3.383212328569826
3007619,11.408169267418888
3007620,-7.773264125527894
3007621,-17.46409500209742
3007622,-6.136700562988662
3007623,465.4910351909108
3007624,-10.550236006273735
3007625,135.50949299237163
3007626,-10.57121593275735
3007627,432.9675489844078
3007628,157.5319875861175
3007629,130.03432030345274
3007630,36.50225575706176
3007631,45.14338735172248
3007632,1466.4315673884025
3007633,3.280029088912179
3007634,-0.2700500283762994
3007635,-3.4705695803586605
3007636,-7.2392690473778565
3007637,-3.990154745079144
3007638,-1.4224680166455983
3007639,-4.554246966451283
3007640,1.8565423672745784
3007641,-0.48869550283854546
3007642,39.94425157597836
3007643,-1.4341253646349832
3007644,211.89744745332607
3007645,108.26659026638129
3007646,-3.6781309612727093
3007647,-9.279400067443092
3007648,158.962375420301
3007649,40.64360730145525
3007650,-5.339688675323087
3007651,-4.279684292448255
3007652,6.02946302296772
3007653,-5.014236655225505
3007654,-7.6815766749839165
3007655,-5.118169304795846
3007656,531.6432063098589
3007657,-9.10021646883728
3007658,120.28251073809994
3007659,-9.610136928259472
3007660,255.3957031916181
3007661,182.1294210559987
3007662,65.47086739876546
3007663,62.80339215880576
3007664,64.15442179988881
3007665,863.9513175829147
3007666,6.78047202157939
3007667,-1.0385882064805083
3007668,-0.10262206939014507
3007669,-3.03017335333785
3007670,-0.5563928941718224
3007671,-0.8432280589002948
3007672,-3.48847485158225
3007673,0.7058952989895443
3007674,-0.63526287149567
3007675,46.700659814938604
3007676,-1.7080683954857703
3007677,120.58903053091609
3007678,54.74954084512623
3007679,0.04008591669566161
3007680,-2.276244358891308
3007681,67.74671750063939
3007682,53.46783387306763
3007683,-0.6724010988443843
3007684,-0.57846261269955
3007685,10.745740833122726
3007686,0.4617290172779758
3007687,-1.3317140065702597
3007688,1.3009209066441692
3007689,197.56230601583275
3007690,-2.028919213910995
3007691,75.51859713615261
3007692,-0.8791169199933938
3007693,223.1755584925998
3007694,75.1963564583889
3007695,49.666812596869065
3007696,32.49258647078473
3007697,30.858290591951736
3007698,686.3029019159875
3007699,1.9672659219723574
3007700,-0.4322628160985187
3007701,-0.22949574545746146
3007702,-1.2676143672366014
3007703,-0.9278617589146596
3007704,1.1238925117524925
3007705,-1.6009943917005875
3007706,1.4238611207023495
3007707,4.908352607727284
3007708,24.071740367903587
3007709,-0.34568504426395524
3007710,67.98938860439674
3007711,46.20875399454438
3007712,-0.6933541780555242
3007713,-1.8919215718773967
3007714,38.00440782562895
3007715,21.459386055820577
3007716,1.1364771557990754
3007717,-2.028343629870069
3007718,2.52844480324311
3007719,-0.34426984273126443
3007720,-4.639399009362641
3007721,-1.505350389116902
3007722,381.30135553380705
3007723,-3.2536106930329334
3007724,101.00834743927173
3007725,-0.6381548182080041
3007726,357.90205533403605
3007727,127.86459322446873
3007728,89.14340194868133
3007729,31.02153093640136
3007730,38.18857131435259
3007731,1255.3237722866565
3007732,8.189802970053334
3007733,1.1872761161713972
3007734,0.47415593946074297
3007735,-3.0595072251234887
3007736,-0.8545003174476915
3007737,-1.4821992876437617
3007738,-0.11500686815499639
3007739,3.2227601845606664
3007740,3.316679222214789
3007741,27.87334743951773
3007742,-0.31668401436169014
3007743,196.11965124818863
3007744,82.3577166853882
3007745,-0.4277969863185899
3007746,-4.083507697787245
3007747,71.40678970550773
3007748,34.874586734151734
3007749,1.8794256528342157
3007750,-2.4158669507966626
3007751,5.209578986149754
3007752,8.082821610162828
3007753,10.324546764058361
3007754,6.493882652712381
3007755,670.1585675988584
3007756,8.216745495788672
3007757,182.4467748998816
3007758,5.271482635627072
3007759,326.3291030469175
3007760,220.95775627759872
3007761,76.8491311286497
3007762,80.97723734596056
3007763,92.44531479125034
3007764,1154.0895762362816
3007765,6.92178977373438
3007766,1.0843803215274237
3007767,4.34771607163555
3007768,3.9735187789065822
3007769,2.823545457537584
3007770,2.4596569675928914
3007771,4.700462977811258
3007772,4.324729308384194
3007773,2.68919944910067
3007774,54.14891795274944
3007775,2.3822963613946926
3007776,146.45541292940342
3007777,61.11465527642238
3007778,3.779281154247547
3007779,4.3741642709201916
3007780,94.32296157603825
3007781,47.881128458370405
3007782,5.601454523862158
3007783,2.673928677509721
3007784,17.345633521619202
3007785,-2.2594028951005622
3007786,-9.167180591173008
3007787,-2.9684662570879174
3007788,5.60053464868682
3007789,-3.5444434971215983
3007790,4.393255933264185
3007791,-5.730402234236699
3007792,-8.531872248485852
3007793,8.784638884446213
3007794,0.13065017022653935
3007795,-2.135829208998317
3007796,4.408262112300582
3007797,-1.981821444745147
3007798,0.9753689496889094
3007799,-2.914277050771507
3007800,-3.268575835761118
3007801,-2.6333982851541684
3007802,0.8894232650883895
3007803,-2.633547234819434
3007804,-4.251156383792659
3007805,-2.6276894442746253
3007806,-1.5961613285074838
3007807,7.692158925415674
3007808,-3.1567338760824537
3007809,1.8239501978068808
3007810,3.388871491534332
3007811,-1.9076558113037811
3007812,-3.6573583773407754
3007813,0.3025775497639916
3007814,7.218131669741215
3007815,1.0884288861161018
3007816,-2.1024839849285364
3007817,-2.5742991138302624
3007818,0.32819759593844877
3007819,0.831947875193922
3007820,1.4998718074417172
3007821,-2.333989107749754
3007822,0.31187628471923173
3007823,-0.10267423707497625
3007824,-1.9591406179787556
3007825,0.12216314435456294
3007826,-1.606307944486034
3007827,0.483279936870307
3007828,-1.232892250580795
3007829,2.6270489346671093
3007830,10.649522166944372
3007831,1.1234107108235731
3007832,-0.12155069082216874
3007833,-0.6684705045452267
3007834,1.2693363905501371
3007835,1.22292948860455
3007836,-0.1704186823787859
3007837,-0.28179872677086676
3007838,-1.2695333500135222
3007839,0.09782974488185005
3007840,3.528494289195654
3007841,-0.4787693442513229
3007842,-2.801329851203991
3007843,1.579249441721762
3007844,-0.8082100659432092
3007845,-0.6111418635471513
3007846,-2.533799751406259
3007847,1.4782772875703267
3007848,0.8299685964620711
3007849,0.00489134584074577
3007850,-0.3581807267306669
3007851,1.3937388572849159
3007852,0.7977558227551343
3007853,1.2351032404863507
3007854,121.84831468650285
3007855,1.947659683384554
3007856,43.66133994139071
3007857,3.0497665713268542
3007858,198.50787203786587
3007859,11.643194024190889
3007860,24.858902010510082
3007861,12.14701362014377
3007862,8.925446644850744
3007863,565.7191585945839
3007864,3.7839352677380633
3007865,1.671103096329364
3007866,1.1005308379883467
3007867,-0.4341414337464516
3007868,0.4603559790218537
3007869,0.007895471402782725
3007870,-0.021292319522078745
3007871,1.32495692206777
3007872,2.4329519065560565
3007873,13.909111791629668
3007874,0.13608102959061627
3007875,7.406812959388146
3007876,31.819229917717287
3007877,0.598008374485264
3007878,-0.021810084209798908
3007879,6.946839580956832
3007880,10.849690447737496
3007881,0.3781447476351536
3007882,0.6172246523710714
3007883,0.7478946307033334
3007884,1.5860104916457205
3007885,2.8895891151072233
3007886,1.065675710944779
3007887,346.8717873138281
3007888,1.8392233765180572
3007889,84.98725417911803
3007890,2.502591333497112
3007891,253.46237894956488
3007892,123.11245755835873
3007893,58.62718256635796
3007894,47.9699048478865
3007895,50.24200695741653
3007896,877.3279438589256
3007897,7.904121527617026
3007898,3.5249153274093263
3007899,2.4577669400006563
3007900,2.4058458515309757
3007901,-0.004089539960623362
3007902,1.8225372380681075
3007903,5.239948791227289
3007904,4.347356638730052
3007905,2.52488592214846
3007906,35.914814319169054
3007907,1.6251073238345999
3007908,103.95159321523657
3007909,49.36982289194137
3007910,2.634928320075924
3007911,2.0239086282961174
3007912,88.41070617772252
3007913,30.267552194726377
3007914,5.266109067990984
3007915,2.1580373127185886
3007916,11.711200833652473
3007917,-4.578370146305825
3007918,-5.260536457347776
3007919,-5.219287057835318
3007920,371.38708523894354
3007921,-7.924609318040456
3007922,96.70582542917313
3007923,-9.88220433775292
3007924,169.86914495345118
3007925,147.09989810211496
3007926,37.844571068407966
3007927,49.47128486407222
3007928,45.84110305085974
3007929,553.0867680481413
3007930,4.243481150848165
3007931,-2.6705265903256805
3007932,-0.503562467031079
3007933,-3.656855333808271
3007934,-0.7384665976904944
3007935,-1.3470819753633259
3007936,-3.004147447047508
3007937,0.2524596777380066
3007938,2.1385657866458496
3007939,39.62304343480133
3007940,-1.2396203928886824
3007941,109.66406884988763
3007942,37.63533087650103
3007943,-1.6923472093523741
3007944,-3.55989784761136
3007945,54.411679270457604
3007946,34.89772282403945
3007947,1.2318787574196903
3007948,-2.08759840678169
3007949,6.448412349139034
3007950,3.717654379029409
3007951,6.0242841054496195
3007952,1.3620549987259436
3007953,480.55020116135256
3007954,1.8227368305786513
3007955,115.3528566755708
3007956,-2.3144665651644756
3007957,274.2515429750605
3007958,181.89706357173839
3007959,58.051062714452854
3007960,68.3584552422243
3007961,46.343852850679106
3007962,882.536049107086
3007963,7.727022388476362
3007964,1.7927079570486242
3007965,3.307713121345478
3007966,1.2386288199538102
3007967,1.051344769470925
3007968,1.9335889803013562
3007969,3.156902731617811
3007970,3.177717256596879
3007971,4.85266874536308
3007972,41.72999710293818
3007973,1.8486658726796306
3007974,117.63467782861458
3007975,52.73661216709945
3007976,1.3607565957261614
3007977,1.4871895347164854
3007978,65.18637596042157
3007979,44.353364611119645
3007980,3.481040213221022
3007981,0.43902751614255975
3007982,13.049406597594862
3007983,4.0149009345210285
3007984,2.504847779070583
3007985,4.077341447220569
3007986,336.0400520552387
3007987,3.2722699057319913
3007988,109.86177666051753
3007989,4.674532851186268
3007990,346.8929763624969
3007991,79.10125138422914
3007992,93.21289570180886
3007993,38.815860385823136
3007994,21.58924601770166
3007995,1209.27439286975
3007996,3.6293392578262864
3007997,2.2682558927026912
3007998,2.8845363459383226
3007999,-2.3132179506669126
3008000,-1.201240794978148
3008001,2.2802749236998716
3008002,0.2690597973941112
3008003,5.6914449553162925
3008004,5.253097115005657
3008005,23.111005469231678
3008006,-0.3225370094349272
3008007,72.74761685075453
3008008,70.29098633258069
3008009,3.029546317458298
3008010,-0.8768959873893664
3008011,84.61344674102136
3008012,18.642357960709997
3008013,2.348598071810993
3008014,0.17272239381294638
3008015,4.657192133970057
3008016,-6.464776800483232
3008017,-16.426156981077515
3008018,-5.940203162826511
3008019,69.87370787489591
3008020,-11.69097341579647
3008021,31.56794394321507
3008022,-12.474915745975451
3008023,37.06767226957935
3008024,51.570532682705526
3008025,9.09604411567212
3008026,12.339200004815208
3008027,8.768020525161191
3008028,129.85252721789104
3008029,-0.1439585715384601
3008030,-4.685517759546492
3008031,-4.017339084755295
3008032,-5.318259109217761
3008033,-1.6164016167530646
3008034,-3.1162794010830113
3008035,-8.611831192829705
3008036,-2.7843169375357686
3008037,-0.5579566605992295
3008038,-3.9788269418263735
3008039,-3.9445200399722675
3008040,31.080346287177093
3008041,13.919635943845208
3008042,-2.689760397372811
3008043,-8.8339305386354
3008044,20.95658557864823
3008045,12.617113346453479
3008046,-0.7491985328806188
3008047,-1.3558537240495934
3008048,-2.822340223522479
3008049,-5.922813334521197
3008050,-9.639949840251141
3008051,-4.534431991676465
3008052,124.37085757033077
3008053,-6.271669300124049
3008054,29.38270413970291
3008055,-6.363356521886744
3008056,159.28974213260838
3008057,26.2872272091113
3008058,43.68303653936542
3008059,7.716390010553
3008060,4.580233363313382
3008061,504.2680360650013
3008062,0.13013230222732092
3008063,-2.1007055592531834
3008064,-3.9504555847959635
3008065,-2.997083361176265
3008066,-0.9455092067519945
3008067,-1.837239888022523
3008068,-3.764825829677939
3008069,-2.016681204498455
3008070,-0.8937928854578423
3008071,-7.738631183524085
3008072,-1.8312749011412233
3008073,44.452971086026594
3008074,38.03563243706769
3008075,-1.6966546945624943
3008076,-4.057416564803102
3008077,36.98082661899243
3008078,6.711308035049043
3008079,-2.0301100882418903
3008080,-1.0147858918430939
3008081,-0.4854085436037713
3008082,-2.66139580853207
3008083,-3.0256752158753484
3008084,-3.0360676489528484
3008085,517.4035823583407
3008086,-3.8997681949055916
3008087,118.56470710200625
3008088,-4.883532018161896
3008089,356.7734805223697
3008090,44.23146821636186
3008091,64.1216927197693
3008092,20.631180497611744
3008093,9.013443712985971
3008094,1235.550344828729
3008095,0.18592052987252822
3008096,-2.712266059911453
3008097,-2.5476070892701683
3008098,-3.5526046474172834
3008099,-1.760885649514821
3008100,-0.9327348405158773
3008101,-1.5165171779556474
3008102,-1.4339173854471665
3008103,0.41669466576502606
3008104,-1.9823528520586844
3008105,-0.6090671140524136
3008106,116.63673707229714
3008107,67.38600859679889
3008108,-1.5169344823971187
3008109,-1.8209787619723692
3008110,80.73272660975225
3008111,7.734901105077151
3008112,-2.3866389588588213
3008113,-3.5957160457166175
3008114,0.7942042961533662
3008115,-1.3753655139419425
3008116,-4.008146844695516
3008117,-1.3313076809989435
3008118,153.63132951074462
3008119,-1.879085454872402
3008120,41.81020770994226
3008121,-2.684199600236898
3008122,129.5599061543164
3008123,22.067621778474567
3008124,28.764225389567436
3008125,9.543584079906864
3008126,0.19866159880228218
3008127,405.9119137496177
3008128,0.23310075520103057
3008129,-1.0399786685258916
3008130,-1.1830896426147048
3008131,-0.6532680814570814
3008132,0.28914982217984286
3008133,-0.2516432427251311
3008134,-2.038599631804555
3008135,-1.4562719095410468
3008136,1.4286471528925357
3008137,-1.6296643733322527
3008138,-0.5447558700724221
3008139,23.61117796062097
3008140,27.858204688037713
3008141,0.23042957834020855
3008142,-1.024700853698655
3008143,15.433942531721897
3008144,3.134629643288081
3008145,-1.003452766769242
3008146,-0.06393203803801953
3008147,-1.1323778310464876
3008148,-2.4813893227161317
3008149,-5.15981170992724
3008150,-2.87219286074549
3008151,150.29558409386902
3008152,-3.400873421148571
3008153,38.55251654663276
3008154,-4.162794408122135
3008155,123.27151693997338
3008156,19.900296236516006
3008157,25.967534801700385
3008158,7.480665908066726
3008159,-1.7459622302222122
3008160,387.4640340811063
3008161,-0.35277828156975377
3008162,-1.7171452240491816
3008163,-1.7594495083459152
3008164,-1.3676261843592692
3008165,-0.40647136273231815
3008166,-0.9491987926748879
3008167,-2.652477087640018
3008168,-2.045726736859015
3008169,0.0956054113332539
3008170,-2.8386600145600642
3008171,-1.175818042336632
3008172,22.659618886155204
3008173,27.696323373139805
3008174,-0.30755621683498247
3008175,-1.744420365728788
3008176,14.84916737585363
3008177,2.5931279694922162
3008178,-1.626681878095169
3008179,-0.5645782598439655
3008180,-1.6721546737844073
3008181,-3.9203155503615563
3008182,-5.676817596958431
3008183,-5.017253373358253
3008184,88.91187463740383
3008185,-3.5430154356092682
3008186,36.433010309689564
3008187,-3.321721051157074
3008188,165.8618231931426
3008189,17.20236958727648
3008190,22.29706405138997
3008191,9.196496115119004
3008192,1.764750217545152
3008193,439.31945496912624
3008194,0.21270000433133873
3008195,-2.468125729981082
3008196,-1.2639060287974349
3008197,-0.904019298992614
3008198,-2.1517700828499144
3008199,-1.3967678456676071
3008200,-1.465640187846409
3008201,-1.700698759589475
3008202,-0.040894170249237055
3008203,-1.8071340343628322
3008204,-2.04161684301577
3008205,59.377221542922086
3008206,38.76295106143162
3008207,-2.1725444192053764
3008208,-3.4121702447560645
3008209,16.602832636878404
3008210,5.643891190011411
3008211,-1.4487369554639804
3008212,-1.8893820377399313
3008213,-2.034055350937822
3008214,-2.122433421006281
3008215,-4.749138470992698
3008216,-1.987144561288078
3008217,149.48126005762379
3008218,-3.7778623938187956
3008219,34.26232284685458
3008220,-3.3874382474846794
3008221,144.93892307501795
3008222,21.77829660481497
3008223,36.19748209387849
3008224,7.472188853555994
3008225,0.068978309268664
3008226,496.6473092131656
3008227,0.9110019011413715
3008228,-0.8855435303258309
3008229,-1.4344812373020068
3008230,-1.4187010082620146
3008231,-0.25582274149919615
3008232,-1.0296814938695935
3008233,-2.5929968251423454
3008234,-1.251419921406723
3008235,0.8765079741565751
3008236,-2.7224364258298555
3008237,-1.090307538143843
3008238,20.014469158807607
3008239,31.43271800287961
3008240,-0.4426939333906739
3008241,-2.84232404355635
3008242,12.38689499663631
3008243,2.848133319338467
3008244,-1.6705145001952588
3008245,-1.2375072145957347
3008246,-2.0742640096770084
3008247,7.844377753370064
3008248,9.287851354159498
3008249,9.72486281194826
3008250,142.6465639763989
3008251,8.763429369527147
3008252,61.432151391851875
3008253,7.9599798248322635
3008254,232.99953656626008
3008255,31.667846393891956
3008256,53.15510045761868
3008257,33.20184479575771
3008258,14.30958056615544
3008259,764.0571840916543
3008260,6.1237642865422455
3008261,1.5989727975759158
3008262,3.089064924607337
3008263,3.2691108992026416
3008264,3.729971625485814
3008265,2.2322248235815643
3008266,2.11709454232041
3008267,3.1131901291497344
3008268,6.308674520632885
3008269,2.996217069636223
3008270,2.124457439895705
3008271,28.346632729492555
3008272,47.1310091883858
3008273,2.6149515511627035
3008274,3.469804718618502
3008275,23.703166918667776
3008276,10.066587076689139
3008277,4.693961565352184
3008278,2.100296758233781
3008279,4.583227338208817
3008280,-2.6642568060208576
3008281,-0.7016963963368517
3008282,0.6432488443899638
3008283,243.5962248523185
3008284,-0.792031551500404
3008285,51.36049072765811
3008286,-2.620821136543091
3008287,190.35413297155378
3008288,53.28508451200512
3008289,56.44710541004693
3008290,27.05496758005159
3008291,11.875041102709389
3008292,688.9002987587081
3008293,3.7859391929229966
3008294,-1.9650574053634045
3008295,1.3388393123312927
3008296,-1.3498002952058596
3008297,2.1728334445144357
3008298,-1.677932910529562
3008299,-1.7566711385505187
3008300,-2.0336699862712706
3008301,2.5247730482491533
3008302,-4.537946487683184
3008303,-2.1909594065210696
3008304,50.3732904092827
3008305,38.75445500965216
3008306,-0.1053358716807634
3008307,-0.9975190852020432
3008308,52.62647039076328
3008309,12.24678917975838
3008310,0.6416640020169506
3008311,0.10693096635292021
3008312,0.8355831747566844
3008313,1.528286757669739
3008314,-2.0805630349808464
3008315,0.6728459750567344
3008316,197.71792261991874
3008317,1.3731295725261223
3008318,142.4998871846691
3008319,-1.815099163288651
3008320,130.58780202797297
3008321,54.46333339781387
3008322,42.082179972772536
3008323,30.561799264693796
3008324,11.151180163076884
3008325,516.9858202703547
3008326,2.3674210732919163
3008327,-0.8923741842881647
3008328,-0.5096114668974769
3008329,-0.7611847188065805
3008330,1.0954838326940082
3008331,0.11705574532988976
3008332,-2.9069605604618483
3008333,-0.33748853753921143
3008334,1.3431521466861158
3008335,-1.5400269726241822
3008336,-0.7808067769820264
3008337,20.836165981879496
3008338,34.29458631483995
3008339,0.41666607201703293
3008340,-2.016995365736516
3008341,35.35371336372958
3008342,9.60883754540424
3008343,-0.44171805467980446
3008344,0.5619176787771721
3008345,1.8156406614653315
3008346,-1.3895824907535281
3008347,-2.901845059392003
3008348,-0.5412780974528141
3008349,203.08439647675323
3008350,-2.1742552466038614
3008351,36.96323335359128
3008352,-3.918018162077206
3008353,137.48356999580267
3008354,15.083373819984551
3008355,32.1223381080119
3008356,9.029725076410827
3008357,1.0479744220226714
3008358,445.05983562146565
3008359,0.7690766607773185
3008360,-1.713535873693254
3008361,-0.67182543077437
3008362,0.12976089295749263
3008363,0.78642320495881
3008364,-0.5755722229899403
3008365,-1.8171415002573488
3008366,-1.1651508258408285
3008367,0.9244913009170341
3008368,-1.339683974597683
3008369,-0.6628316671227367
3008370,27.439691583951134
3008371,28.87480113896061
3008372,-0.09827346049332845
3008373,-0.17178180859675649
3008374,13.022549846392504
3008375,3.6704487991801216
3008376,-0.7758157340752586
3008377,-0.40195958549116767
3008378,-1.3139842007819242
3008379,0.5814824815653264
3008380,-0.3785496219492096
3008381,0.31747042970193434
3008382,314.797815792102
3008383,2.3765924417358475
3008384,80.13311795923393
3008385,-1.5308384014095646
3008386,193.76911060459432
3008387,114.45614529511877
3008388,46.96901098437025
3008389,43.75562267642046
3008390,33.4106703421902
3008391,743.6839521300436
3008392,5.055769041329768
3008393,-0.8667990103636112
3008394,1.2919606484404358
3008395,0.9545348648623622
3008396,0.40589466705074306
3008397,-0.019090602155774877
3008398,1.6014195906804525
3008399,-0.4168189210834682
3008400,1.831228227029933
3008401,-2.318625612128635
3008402,-0.8786338454467476
3008403,93.58278145298434
3008404,47.42387651844503
3008405,0.5935803547734395
3008406,0.23278285948268151
3008407,71.49935435656619
3008408,26.232925849395105
3008409,3.3411594078854976
3008410,1.408178737768103
3008411,7.32432322125489
3008412,-7.451441125907694
3008413,-16.221488001868387
3008414,-7.865982743103195
3008415,7.612363769250408
3008416,-9.263170072863979
3008417,7.387787292719477
3008418,-11.408391890211606
3008419,-11.101872893457585
3008420,11.691032906741349
3008421,2.3240705176007395
3008422,-2.563688798924163
3008423,-3.470990848995257
3008424,-12.416835839197883
3008425,-3.5266928815422576
3008426,-6.245433055006834
3008427,-4.78613647298058
3008428,-3.961637999131308
3008429,-1.3674120100976142
3008430,-4.718775488736391
3008431,-7.256622846103382
3008432,-6.700704024619518
3008433,-1.3105371636970813
3008434,-13.177606233861443
3008435,-4.227158851732201
3008436,2.8069156486839715
3008437,8.631593194169946
3008438,-2.530114487153551
3008439,-7.113501402883125
3008440,10.988634442550866
3008441,5.060963010937121
3008442,-3.267373832334561
3008443,-2.3048608891596816
3008444,-3.9374026518975374
3008445,1.5949940863009033
3008446,-3.6388020634212856
3008447,1.252846510622803
3008448,-0.0824170736646559
3008449,0.5469000020852037
3008450,7.680211256551376
3008451,-1.0726697888636774
3008452,6.807100739188208
3008453,-0.7784964767793643
3008454,3.949162665205986
3008455,4.025980638134165
3008456,-2.246625013860153
3008457,31.209369111863055
3008458,-0.14713467077381212
3008459,-2.0232542307612675
3008460,-1.1119799570328905
3008461,1.4898434672179066
3008462,2.2193727113541537
3008463,-0.49659154391065397
3008464,-2.237833849361741
3008465,-2.2355542932875325
3008466,2.618472033355065
3008467,-5.080181295901639
3008468,0.5338013666931875
3008469,-2.238803722278935
3008470,7.318995014122229
3008471,-0.2598960730319232
3008472,-1.9670608062217116
3008473,0.7305595845269637
3008474,0.5390266698865163
3008475,0.48669428357257855
3008476,0.38113348297185434
3008477,-1.80485394121275
3008478,-2.9347043719192154
3008479,-8.719554372874121
3008480,-3.692636043900857
3008481,-1.8628428935752892
3008482,-3.6893364972424756
3008483,2.523266791153146
3008484,-4.865632081424701
3008485,0.11550361290253908
3008486,0.06778666976446412
3008487,2.2675956633088212
3008488,-1.5106214979753032
3008489,0.8650739864834756
3008490,-3.93701807076359
3008491,-0.45389403673132617
3008492,-2.3999566210983905
3008493,-2.667145588582462
3008494,-0.9475102380171303
3008495,0.13518506924203388
3008496,-2.307566009739967
3008497,-3.6626216999191095
3008498,-3.1629553621535162
3008499,-0.9014182420226644
3008500,-6.321208405768739
3008501,-1.1677171634191472
3008502,1.5095423693470367
3008503,5.039619952270223
3008504,-1.122446390670848
3008505,-2.397330282200242
3008506,-0.05077971657228772
3008507,0.9724972597576926
3008508,-1.638357655653272
3008509,-0.3606547369750843
3008510,-3.3232530159155433
3008511,-0.7780249505580287
3008512,-2.208312152012227
3008513,-1.1279833471025633
3008514,140.94585701387652
3008515,-1.3965836974464763
3008516,60.71280076712267
3008517,-1.9926834707107628
3008518,126.46508023280839
3008519,61.051860237531656
3008520,27.669144766937315
3008521,14.92445233966158
3008522,12.882209451256154
3008523,423.15051623722974
3008524,3.0214996942446666
3008525,0.5298725213155558
3008526,-0.8680884689649611
3008527,0.5192265689939086
3008528,-0.007432101516133105
3008529,0.23668903381694692
3008530,1.394485140900797
3008531,-0.3076436318978813
3008532,0.31753847016178044
3008533,-3.8507965727388367
3008534,-1.245376110390789
3008535,87.6350177044286
3008536,27.521593184862066
3008537,0.33361478385155346
3008538,-0.9475363160055393
3008539,32.0570494629335
3008540,10.075688514961184
3008541,1.8316685343734933
3008542,0.19202073501171982
3008543,3.206903313221992
3008544,6.240438152909338
3008545,5.848588013176773
3008546,3.4630920102739764
3008547,447.8673220909742
3008548,3.314935238547041
3008549,143.24804306522762
3008550,2.1477679854056624
3008551,245.25023681234262
3008552,141.5675776377003
3008553,60.66076261465845
3008554,56.01936567612087
3008555,33.1864227438636
3008556,914.1995661828578
3008557,3.0186071022046894
3008558,0.8114846378442166
3008559,3.37925915602463
3008560,1.4619207559654321
3008561,0.6545899740249229
3008562,1.617997781851693
3008563,2.913529118536564
3008564,2.9275500274979573
3008565,3.043539268868183
3008566,6.636105229112502
3008567,1.964860492778782
3008568,85.4897503274828
3008569,49.4646906497989
3008570,1.5963226813784355
3008571,3.9135045874642556
3008572,66.07243032066694
3008573,28.628859524778957
3008574,1.3653687177284088
3008575,1.7688964282235906
3008576,8.075907557450002
3008577,-4.124932797662478
3008578,-7.298372016326907
3008579,-3.7755918604844196
3008580,144.48650950244587
3008581,-4.925792638064305
3008582,51.045285813961236
3008583,-6.479261735124746
3008584,67.74919623631445
3008585,52.14268300766081
3008586,18.618555790323516
3008587,18.082466940968217
3008588,17.849930237980008
3008589,271.782379130904
3008590,-0.3982538710528388
3008591,-3.376375385827996
3008592,-1.9300128272024084
3008593,-2.8587457655402253
3008594,0.6619144267127921
3008595,-0.42343003183035766
3008596,-4.834607432163321
3008597,-0.24572263271118566
3008598,1.6003954942625933
3008599,-0.20599906765975895
3008600,-0.7959628780772618
3008601,29.31958979470059
3008602,18.87256364742243
3008603,0.9274362311215009
3008604,-4.513386752056945
3008605,17.587294156062125
3008606,11.77546524046167
3008607,-0.8403675087078957
3008608,-0.3767057618817127
3008609,-1.351123444831901
3008610,2.8367622805558494
3008611,2.051668283744361
3008612,1.9881648095378477
3008613,177.42585602180583
3008614,1.7031912216199272
3008615,83.56741329470432
3008616,2.1997128521677225
3008617,128.84797696412585
3008618,51.48060602667916
3008619,34.614569022425925
3008620,22.05568367326217
3008621,11.80520663108526
3008622,544.544321390184
3008623,3.6302218666951855
3008624,1.1828993734629445
3008625,0.7872478518504544
3008626,1.5967739217049643
3008627,0.29280669666962467
3008628,-0.08186226865297397
3008629,1.6877057283979342
3008630,1.0805989063436687
3008631,1.7547378406139365
3008632,0.29653613912601273
3008633,1.0644758604106868
3008634,56.95786204568526
3008635,40.502586077953175
3008636,0.6233787019079795
3008637,3.364388117765236
3008638,39.211656824405594
3008639,11.59115009066559
3008640,2.3901458968858535
3008641,1.119194576983839
3008642,4.918685577817607
3008643,14.58083269273251
3008644,19.340395248334968
3008645,15.223278839915
3008646,443.2868286952456
3008647,16.820278335263282
3008648,159.01836220673212
3008649,13.14889841334676
3008650,216.5800687285514
3008651,125.6794814900402
3008652,68.97388469180814
3008653,66.92843442176462
3008654,42.47272527236215
3008655,906.4723720682339
3008656,8.795454578175843
3008657,3.046873884705885
3008658,5.493131148540336
3008659,6.0852220304703515
3008660,3.568975866671019
3008661,3.8335267009413228
3008662,5.965991038145178
3008663,7.104716811782958
3008664,6.221018961197981
3008665,17.853875201417388
3008666,3.5216542795462304
3008667,64.62066686637456
3008668,46.80133233131983
3008669,5.0819222484858555
3008670,10.933450361662606
3008671,65.78010566723215
3008672,23.053326537556707
3008673,8.964362084346423
3008674,3.8440840381912063
3008675,10.689583993906155
3008676,15.969929179553
3008677,18.864689228475175
3008678,15.303717204077984
3008679,332.5489615216205
3008680,18.34962354828982
3008681,154.42704745907744
3008682,18.019548270107187
3008683,229.71905391268186
3008684,86.2517211517162
3008685,71.74429268941131
3008686,51.06872434312746
3008687,21.874285417002852
3008688,999.2716361205207
3008689,8.34110550117269
3008690,6.3487738972826016
3008691,6.0650389501140065
3008692,6.62254924086513
3008693,4.831735020387762
3008694,4.3153792685524355
3008695,4.462662269663644
3008696,6.731576961819968
3008697,8.263216755166043
3008698,13.408874532338862
3008699,4.554665153956823
3008700,45.01128826138688
3008701,55.61188787875655
3008702,3.8181735954805234
3008703,10.045953850826962
3008704,48.356243494151215
3008705,16.311647070669252
3008706,4.909177449143655
3008707,3.9735788964475547
3008708,9.192435805668438
3008709,-4.249094018620381
3008710,-5.838856032232729
3008711,-2.522241381253989
3008712,50.20587202768715
3008713,-5.87932222276344
3008714,19.496144353532582
3008715,-6.204845501672535
3008716,19.068049141417287
3008717,8.49540651490126
3008718,6.108784130773784
3008719,4.4840723813107575
3008720,-1.4178999211392282
3008721,85.14270910709428
3008722,-1.648982158312308
3008723,-4.054326054797045
3008724,-2.378074013516114
3008725,-2.3334277898153846
3008726,-0.7592615403675406
3008727,-2.829944878340091
3008728,-3.9796860496458857
3008729,-3.0705694653824205
3008730,-0.08518924613049192
3008731,-9.198846921173924
3008732,-2.430886929106698
3008733,5.35895181836336
3008734,13.99333302704633
3008735,-1.4928551784129627
3008736,-2.560779415471
3008737,6.8492408038034895
3008738,3.0728061555025965
3008739,-0.09516797195009308
3008740,-0.7376899799214403
3008741,-4.914848958142017
3008742,3.548019502128445
3008743,8.321049225708261
3008744,0.3498032881511607
3008745,906.3180372388308
3008746,6.521736259017343
3008747,206.55465717268294
3008748,8.747010389168135
3008749,432.3504828472501
3008750,278.0923045630727
3008751,95.10359192621836
3008752,126.56892993184796
3008753,92.83529655155559
3008754,1576.877250732618
3008755,14.705337629605639
3008756,2.240696614980552
3008757,4.1840199458373535
3008758,0.6911173838928517
3008759,1.8314519394730449
3008760,0.35096977405948565
3008761,5.615043992785795
3008762,4.156587469711376
3008763,5.127526655648689
3008764,17.81322251411988
3008765,1.8316736848207074
3008766,161.45211503824103
3008767,89.85510578821646
3008768,5.513260766635358
3008769,5.511162087746484
3008770,133.07026325385786
3008771,78.41628082821
3008772,4.428541586379215
3008773,2.9233179551654755
3008774,24.594957972669363
3008775,-0.6695893326478837
3008776,-1.1568418598792096
3008777,1.0829302306845785
3008778,112.39493679956053
3008779,0.29245985975241634
3008780,43.21303682472971
3008781,-0.3161217227786257
3008782,92.79197306668254
3008783,24.24559455803712
3008784,22.07942338573674
3008785,16.67601387250113
3008786,5.20726106207449
3008787,377.7409075395115
3008788,2.097506427000037
3008789,-1.284586103758127
3008790,-0.31180111159149193
3008791,-0.004633821513714387
3008792,1.6198030192984811
3008793,0.3351733907877428
3008794,-1.6735602137120513
3008795,-1.0541950182762299
3008796,2.4144389236086794
3008797,-2.5095799903182407
3008798,-0.11710625057364046
3008799,14.304106089945591
3008800,28.270451187469327
3008801,0.6177570019450582
3008802,0.15923889842508965
3008803,17.931807675471966
3008804,5.668731873075734
3008805,0.8686019002123725
3008806,0.6776924019988586
3008807,-0.13844146128959217
3008808,5.496742742273964
3008809,4.80857416191709
3008810,4.075272247665744
3008811,196.79597169865798
3008812,4.624010773382943
3008813,98.04490477602073
3008814,4.518073222326966
3008815,246.05072668749608
3008816,56.87804879753999
3008817,45.05637199421249
3008818,28.180868757707024
3008819,14.528489970216178
3008820,938.6864467088496
3008821,4.230217579003831
3008822,2.3817970779471875
3008823,0.7847777722454634
3008824,0.6266850908948186
3008825,0.31020541438006377
3008826,0.6332443024968166
3008827,2.019367713587337
3008828,1.4874982538452537
3008829,2.8754114704443348
3008830,1.7379987467665636
3008831,1.6226690444951894
3008832,54.81286123948338
3008833,55.428984174552745
3008834,0.5707059705146389
3008835,3.201206334414917
3008836,23.932977800121073
3008837,12.146770964028867
3008838,1.2447683477012765
3008839,1.0840059497888728
3008840,2.9001784687770784
3008841,-1.3083782754915592
3008842,-2.3732428325025876
3008843,0.5675678183324634
3008844,105.76465213964212
3008845,-0.4922027489381435
3008846,41.4529503249791
3008847,-1.3986523963532818
3008848,94.76850937079507
3008849,22.121412939793665
3008850,21.564992124335113
3008851,15.371227668308343
3008852,5.484803770595267
3008853,409.29373175644355
3008854,1.661153355984709
3008855,-1.5036141706018746
3008856,-0.8687369622899929
3008857,-0.577944943387272
3008858,1.1716945575198703
3008859,0.018864831720195513
3008860,-2.2280893982993506
3008861,-1.1557003130350565
3008862,1.9206088636556453
3008863,-0.28862175188791983
3008864,-0.3996832160211557
3008865,14.663092143542773
3008866,30.37089909400445
3008867,0.10299164442090158
3008868,-1.5341160385993249
3008869,17.67792747884846
3008870,5.398734545468607
3008871,0.08291046766927362
3008872,0.1235560813296547
3008873,-0.7355472717455701
3008874,4.6282412817639615
3008875,3.8162636057590578
3008876,5.0202539577334155
3008877,157.85508032119938
3008878,3.55818462766479
3008879,67.4723710735623
3008880,3.3875112752724093
3008881,232.77822587903427
3008882,39.82749926701203
3008883,39.70197317991258
3008884,31.1140907591779
3008885,10.291276133440551
3008886,799.8386003503053
3008887,4.366043009427661
3008888,1.8707295761582214
3008889,1.0907823852613059
3008890,3.043335892241527
3008891,1.528876173917663
3008892,2.082593817438203
3008893,2.831080704522494
3008894,2.9899325411061057
3008895,3.6192156336566828
3008896,5.8101978226993065
3008897,2.7218044927891176
3008898,43.125003254684884
3008899,52.11765717660659
3008900,1.4912263131134442
3008901,2.088493839067706
3008902,23.825119212427992
3008903,11.581731489275583
3008904,3.1631362336720907
3008905,1.9955094561067073
3008906,3.403365876546819
3008907,6.705060246914254
3008908,6.119360652043719
3008909,6.105709779399513
3008910,301.1933457051019
3008911,6.9190328793618034
3008912,164.10117698171936
3008913,5.038101455996257
3008914,187.5089006035413
3008915,50.67929564908194
3008916,53.804041135456615
3008917,30.24782768367931
3008918,20.49717810656768
3008919,922.8196607732821
3008920,3.9491343696493573
3008921,1.5293193192580952
3008922,0.7827465089253679
3008923,-0.5432322199831537
3008924,-0.029719888638908287
3008925,-0.19787225612770956
3008926,0.5262790693108697
3008927,2.3243977626532
3008928,2.5315514502099106
3008929,1.808885154493357
3008930,0.13428974195197269
3008931,41.25950235174801
3008932,58.05006517351954
3008933,2.1887289639858434
3008934,8.198307373132291
3008935,28.12142099720767
3008936,10.563752225423372
3008937,1.6230522137983938
3008938,0.7402619166430237
3008939,3.46913494686268
3008940,-2.2921895082045616
3008941,-5.285966846691401
3008942,-0.856438471930402
3008943,119.97138548935695
3008944,-0.9950017299263948
3008945,35.61315963691222
3008946,-2.8242789248262126
3008947,92.1028246479726
3008948,18.663155484684687
3008949,17.613472519940526
3008950,14.318450904395549
3008951,10.588944935140994
3008952,432.2213142408275
3008953,0.542354191179395
3008954,-1.8258683563639058
3008955,-2.09201613845023
3008956,0.7828473759331303
3008957,1.6550735721873866
3008958,0.6376916813836147
3008959,-1.6729021291077948
3008960,-2.2775634751528506
3008961,0.41837810822468446
3008962,-4.0821366850522045
3008963,0.6767584336840378
3008964,22.9826344384556
3008965,24.867323624272544
3008966,-1.3131931790841136
3008967,-1.1882025146341393
3008968,12.028414517469384
3008969,4.874904189490728
3008970,-0.9701889446349687
3008971,-0.8007488402149772
3008972,-0.7012252361023945
3008973,9.336530999851384
3008974,8.96898832373175
3008975,7.04789482912849
3008976,186.15376713139182
3008977,8.632276556371071
3008978,90.16019624748573
3008979,8.307954291248171
3008980,137.26767875984254
3008981,42.781007436568906
3008982,35.336101191093405
3008983,25.02075204076005
3008984,12.08032367714974
3008985,722.017252995308
3008986,4.312718222943724
3008987,2.570106945913751
3008988,2.323853874882036
3008989,2.314951013236889
3008990,1.6778753330038967
3008991,1.4897154019256709
3008992,1.6104620924913913
3008993,1.0725457680224941
3008994,2.4526087444053633
3008995,2.1822022103924175
3008996,2.4224774003161587
3008997,30.081387937461145
3008998,34.66891182884846
3008999,1.7080045185680797
3009000,4.439977084628324
3009001,21.66595592628498
3009002,10.227886267242823
3009003,2.9768187889859767
3009004,3.254727705857579
3009005,3.288388869988005
3009006,-2.6512296281421732
3009007,-4.583042890448419
3009008,-4.439863941422663
3009009,181.84416668527223
3009010,-5.924444483251719
3009011,86.33334768863861
3009012,-3.2167409655704975
3009013,189.60096956044248
3009014,89.02787967187308
3009015,23.425219524954226
3009016,29.76068222966925
3009017,19.22718714966322
3009018,594.5682777547898
3009019,4.2761844162103735
3009020,-1.1363889082913805
3009021,-1.2967811856210825
3009022,-1.22441054911568
3009023,-0.35484863264850675
3009024,-1.4708706840737136
3009025,-0.3414132005572605
3009026,-1.5955270342789731
3009027,-0.29609701083719075
3009028,2.393641624326986
3009029,-0.8437619561371388
3009030,39.35184210541355
3009031,41.392407217449176
3009032,-2.0370227525940274
3009033,-2.5026994086918535
3009034,20.11821640468802
3009035,19.764962660184057
3009036,-0.5557378803288224
3009037,-1.329010497397619
3009038,1.2661047073491796
3009039,5.849786821617746
3009040,3.9508117818560233
3009041,3.5266465744773448
3009042,214.56840509109256
3009043,3.096933947412472
3009044,110.05662425648532
3009045,6.296455935362119
3009046,249.1271643284391
3009047,105.85152002338815
3009048,46.16412998359551
3009049,38.18282026315071
3009050,31.440093736371146
3009051,933.6543371196069
3009052,7.519920391636926
3009053,2.26690182008487
3009054,2.8269447427441743
3009055,-0.220592310946056
3009056,0.5102785383488777
3009057,0.7729391911941388
3009058,2.3070034298002726
3009059,1.8152486756799522
3009060,3.5215192881137884
3009061,3.807267530296169
3009062,1.0989386957142893
3009063,41.324941781601694
3009064,58.988143958061016
3009065,1.7926910400079328
3009066,0.044890690963354685
3009067,25.688318332505908
3009068,24.862437683381515
3009069,2.524814683976067
3009070,1.7930650646745858
3009071,4.915366509852495
3009072,2.219775947281014
3009073,-0.4554689878947147
3009074,-0.2597422313509742
3009075,209.56047890046057
3009076,-0.33437444201190347
3009077,152.56106302034794
3009078,0.02223748682910809
3009079,240.53196013602792
3009080,44.1428831841737
3009081,36.553692870813904
3009082,33.28827109578451
3009083,9.048536619246587
3009084,780.9342047863007
3009085,4.0848815215141006
3009086,-0.5839086788969575
3009087,-0.6318320663229746
3009088,-1.2177637453992498
3009089,-1.1673570326146796
3009090,-0.8472111459127041
3009091,-0.8651385974410801
3009092,0.8037695720498892
3009093,1.1980598808173748
3009094,1.2606056432533594
3009095,-0.5384015068244185
3009096,28.883641489848845
3009097,56.40275421905269
3009098,-0.8618162686140272
3009099,2.4711868965270583
3009100,20.349965239319456
3009101,11.21786013924396
3009102,-1.127852582734638
3009103,-0.36030948242471594
3009104,2.0353251048933023
3009105,-1.2630943612348349
3009106,-3.099293930703866
3009107,-2.711722019008448
3009108,275.2791369068358
3009109,-0.7032570664773812
3009110,85.05799274145974
3009111,-1.587344192801829
3009112,191.8033318406313
3009113,118.46404177526594
3009114,50.383421853520844
3009115,45.757567972916725
3009116,36.50846996246466
3009117,732.4366574379492
3009118,4.521303429622931
3009119,-0.7795678373900591
3009120,0.29089796829372067
3009121,-0.8636390249094984
3009122,-0.45531702815438624
3009123,-0.7712952717099689
3009124,0.5016853360978711
3009125,0.2191467370079772
3009126,1.612947666581749
3009127,0.5359955631761478
3009128,-1.1134962698089659
3009129,88.61370472897121
3009130,48.299531157693565
3009131,-0.6417810080178605
3009132,-1.5995689331072254
3009133,70.961277332639
3009134,29.04916132846483
3009135,1.6626015118751822
3009136,0.7868906539674936
3009137,6.921836068967822
3009138,2.753511342610194
3009139,2.571261352751361
3009140,4.437368209018217
3009141,158.82722987470396
3009142,3.734613913143743
3009143,73.43751651893166
3009144,3.9869305432527655
3009145,208.51573959113796
3009146,38.15739310596662
3009147,37.891976214396344
3009148,27.569828844041886
3009149,12.706689197180385
3009150,810.7259869812929
3009151,3.359874512897961
3009152,0.16879154849416636
3009153,0.3276846245842046
3009154,-0.14309729644788038
3009155,0.882367204266277
3009156,0.378368414852423
3009157,-1.445103633719525
3009158,0.8437143379046267
3009159,2.6773608547110657
3009160,0.4994468175849638
3009161,0.19940112761612233
3009162,23.898496036218013
3009163,45.683125152292725
3009164,1.013403444613092
3009165,-0.18059729529540958
3009166,18.827913768111497
3009167,9.9216975395152
3009168,0.33285414641217925
3009169,0.5156482666407521
3009170,1.152218160034032
3009171,5.729552805320903
3009172,5.58672063408031
3009173,6.756715152056616
3009174,167.8705230180099
3009175,6.825909245763663
3009176,74.97778810836928
3009177,5.7044688405634405
3009178,171.24483627068213
3009179,65.02969065414959
3009180,41.50326225387681
3009181,29.079873955436604
3009182,28.50566486509604
3009183,671.2593181454412
3009184,5.955015608974511
3009185,1.983621614015549
3009186,1.8628203552416982
3009187,2.117641706647197
3009188,2.817048299422834
3009189,2.0707011469674512
3009190,1.5443199504226799
3009191,2.2629442827657718
3009192,4.855006462639928
3009193,4.417876387918646
3009194,2.302216637917129
3009195,34.025878687047836
3009196,44.137457205712515
3009197,2.9388410226690995
3009198,2.4271497935615853
3009199,23.445249593694783
3009200,14.921535498416246
3009201,3.3768818747027094
3009202,2.0178842430657515
3009203,4.986640875530653
3009204,-7.38773074395649
3009205,-10.930784300365781
3009206,-5.071918897104333
3009207,9.557100800493936
3009208,-3.3112582076832773
3009209,8.010369961247779
3009210,-9.047697005438096
3009211,-4.186214085861138
3009212,1.7982170723874882
3009213,-1.023707821532953
3009214,0.8886885659630159
3009215,0.6145524994347937
3009216,-21.672708389532783
3009217,-0.8687714388990638
3009218,-4.525728612013015
3009219,-2.5293390868055647
3009220,-1.876111646419565
3009221,0.17040947374610588
3009222,-1.2160525373690758
3009223,-5.703976476706128
3009224,-4.2022106444011005
3009225,0.5078988380123997
3009226,-9.072191955749883
3009227,-2.1692977200167367
3009228,-1.1504333038233447
3009229,8.691277384639209
3009230,-1.059567597322864
3009231,-4.867730097055622
3009232,3.1938742170577754
3009233,2.1698439942283883
3009234,-1.5457855495739272
3009235,-1.9741911559172947
3009236,-3.0481394189464917
3009237,2.3063840780461033
3009238,1.633378373314913
3009239,1.4684735047648425
3009240,401.84499132041196
3009241,1.818005536886485
3009242,68.0285843763433
3009243,-0.21519402805779458
3009244,173.55710584127854
3009245,26.892835129471788
3009246,34.753684472274635
3009247,21.721360046094556
3009248,9.70966548387349
3009249,631.6112908287818
3009250,1.9386423679605036
3009251,-0.4686733071400045
3009252,1.1565431573987848
3009253,1.024091428391141
3009254,0.7185504035985764
3009255,-1.1726298426646349
3009256,-0.3430405592248712
3009257,-0.9927480220702523
3009258,1.7580775127350468
3009259,3.2884796622760155
3009260,-0.6818796417779481
3009261,29.851003971400964
3009262,35.96266016380604
3009263,1.1892280869788487
3009264,3.325921496081562
3009265,22.374626180302613
3009266,9.765820487269895
3009267,1.8597371266295455
3009268,0.6376371625385877
3009269,2.001104265165952
3009270,5.112236987709076
3009271,-0.8765439265983558
3009272,-6.144779434247285
3009273,1133.7506305699062
3009274,-3.4305918227706207
3009275,271.7663948367161
3009276,-6.037787267354088
3009277,595.4637961447859
3009278,400.48341795707506
3009279,153.02928229884157
3009280,155.8336673762507
3009281,134.19934608665332
3009282,2010.8463834542297
3009283,11.607417636781229
3009284,-4.476242942079934
3009285,2.016917898843585
3009286,-4.617775781085547
3009287,-0.9877262202230668
3009288,-3.575756949269799
3009289,-3.3639667508611817
3009290,-0.5034733369667266
3009291,-0.34618206316010397
3009292,12.098458194625437
3009293,-2.9529160204110125
3009294,225.65351914019132
3009295,120.22859271743711
3009296,-2.079422831834545
3009297,-3.3381251600728543
3009298,168.7141942845027
3009299,111.43790512632977
3009300,2.3289603304816042
3009301,-4.301142040142841
3009302,24.084044569355573
3009303,0.3338311490317938
3009304,-0.3614407550362737
3009305,-2.724666226031659
3009306,870.5890232349175
3009307,-2.0262395140612717
3009308,212.46589403292074
3009309,-1.9871219031531835
3009310,560.2796794771124
3009311,273.3839744260545
3009312,147.2436617991393
3009313,108.78276781453064
3009314,104.62443657927965
3009315,2016.593595866611
3009316,12.096317213977073
3009317,-0.7811059533013213
3009318,1.8790006785044353
3009319,0.08701296151866701
3009320,0.5763750720680947
3009321,-1.8524515131858243
3009322,0.9921425821086814
3009323,1.396956994309785
3009324,0.23695841633072634
3009325,5.107750346962366
3009326,-0.11384723140801734
3009327,252.6473160444551
3009328,120.64975665342185
3009329,0.6825436351672216
3009330,-1.716927018174938
3009331,183.21321307082314
3009332,74.37683565822391
3009333,5.357325262886698
3009334,-1.4891154630323222
3009335,22.26019302444638
3009336,-6.62864189425989
3009337,-11.612596596110198
3009338,-3.075826484459067
3009339,702.402845587086
3009340,-11.090512539346637
3009341,159.83396218642372
3009342,-8.479861703462394
3009343,567.4308531316357
3009344,211.63726360270147
3009345,174.15951480364825
3009346,63.420025515400596
3009347,77.29872152410935
3009348,1920.9633220357937
3009349,4.897231954154904
3009350,-2.438127661348426
3009351,-1.045622596940466
3009352,-6.454739109642651
3009353,-2.361691779948105
3009354,-3.542997753176187
3009355,-2.8273775182029564
3009356,0.8825473862876788
3009357,1.3493652861175178
3009358,-6.546572166021997
3009359,-4.072198547186145
3009360,275.31950033044916
3009361,141.94672959114212
3009362,-1.7443314101846956
3009363,-9.284764417769365
3009364,215.3867796680688
3009365,52.84658543819029
3009366,-0.06686770043936122
3009367,-4.152165432482252
3009368,11.993695574890918
3009369,-2.235929276007628
3009370,-6.456447055385033
3009371,-4.663465350107835
3009372,812.3192026991006
3009373,-10.820502862057584
3009374,213.22618094970485
3009375,-7.392212221867831
3009376,540.9606767182412
3009377,255.1134490305078
3009378,159.65824824675852
3009379,87.10720731615812
3009380,78.55458666828483
3009381,1910.737714028943
3009382,4.215226378439457
3009383,-5.344565387850617
3009384,0.5080858161148172
3009385,-6.000625193310516
3009386,-2.7525132982378455
3009387,-5.576211938359938
3009388,-4.731882596803444
3009389,-0.6108305511348044
3009390,-0.5286700083490177
3009391,-0.7814895216342665
3009392,-5.769395292168647
3009393,202.26162961685685
3009394,132.29579312816108
3009395,-1.5288570443625393
3009396,-7.012700734385034
3009397,198.68478796309927
3009398,64.8565810742531
3009399,-1.766966550230463
3009400,-3.6287278018566944
3009401,13.982807956161306
3009402,-4.477349158239485
3009403,-13.311114328371879
3009404,-2.0495119338814036
3009405,522.6247399802394
3009406,-7.44485632093896
3009407,171.87295101106412
3009408,-6.136668614133687
3009409,512.7455192406835
3009410,178.8774630318754
3009411,158.60754185107936
3009412,52.852716878657475
3009413,60.703737147500135
3009414,1756.0550551118308
3009415,5.403313782812674
3009416,-0.4751307479593561
3009417,-2.106547387887931
3009418,-5.188101601976049
3009419,-2.013033000790547
3009420,-1.4077133453842725
3009421,-2.5010473913192617
3009422,1.5134648969352384
3009423,3.089381573558185
3009424,-1.447933145687766
3009425,-0.530883656988899
3009426,233.3000682141667
3009427,133.30548142774398
3009428,0.08087718659224265
3009429,-6.885766185864085
3009430,197.9727647911986
3009431,46.12512044778376
3009432,-2.1059705969902645
3009433,-3.161358997146126
3009434,9.50594205354373
3009435,-5.482589137724681
3009436,-8.22991667774415
3009437,-6.495163109327077
3009438,556.7293061241427
3009439,-8.141468526573409
3009440,137.6155853740629
3009441,-11.93238093530019
3009442,272.9085692372715
3009443,186.9576602534774
3009444,71.73475773977441
3009445,70.27480887123191
3009446,60.887508696596996
3009447,945.3891517630931
3009448,5.986133977353656
3009449,-3.915615329531738
3009450,-1.8316837936562116
3009451,-4.856107087001838
3009452,-0.39142919838495793
3009453,-2.966512650273817
3009454,-6.108694124466673
3009455,-4.217190352560083
3009456,-2.1120598530132155
3009457,-1.1196211301197216
3009458,-3.691343107554149
3009459,119.65690190054494
3009460,66.00833643591008
3009461,-0.34641370395491317
3009462,-3.001823805412605
3009463,77.425063976454
3009464,55.92302405510641
3009465,-0.7929291193020256
3009466,-1.9975144569015173
3009467,10.514094753520803
3009468,1.6173747607431141
3009469,0.9900965975889948
3009470,3.318298860394716
3009471,213.47461052444413
3009472,1.1476465553924209
3009473,86.89505591212591
3009474,0.4633926978551608
3009475,241.60064778234388
3009476,79.56207245620811
3009477,57.12107603184144
3009478,39.47370585795899
3009479,28.63224322445407
3009480,788.2487145863873
3009481,2.618228192375536
3009482,-0.45395491246257735
3009483,0.522917675159988
3009484,-0.36414220594306246
3009485,0.6822715803689061
3009486,1.6530409757830058
3009487,-1.1398407552529535
3009488,1.1746464811846817
3009489,6.291369493373422
3009490,1.8895839311644884
3009491,0.790033583204422
3009492,72.32666313146532
3009493,53.87305734560803
3009494,-0.044882968835008794
3009495,-0.24233975564231958
3009496,43.83989757015647
3009497,22.893730424836832
3009498,1.9806455572238337
3009499,-1.150986619039395
3009500,2.7617276121022587
3009501,-0.944882198921514
3009502,-6.418264294919172
3009503,-2.574255793920711
3009504,394.6112182204595
3009505,-4.934667514963767
3009506,115.98532918331023
3009507,-2.9804689503481674
3009508,373.51176569719325
3009509,128.9995229234416
3009510,95.40932112463668
3009511,34.423003611993735
3009512,32.49634753142527
3009513,1336.2454089366367
3009514,6.849960889138802
3009515,-1.2647981849036478
3009516,-0.5875465463292675
3009517,-4.778862420024925
3009518,-0.5963279482482358
3009519,-2.936722940178897
3009520,-2.8424316824711786
3009521,0.028735767814705465
3009522,2.9885986510481417
3009523,0.19884968146439863
3009524,-1.8352101667251735
3009525,148.5293042319721
3009526,93.04225514314464
3009527,0.25437832310954045
3009528,-4.854919296374101
3009529,80.04176614820989
3009530,36.73401092038248
3009531,0.8683491540863543
3009532,-2.3199471907280165
3009533,4.037855596029148
3009534,8.418996496555227
3009535,9.138496555707716
3009536,5.912490859090504
3009537,674.881846539949
3009538,7.38017075313739
3009539,198.68722301270714
3009540,4.47022872608377
3009541,324.9240408513609
3009542,219.96230893370932
3009543,80.44482634935059
3009544,84.53866992258958
3009545,79.3418317285132
3009546,1189.39886560236
3009547,6.7023306432902245
3009548,-0.11319175804077541
3009549,3.5062689610598676
3009550,1.2488436752939014
3009551,2.7168685195981013
3009552,0.9732901634679
3009553,1.9029733867221514
3009554,1.8908345081219884
3009555,2.5265771204774135
3009556,9.071452540200081
3009557,1.2814612013498845
3009558,135.65374245843256
3009559,65.13605621363382
3009560,4.626455799931682
3009561,3.821635481129233
3009562,97.47009497343655
3009563,49.54807100524067
3009564,5.1319708629538585
3009565,3.3909112005959106
3009566,15.633175971742205
3009567,-1.8572879773015176
3009568,-9.382828797614263
3009569,-2.9138579373709823
3009570,5.102546886181749
3009571,-3.0947981436752032
3009572,10.914472432080833
3009573,-7.237601567082184
3009574,-5.593804137359076
3009575,8.11290784157176
3009576,0.24594207752637343
3009577,0.5153944709591576
3009578,3.011093638708844
3009579,6.167493153017857
3009580,1.169771048028979
3009581,-2.9849699090780812
3009582,-3.8560326975474584
3009583,-2.3452986836962246
3009584,2.3429579113174808
3009585,-2.1314282961633766
3009586,-4.7651237262345605
3009587,-3.8179390704675886
3009588,-1.0465669977778873
3009589,-10.74734230495528
3009590,-2.2658542177271923
3009591,2.288255357673952
3009592,5.995970836340961
3009593,-1.4031350298650125
3009594,-3.530259721809767
3009595,0.4720723292518596
3009596,8.415440657572999
3009597,1.6957926265979166
3009598,-1.472110213047114
3009599,-2.276086117356814
3009600,0.4935844889711495
3009601,1.0399018915999239
3009602,1.9572929250753566
3009603,-0.9245688246839074
3009604,1.4660868837993384
3009605,3.8410531274581388
3009606,-1.5983710266513482
3009607,6.645222047153803
3009608,-1.4278808852248766
3009609,0.7878508694659775
3009610,0.9967098188689613
3009611,1.845982458747021
3009612,27.16241458604534
3009613,1.3548652094810496
3009614,0.0070147127242853324
3009615,-0.25143705223312846
3009616,2.5273704566661523
3009617,2.105431551395359
3009618,0.8511324574333594
3009619,0.03670961985277241
3009620,-1.32648086760492
3009621,0.9364597855563932
3009622,-4.109962699908435
3009623,0.460804604407258
3009624,-1.3244930647849107
3009625,4.008422265349721
3009626,-0.21362004926385125
3009627,0.5219709370404724
3009628,-1.2176397691974126
3009629,2.159070919773094
3009630,2.1880617754001412
3009631,1.0241192170652482
3009632,0.7107099448892893
3009633,4.7926363074153775
3009634,4.53860795235043
3009635,4.6979179946350635
3009636,140.12662985462595
3009637,5.895075789505645
3009638,60.243352843222034
3009639,6.928138441596767
3009640,257.2313890109051
3009641,17.82676667143678
3009642,33.34441379783633
3009643,19.161181076398424
3009644,8.2171184063291
3009645,768.3558059816073
3009646,5.842236128620291
3009647,3.3125165141880033
3009648,2.5436201765154807
3009649,1.2598477089456286
3009650,1.6906543900540532
3009651,1.673268043795954
3009652,2.151201673610515
3009653,2.578993578431157
3009654,3.7015026122411765
3009655,2.0119171166247294
3009656,1.8834633501559188
3009657,12.596113265439666
3009658,42.86313005932117
3009659,1.8521312898558722
3009660,2.0897286220613682
3009661,10.315402112869808
3009662,13.194103778622132
3009663,2.7986486860182707
3009664,2.6357528251257394
3009665,3.184707376826875
3009666,3.513340646275901
3009667,7.39792509077291
3009668,2.341132925150305
3009669,377.93404572864256
3009670,7.062219840467733
3009671,98.8516305613343
3009672,5.435831660585827
3009673,281.96405807777296
3009674,133.17353356298014
3009675,66.97920039816061
3009676,59.19427491009104
3009677,54.03149829988725
3009678,1012.7712002829746
3009679,8.367301524600045
3009680,4.1855924783689265
3009681,2.7863441203361434
3009682,4.276362270927784
3009683,0.6503838960352004
3009684,2.158094586015795
3009685,7.215898696678632
3009686,3.7493024552270073
3009687,2.5475205717211065
3009688,6.670769664711443
3009689,2.759312263437896
3009690,106.13003818287062
3009691,57.32049524309318
3009692,3.7306234808295264
3009693,4.957456726016821
3009694,107.00790957840263
3009695,32.83022011235764
3009696,7.124472156064512
3009697,3.1874176735073703
3009698,13.981230167317118
3009699,-8.01204628629508
3009700,-11.011589909493491
3009701,-8.332546807581384
3009702,354.8375711811916
3009703,-11.229612981972606
3009704,99.43673690952332
3009705,-13.344473258597283
3009706,157.4593852032196
3009707,139.8792229177238
3009708,36.336343294058175
3009709,49.100951176325324
3009710,35.04761378610922
3009711,516.4554197843574
3009712,1.5430014334642328
3009713,-5.912568723417789
3009714,-3.0912527448468605
3009715,-6.106299388366315
3009716,-1.6189537064440083
3009717,-3.236851871436811
3009718,-7.792846156212909
3009719,-3.4961250384303275
3009720,0.36918284508967203
3009721,0.18347743887065004
3009722,-3.477902068653493
3009723,93.5924442670797
3009724,38.59011172584199
3009725,-3.0521884786547164
3009726,-7.273352913085549
3009727,51.628357558496646
3009728,33.63830001866823
3009729,-1.1607007433364198
3009730,-3.879923427337126
3009731,2.6598680131822765
3009732,3.111482253546128
3009733,4.430801611706842
3009734,0.8404839228696073
3009735,479.32349495967236
3009736,2.2840646934004325
3009737,123.03699517895905
3009738,-2.995602782247297
3009739,272.7955343560877
3009740,180.94315766034896
3009741,59.99297466863616
3009742,71.93422027745633
3009743,40.559106127648555
3009744,900.7618457055412
3009745,6.454885319380956
3009746,0.006713050300895695
3009747,2.3544601674411028
3009748,0.8181845889675605
3009749,1.2793503164904179
3009750,1.1896902812831105
3009751,1.2424087074211276
3009752,0.584552100822475
3009753,4.23308920633117
3009754,6.610021118044132
3009755,1.0290697956748776
3009756,107.098643119497
3009757,56.567960704160654
3009758,0.7392561163140272
3009759,0.4662502487678603
3009760,66.6416074239977
3009761,44.11965662973187
3009762,2.7710453658653202
3009763,-0.1846868462256316
3009764,11.822087638848462
3009765,5.4779752295704744
3009766,4.320427481459369
3009767,5.483852815217142
3009768,340.41834541537935
3009769,6.397792929466123
3009770,120.84586423282647
3009771,6.299869321492916
3009772,357.96904017671557
3009773,83.62978818833716
3009774,101.81103883196988
3009775,44.70108546847342
3009776,20.467423439183186
3009777,1310.7577644761209
3009778,3.77988303350372
3009779,2.130149393009088
3009780,3.183090188507194
3009781,-1.056606545623472
3009782,-0.09920221998196209
3009783,2.4004038383516675
3009784,1.0784644688053595
3009785,4.708901400779978
3009786,5.592190854226282
3009787,1.3090277355645958
3009788,0.3036842728349802
3009789,75.09322038165021
3009790,79.25737621074103
3009791,3.7005460788858913
3009792,-0.03993303338226284
3009793,93.93365548947037
3009794,19.831836006538218
3009795,3.8618223601394854
3009796,0.8134951848428319
3009797,5.5876701267031965
3009798,0.39505658531161325
3009799,-1.0378600550944703
3009800,-0.3708388983046824
3009801,177.07911019955986
3009802,-0.07571629418525844
3009803,59.18089011560889
3009804,-0.5288762223688536
3009805,140.30103934649597
3009806,83.47761880880869
3009807,27.146834558990342
3009808,30.760322545590206
3009809,15.50765973965674
3009810,423.409154794493
3009811,3.504227343902021
3009812,-0.47475764569280726
3009813,-0.4945469256296201
3009814,-0.42722153487135983
3009815,-0.7481806909365332
3009816,-0.3866341629643648
3009817,0.03757546583906331
3009818,0.5161710731840867
3009819,0.5799462058604331
3009820,12.06299643168346
3009821,-0.8074228581200076
3009822,63.85867725694049
3009823,20.940156833808434
3009824,-0.5247200278339005
3009825,-0.9533019067902662
3009826,39.3300383033463
3009827,12.703474477155542
3009828,0.7036069312508607
3009829,-0.12764882266397762
3009830,3.9069449101041664
3009831,0.6328356373510178
3009832,-0.04539569347926797
3009833,1.7635384862702994
3009834,101.86621757396307
3009835,1.280801001080763
3009836,31.195703584518235
3009837,1.1000561106239912
3009838,156.06749768624243
3009839,20.21989555755099
3009840,39.260234203387114
3009841,10.821750030094154
3009842,4.691287470395618
3009843,491.25865143043114
3009844,2.1232954515557503
3009845,0.3887962653192517
3009846,-2.3017675279518155
3009847,0.32720414866859754
3009848,0.44549595277439946
3009849,-0.4322344132422222
3009850,-0.010142491292253916
3009851,-0.3086618136421749
3009852,0.5384838678947926
3009853,1.3399438290980106
3009854,0.062301876647870805
3009855,46.870360912215396
3009856,28.015281555038893
3009857,-0.47841451276159214
3009858,1.4898944628793378
3009859,25.623754644846485
3009860,4.5238097036867115
3009861,0.9739559394603112
3009862,-0.12771921744737486
3009863,1.9458904894463467
3009864,1.2017151668982478
3009865,2.5573704770612316
3009866,1.8967612372538498
3009867,451.29741625737836
3009868,3.1805819417410746
3009869,112.88733160972177
3009870,0.45552996825597797
3009871,330.66223114829506
3009872,38.43816486503365
3009873,57.05419182540074
3009874,22.86901954482859
3009875,15.810075475075354
3009876,1139.6304336025598
3009877,2.9897837910212184
3009878,0.508603358188302
3009879,0.34115545865726743
3009880,0.43997087872627144
3009881,0.7913259468871183
3009882,1.7248318840616046
3009883,1.5608818108488414
3009884,0.982181799004211
3009885,3.3796884186035094
3009886,5.019434998575962
3009887,1.4204232319313816
3009888,123.05364321309
3009889,54.974326179155945
3009890,1.005289164006208
3009891,3.793374908639053
3009892,66.05132780594494
3009893,6.930864256365058
3009894,0.7441252671632174
3009895,-1.0357620860498356
3009896,3.762878142207446
3009897,1.5167614169217998
3009898,0.6122692670314427
3009899,0.49463089385862996
3009900,138.62637283793032
3009901,0.6829500542579626
3009902,41.66532116726703
3009903,0.9517387800860887
3009904,140.65748995719775
3009905,22.176941099023246
3009906,28.92203785216261
3009907,10.004499218797063
3009908,1.0155532602411408
3009909,478.34283226251796
3009910,1.0708400160694873
3009911,0.6277967322513723
3009912,-0.2147464959185163
3009913,-0.09085504632705124
3009914,-0.016918698121226053
3009915,-0.2401028901618702
3009916,0.34196447752976383
3009917,0.056906066716692294
3009918,1.029542177124895
3009919,3.488795561018451
3009920,-0.24512370352815194
3009921,30.733223681096355
3009922,24.238387093100535
3009923,0.10769422339319135
3009924,0.5292899117623164
3009925,13.888892148947852
3009926,2.8788174426709157
3009927,0.06752810681755364
3009928,-0.18277848817786435
3009929,0.6406987374366144
3009930,0.6730509069780237
3009931,-0.33004786093115396
3009932,-0.6006777187893021
3009933,137.10897037501758
3009934,-0.5533292040812375
3009935,39.05240808346505
3009936,-0.32922059944488863
3009937,136.73482575163774
3009938,20.324904643757765
3009939,26.21027003926516
3009940,8.29717413599741
3009941,-1.7472373862921082
3009942,465.955703824835
3009943,0.7883427188607312
3009944,0.22877782346688033
3009945,-0.7006320317556674
3009946,-0.5852249139864579
3009947,-0.4979228527149099
3009948,-0.675901082450364
3009949,-0.0057244615375384444
3009950,-0.27622706309608475
3009951,0.23027982841806077
3009952,2.567903723710733
3009953,-0.6113811853674269
3009954,30.26603567288992
3009955,24.805524008910943
3009956,-0.1988335196203843
3009957,0.09275708453074916
3009958,12.580679483635397
3009959,2.514737883192938
3009960,-0.33452626832244275
3009961,-0.5087599010291161
3009962,0.29858835785737037
3009963,1.3895957742264
3009964,1.6307347405165638
3009965,0.4250986709271819
3009966,93.83080483505844
3009967,0.7757339182250144
3009968,41.27666261701721
3009969,2.7863180165282397
3009970,198.50624892925683
3009971,22.29098803867884
3009972,25.77152060760178
3009973,11.351446513714182
3009974,0.6849309845725658
3009975,545.4418764462058
3009976,3.094885342372902
3009977,1.3616350143285967
3009978,0.8600536089097592
3009979,1.3663451689303043
3009980,-0.09720522296451911
3009981,0.9200844353086293
3009982,2.3835198676987353
3009983,1.5268834253892714
3009984,1.3185917169588652
3009985,4.3496334518057775
3009986,0.8604963367910682
3009987,75.60504732067227
3009988,42.34206683867978
3009989,-0.8402372313915545
3009990,0.14383109515019213
3009991,15.344438980175866
3009992,6.549909543551214
3009993,0.7938018654369375
3009994,-0.04047953125530283
3009995,2.002254704509862
3009996,2.4621101103740513
3009997,2.602640609004184
3009998,3.1863131428532507
3009999,145.85321940153102
3010000,2.2334427526398213
3010001,36.98525337864172
3010002,2.4835766928359955
3010003,162.33341368008385
3010004,23.914791775980703
3010005,37.90540472053894
3010006,11.583011060870266
3010007,5.847794170411894
3010008,588.4652180381947
3010009,3.2599259373345557
3010010,1.4300016741170112
3010011,0.8887857818936755
3010012,0.74004902769414
3010013,1.2481440525886867
3010014,0.02146087194683788
3010015,0.951535485108061
3010016,1.172359198954582
3010017,2.8287997696721137
3010018,3.4479943302318494
3010019,0.2262406844637735
3010020,27.41340701081647
3010021,28.17816776297237
3010022,0.9300806774002557
3010023,1.379420168827155
3010024,11.733516481828628
3010025,3.4725485693498195
3010026,1.1189057525915542
3010027,0.06240279974270378
3010028,0.9730023399510082
3010029,3.8224905464707266
3010030,6.163795081485368
3010031,4.710143147122544
3010032,112.07900815349734
3010033,3.856223474060825
3010034,49.49085158478931
3010035,4.339761792904464
3010036,184.43598361277662
3010037,23.475648060637106
3010038,39.118825728198246
3010039,24.02986759869531
3010040,6.7454677628952275
3010041,595.08405497402
3010042,3.344876982248606
3010043,0.5112898782571574
3010044,1.4642886473711405
3010045,1.3313098431975596
3010046,1.4600262821287833
3010047,0.3933703182130921
3010048,1.142019067693691
3010049,2.0589455047037335
3010050,3.7662781965188703
3010051,6.176499623293822
3010052,0.3030987652585827
3010053,25.140496894199423
3010054,34.721884666831315
3010055,1.5202562503045192
3010056,2.4811038218562316
3010057,18.83539839009718
3010058,7.339684507044803
3010059,2.9850484265494743
3010060,0.5765350979259529
3010061,3.0357230952418472
3010062,1.4153152963920002
3010063,3.5492933321857256
3010064,3.3800390606376824
3010065,192.58174088907413
3010066,2.941811109893315
3010067,45.84292978916787
3010068,1.969442096989078
3010069,178.22681752071642
3010070,39.350316756765466
3010071,45.612741339913086
3010072,23.94152038679615
3010073,8.865474580606119
3010074,629.2204392562616
3010075,4.36681582577483
3010076,-0.021033804727776443
3010077,1.5512815336540373
3010078,0.4779716748239935
3010079,2.063985639051862
3010080,-0.1948827193613033
3010081,0.3773342301747016
3010082,-0.14032943979262208
3010083,2.6311978503879434
3010084,4.356624625193035
3010085,-0.06380328949289826
3010086,48.544500301092185
3010087,26.61175545048689
3010088,0.38175159795973734
3010089,1.9405230961014146
3010090,37.06461401005232
3010091,8.64656764987856
3010092,1.6878039507800986
3010093,0.6947652721151099
3010094,1.7201444775393158
3010095,4.792018904911783
3010096,2.217229341982811
3010097,3.841183999867353
3010098,163.10170841783133
3010099,4.864590139971806
3010100,133.5108952763118
3010101,3.008581386539481
3010102,115.26674207311623
3010103,43.53370304409964
3010104,33.59877593648504
3010105,25.49549026318637
3010106,5.66283284317115
3010107,443.37509132241775
3010108,2.5248749684595895
3010109,0.06597654526554833
3010110,0.0007284632872688185
3010111,0.4157112354983384
3010112,0.9579967130300066
3010113,0.6858075322855439
3010114,-0.965802327106585
3010115,1.3416399378878487
3010116,1.1892061578675202
3010117,6.597481439551848
3010118,-0.13931405024050034
3010119,19.819437586651137
3010120,20.865982165755305
3010121,0.6744033900063732
3010122,0.7825744037463938
3010123,20.6722229795095
3010124,5.928736900781914
3010125,0.40423701501537834
3010126,0.9813815503365549
3010127,2.07716760098031
3010128,0.982841583759946
3010129,0.8719871494575182
3010130,0.7740358194768487
3010131,180.7387813760733
3010132,0.6196116355848063
3010133,35.461610940812164
3010134,-0.7704970086924732
3010135,137.98062271098695
3010136,15.242120386788082
3010137,28.84063178559227
3010138,8.618402641900467
3010139,2.591840270739631
3010140,474.8821455445715
3010141,1.0511730184499175
3010142,-0.33332058160543965
3010143,0.15636236410093263
3010144,0.09621874514795307
3010145,0.4335313230314932
3010146,-0.7185522823361681
3010147,-0.2376157787822467
3010148,0.006807884090594574
3010149,1.6152328152837434
3010150,2.6109674150708817
3010151,-0.6291036382735912
3010152,30.941726632191376
3010153,24.62587689105705
3010154,-0.07002083884835886
3010155,0.8891848851894156
3010156,10.855450983410119
3010157,3.2502597404374685
3010158,-0.018868558643998765
3010159,-0.6962121655132796
3010160,0.3609781732107785
3010161,0.2696504438974808
3010162,-1.6709671619061282
3010163,0.1641127731867528
3010164,221.53577746081945
3010165,1.2170854008433527
3010166,64.99887311937952
3010167,-0.9257812467921758
3010168,166.82810408890785
3010169,88.76463111325204
3010170,34.49445164590837
3010171,33.12232032431351
3010172,20.164641987586293
3010173,580.6769770682113
3010174,3.9570688332405553
3010175,-0.30400700550359044
3010176,-0.49327630661326105
3010177,0.5050688532848926
3010178,-0.2800683423696682
3010179,0.18483812696020324
3010180,0.5745463575246958
3010181,0.4495056569461303
3010182,1.6552809556581267
3010183,9.357362555074252
3010184,0.2029823306687103
3010185,86.06046244068587
3010186,32.82871663713522
3010187,-0.12468846162242699
3010188,-0.5045664146478975
3010189,52.08104657874057
3010190,17.534043533365402
3010191,1.7291652432194222
3010192,-0.006251447766262602
3010193,4.962566086760443
3010194,-0.3356280748242353
3010195,-6.183095346806258
3010196,1.0121864580015245
3010197,9.661995959009328
3010198,-0.3736436332111406
3010199,10.849975970615198
3010200,-2.559704330470231
3010201,8.394645352186526
3010202,10.327179203611557
3010203,6.512969167604751
3010204,1.1651074241287278
3010205,-0.6781476559355859
3010206,72.59364323332527
3010207,0.35116309100249055
3010208,-2.435347800817435
3010209,-1.39558485700687
3010210,-0.3158800302672171
3010211,0.6022344190582226
3010212,-1.9822662724395925
3010213,-3.1951683848757604
3010214,-3.128037802376166
3010215,0.759143631665138
3010216,-3.206562811978147
3010217,-1.1167750891749164
3010218,4.710068369265646
3010219,3.71268827226133
3010220,0.3480304180115126
3010221,-1.4451804537773936
3010222,7.915676219896522
3010223,4.10377473570883
3010224,0.23007358659368032
3010225,0.18273608076055098
3010226,-0.6973231606976696
3010227,2.0940822616708106
3010228,-0.5298822181944342
3010229,2.2342308110865994
3010230,5.220122583759766
3010231,2.4015113994258352
3010232,3.2903667072695684
3010233,1.3483594617541894
3010234,8.2469911453623
3010235,-0.48172364764792297
3010236,3.6356674231542274
3010237,3.2425912897534
3010238,-1.3905226210508181
3010239,42.80224370027645
3010240,-0.010936249253609275
3010241,-1.030678264215421
3010242,0.04105174594547862
3010243,2.1979652477580385
3010244,1.0897066440121854
3010245,-0.6365713269560365
3010246,-0.47425800647633876
3010247,-0.9357508648035219
3010248,1.516599761250327
3010249,-1.78595091421048
3010250,0.4071703462317237
3010251,-1.268341375865566
3010252,3.2283412269039036
3010253,0.7595804519986631
3010254,0.1538875058952908
3010255,0.6568258782314296
3010256,-0.4128680652256662
3010257,1.5226078205556042
3010258,0.8831283772680399
3010259,-0.06221881531655532
3010260,-0.6021245218644619
3010261,-3.2392995673653786
3010262,-0.19756581444933546
3010263,7.702040472108347
3010264,0.595306616617672
3010265,3.4374713081654047
3010266,-1.090795292572657
3010267,9.261905240953128
3010268,2.020166673401691
3010269,4.759539318925454
3010270,-0.5181699637151178
3010271,-3.211067647358213
3010272,49.6309379831246
3010273,0.6909620437067496
3010274,-1.0441651933544198
3010275,-0.8992830042364949
3010276,0.7597003754878097
3010277,0.2998345431552297
3010278,-1.7022388832131403
3010279,-0.8151538528493255
3010280,-1.652083058167773
3010281,-0.4161902546669444
3010282,-2.493009192656136
3010283,-0.3776926058143727
3010284,5.857340835876238
3010285,3.5497616238934278
3010286,-0.48145245278123183
3010287,0.6827981459423609
3010288,0.6500967491483607
3010289,0.2036851720185223
3010290,-0.48447976426621614
3010291,-0.07690952803182882
3010292,-1.230842310602093
3010293,-0.015603524979014738
3010294,-0.12423505753227798
3010295,0.22799360707307645
3010296,115.89052199521547
3010297,-0.4717846697020286
3010298,52.44465503640794
3010299,0.7028547021563281
3010300,112.47549573479918
3010301,52.764210092047506
3010302,24.922031740676537
3010303,13.16943015666082
3010304,6.001501489662646
3010305,391.3495034580413
3010306,3.9059508483010723
3010307,0.5483967421925626
3010308,0.5846733307916293
3010309,0.49927855428264595
3010310,-0.06151017821677668
3010311,-0.13298152216324524
3010312,1.4008269147057582
3010313,-0.0028855052741710054
3010314,1.222365105342178
3010315,1.9534730855337696
3010316,-1.4220273333216027
3010317,150.91544225227284
3010318,20.7941452232904
3010319,-0.3714314555951569
3010320,-0.18590928925936168
3010321,29.506917794752447
3010322,9.852648954471443
3010323,1.1187848868018775
3010324,0.2552807212193875
3010325,3.591231703835656
3010326,3.843865891252572
3010327,3.4627831498254817
3010328,1.1365702824624169
3010329,342.80120088640274
3010330,1.3056086110920297
3010331,115.72102574432967
3010332,2.3730503415837303
3010333,219.5791312743959
3010334,123.6821918023991
3010335,48.40111713814818
3010336,45.60128760945125
3010337,24.577992232034177
3010338,746.8253844512448
3010339,2.373282050687587
3010340,1.1751764737663621
3010341,2.0767074866625195
3010342,-0.13860723812959574
3010343,-0.4658871613071528
3010344,1.0467926066826774
3010345,2.3991912596381306
3010346,2.532574486315455
3010347,1.1599203459888963
3010348,13.889281012823261
3010349,1.4605698217930627
3010350,79.23650056650756
3010351,37.25303949562093
3010352,0.6431923899323305
3010353,1.4480347522351373
3010354,58.49592954664836
3010355,23.94557972126789
3010356,0.3374810405188623
3010357,1.1080648031330498
3010358,7.101304258968478
3010359,-1.890974951636672
3010360,-3.231916118595036
3010361,-0.877626101650858
3010362,123.95532852737313
3010363,-1.6990711657618522
3010364,40.96217699405908
3010365,-2.79867165159405
3010366,66.76342523436993
3010367,47.6195830088987
3010368,16.719158623716176
3010369,15.778828400114762
3010370,11.064259274901705
3010371,262.37253366098173
3010372,0.7466750078690527
3010373,-1.7117498228587646
3010374,0.11173278198424669
3010375,-1.584276642478617
3010376,0.7645700315264184
3010377,0.11815050556902856
3010378,-2.6187153623557973
3010379,0.6622618622756271
3010380,1.9685823689739845
3010381,7.99634942030305
3010382,0.4574698848570914
3010383,32.63945416937724
3010384,13.31152643760521
3010385,0.6617457932014804
3010386,-2.12309365606714
3010387,16.840667840087917
3010388,10.502831691392348
3010389,-0.7214798300487019
3010390,-0.03673739143348942
3010391,0.2308514475746779
3010392,-0.9637658052976622
3010393,-2.3685279171331057
3010394,-0.5937539774018661
3010395,104.93819358024317
3010396,-1.8364666497371218
3010397,56.8587399826727
3010398,-1.430315148186055
3010399,83.04604764239834
3010400,32.23604524784394
3010401,21.658868263645637
3010402,11.068958930631489
3010403,2.3921048128196936
3010404,312.76407904094043
3010405,1.161758365428716
3010406,-0.7762363692163193
3010407,-1.642688244253484
3010408,-0.8667255624622043
3010409,-0.7024503104769678
3010410,-1.339462479257825
3010411,-0.717768046439785
3010412,-0.8964533494280181
3010413,0.018914777952261368
3010414,3.251777342205817
3010415,-0.5200168974138502
3010416,45.88754644629105
3010417,26.190847406524725
3010418,-0.4694051889802063
3010419,-0.202172046774765
3010420,25.80507635453042
3010421,6.4730216722039335
3010422,-0.4043374580464001
3010423,-0.3975183334029566
3010424,1.8203082313703205
3010425,2.492880388188423
3010426,2.071430067049732
3010427,2.193303234213308
3010428,237.83705141852457
3010429,3.5351117347387477
3010430,96.40810990863305
3010431,1.2119007538969162
3010432,122.96959083986351
3010433,81.25604765874851
3010434,38.48391218731798
3010435,36.6691414782645
3010436,17.264953688498426
3010437,529.1041235635798
3010438,2.9426440200938235
3010439,0.05804996755500946
3010440,0.8937605913324955
3010441,-0.11417694492277186
3010442,1.2731178248571382
3010443,1.5568880798561011
3010444,-0.4181128636104837
3010445,2.4607492906121777
3010446,2.6773106868965555
3010447,16.11699977123418
3010448,1.2899200929056975
3010449,43.09084641170436
3010450,27.371574311902542
3010451,2.2746672452063943
3010452,2.083987065510839
3010453,42.2619224278333
3010454,15.934981414897877
3010455,2.408815217396361
3010456,1.3606723576865192
3010457,3.0410016659485994
3010458,5.101609684640934
3010459,5.6926276092141785
3010460,4.681221103023345
3010461,178.35205696781668
3010462,3.641587342956482
3010463,86.9388043078543
3010464,4.362608934965392
3010465,127.29258738748729
3010466,45.50279320543625
3010467,39.261448159917855
3010468,24.85848105239114
3010469,9.487083482203257
3010470,579.1781417583564
3010471,2.0775380879038425
3010472,1.1242369006185913
3010473,0.5358406437504459
3010474,1.1320339453955535
3010475,0.9274378012387319
3010476,0.04644865024233924
3010477,-0.20604060948757932
3010478,2.879001882484329
3010479,2.780210610380557
3010480,11.239066485082942
3010481,0.4487229328924446
3010482,28.217397148311825
3010483,32.12625403105881
3010484,1.5699451308454013
3010485,3.42129500404498
3010486,27.410510805807817
3010487,8.143455356322404
3010488,1.3587175299578962
3010489,0.9063926155497326
3010490,2.8314706303134445
3010491,-2.3285266848502943
3010492,-3.939233084468506
3010493,-1.2518175973358303
3010494,26.842942538799615
3010495,-3.752928162119206
3010496,10.696931109879662
3010497,-3.962310356137168
3010498,10.035231827049282
3010499,2.3099543759563677
3010500,3.4199882856259505
3010501,1.5475309091621603
3010502,-3.817509085059914
3010503,43.88796734123389
3010504,-1.1879718557125012
3010505,-3.3238777988704964
3010506,-1.4213849155859202
3010507,-1.534569646277639
3010508,0.21277496055862913
3010509,-1.763271468207429
3010510,-2.8867447152243835
3010511,-2.541353937357751
3010512,0.882542866545075
3010513,-2.2674005052835198
3010514,-1.6816347542100698
3010515,3.3088224069804277
3010516,7.676186659475963
3010517,-0.42531299043960413
3010518,-1.8557422746807855
3010519,3.6161482088347405
3010520,1.9464939763195004
3010521,-0.4262669630264714
3010522,-0.3827714774910123
3010523,-3.8510117285772574
3010524,2.2818625704105218
3010525,5.482790953604344
3010526,1.4755555550171628
3010527,604.6401425618542
3010528,4.092319606209785
3010529,157.71262943709746
3010530,6.091961959050241
3010531,344.05629129351
3010532,218.95696795635968
3010533,67.35489077282426
3010534,92.15673873690936
3010535,62.28787821807062
3010536,1184.4090683684776
3010537,13.171971359364324
3010538,1.8479918986428674
3010539,3.0443437730072764
3010540,0.3801944220523365
3010541,2.7668301184258235
3010542,0.13208860382870635
3010543,2.421287237907018
3010544,3.218221879691264
3010545,5.68328862985847
3010546,26.64225384015215
3010547,1.324762014826956
3010548,128.02232789226235
3010549,55.688403271530255
3010550,2.779772594490205
3010551,3.103516325569799
3010552,91.43632023857361
3010553,58.77258353577555
3010554,2.3140921896899815
3010555,0.8740748136003095
3010556,17.917410867541186
3010557,0.06769277823543235
3010558,0.7728343265712464
3010559,1.3053053028028079
3010560,80.32233395471245
3010561,2.3426348560582846
3010562,31.80325396592991
3010563,0.15370584049174796
3010564,74.7917527030196
3010565,17.822139682396298
3010566,17.108637133806987
3010567,13.082005636055692
3010568,2.557396608950244
3010569,312.29059977778365
3010570,1.8163676088667422
3010571,-0.8467190834631106
3010572,0.06493023868303907
3010573,0.9644441811588991
3010574,1.2789510786565665
3010575,0.2255069290025062
3010576,-0.10322477480404596
3010577,-0.5893596146417326
3010578,2.168449900690132
3010579,3.7684343583674424
3010580,0.030252941284845736
3010581,14.106038058679218
3010582,20.39376635045442
3010583,0.5546381057245457
3010584,1.502150170405105
3010585,13.949751977910012
3010586,4.051774736037362
3010587,1.3204796120135438
3010588,0.3696680286283959
3010589,0.8301320703214446
3010590,2.4379077663128195
3010591,2.6674666260164304
3010592,1.7112727680337776
3010593,144.06457810414886
3010594,2.2951809825556486
3010595,74.93267433964301
3010596,1.617406319690963
3010597,173.65292303153987
3010598,41.46058398492245
3010599,33.06659603351738
3010600,19.375795500118947
3010601,5.429687851412964
3010602,647.154885283444
3010603,1.880395186174785
3010604,0.8043404614626275
3010605,-0.3377995549933326
3010606,-0.6579413710409496
3010607,-0.6495848861705668
3010608,-0.49557855429434094
3010609,0.41762426700813426
3010610,0.42033561749084813
3010611,1.8962050097570977
3010612,4.251234269601512
3010613,-0.6635470955502456
3010614,44.04987198535622
3010615,36.67783109551651
3010616,-0.6778559925664809
3010617,2.6503589909586234
3010618,15.906994029089685
3010619,8.65528485143753
3010620,-0.5680354110894474
3010621,-0.3156867020490677
3010622,0.7175786212657045
3010623,-0.6846060219391802
3010624,-0.3682935443986935
3010625,0.8127010384908498
3010626,73.0092038624455
3010627,0.1941081845178269
3010628,29.532048318106977
3010629,-0.5251557356314152
3010630,77.71349044071249
3010631,15.555360224644172
3010632,16.36002943487423
3010633,11.592370642688328
3010634,1.2247768567019601
3010635,336.00304146246185
3010636,1.4155994215284886
3010637,-1.0263788521204038
3010638,-0.4469219795590902
3010639,0.48259552308008324
3010640,0.8894624736995617
3010641,-0.025292279632492413
3010642,-0.677921336253719
3010643,-0.667862272835198
3010644,1.7264849368165165
3010645,4.925653640968005
3010646,-0.13295075159375072
3010647,14.215694207499865
3010648,21.913074895263883
3010649,0.08012102299074515
3010650,-0.10166297376254763
3010651,13.254084123010937
3010652,3.3307396724784053
3010653,0.5671516276006446
3010654,-0.11367833023873344
3010655,0.3693153838164585
3010656,5.015929567677498
3010657,6.015103670594011
3010658,5.905347874031407
3010659,129.38818463594947
3010660,4.327765265821993
3010661,54.75317480191062
3010662,4.582665567032527
3010663,185.0532620946667
3010664,33.446105835851775
3010665,32.965635794836686
3010666,26.09357394409742
3010667,7.023408359501772
3010668,657.6196506167464
3010669,2.7421632379690277
3010670,1.6059325869251484
3010671,0.9870238935716827
3010672,2.634392774413724
3010673,0.8792099904197243
3010674,1.4197115057333871
3010675,2.4154093735706126
3010676,2.880111641927293
3010677,3.470256532483405
3010678,8.464635436661743
3010679,1.7462101010095943
3010680,33.98744168853783
3010681,37.097347111257776
3010682,1.438801021803489
3010683,2.758188483228156
3010684,18.56865638896935
3010685,8.99811653821554
3010686,2.5539718284744652
3010687,1.2797283177785777
3010688,2.817410238390882
3010689,4.592469404990588
3010690,4.9223762872924635
3010691,2.9483982192332405
3010692,236.8054294187618
3010693,4.194841965385968
3010694,139.93584272465222
3010695,4.428283174896752
3010696,160.88903762711413
3010697,41.055747797984694
3010698,43.634686622845436
3010699,22.81671008326255
3010700,13.606326536457075
3010701,734.5642582480132
3010702,3.3545162466425174
3010703,2.213621284585563
3010704,0.993942483955318
3010705,-0.47033282740657123
3010706,-0.39114323444599675
3010707,-0.4008109468643375
3010708,1.376675227241242
3010709,2.655039035522525
3010710,1.700818437233895
3010711,7.2867506487229114
3010712,0.3388393641455627
3010713,37.55795874387309
3010714,46.83833852845309
3010715,1.8200506925491506
3010716,6.074253967847611
3010717,21.78718976032519
3010718,7.9703385721717055
3010719,1.483383753556766
3010720,0.6551463748357423
3010721,3.9159885416056133
3010722,-0.29660614904753513
3010723,-0.8948699466490746
3010724,0.5483421267552092
3010725,85.11832261036373
3010726,0.6254821661182848
3010727,25.00220766677526
3010728,-0.2905529920403933
3010729,78.8911706337575
3010730,13.584479213565064
3010731,13.783997168313629
3010732,11.534754553649957
3010733,6.758058532357995
3010734,373.58626755399206
3010735,1.4086101854490993
3010736,-0.7582342840026535
3010737,-0.833974696608633
3010738,2.2720333916998117
3010739,1.1490209634384088
3010740,0.6185223691190481
3010741,0.6150770455305178
3010742,-0.2911333560743459
3010743,1.1752713873971572
3010744,2.3849034965142764
3010745,0.8914728051440329
3010746,21.78749293216842
3010747,18.202195242523672
3010748,-0.32630448070845325
3010749,0.9784444587933888
3010750,9.12858844682941
3010751,3.070700076903079
3010752,0.88849294653112
3010753,-0.27287111519355106
3010754,1.1423239222502217
3010755,5.534880073200912
3010756,5.542193218238389
3010757,2.969725749950012
3010758,122.24804091089507
3010759,4.4036420865440595
3010760,63.06687625510341
3010761,5.006662809818299
3010762,96.89449377236139
3010763,27.88147968625301
3010764,24.005342826222552
3010765,14.797308515994446
3010766,0.7195239316750168
3010767,477.88843243807565
3010768,2.3628490367267228
3010769,0.9873616462784707
3010770,0.7906522001741838
3010771,0.12478027456814064
3010772,-0.456158370055025
3010773,-0.7509338449984784
3010774,0.3051907385398522
3010775,-0.02803982660578866
3010776,0.1545680813135118
3010777,5.253036371963892
3010778,0.10086715508328098
3010779,23.440340423671472
3010780,23.449230164508513
3010781,0.6796628301676468
3010782,1.4737980981076113
3010783,14.467258964981186
3010784,6.133456418092166
3010785,0.8365163656455411
3010786,1.3720388535275856
3010787,1.6018544366003629
3010788,3.755568876154721
3010789,3.336552638160356
3010790,1.0689636401967437
3010791,161.71077562795747
3010792,1.6990997598556716
3010793,81.84660768760209
3010794,5.079633460391415
3010795,186.4277601890725
3010796,93.89444623116127
3010797,25.936281804348184
3010798,30.123291326350227
3010799,27.846577970765864
3010800,630.7596406905052
3010801,7.870878642849305
3010802,2.694671860067494
3010803,2.178247750080293
3010804,0.5406282301581382
3010805,0.9166064926707191
3010806,-0.006228412180469128
3010807,3.6325276510024858
3010808,1.2688706017643858
3010809,1.51917173810117
3010810,12.426171037068336
3010811,0.6852312338253547
3010812,44.116621225662705
3010813,35.641200335716306
3010814,0.8284573560894865
3010815,1.0232966774404781
3010816,20.842932749667117
3010817,20.461156181605975
3010818,2.0069060773488605
3010819,1.308476779752775
3010820,4.934367626097622
3010821,1.5133210888900794
3010822,0.23698400798864894
3010823,-0.1972495981748216
3010824,134.52703104556463
3010825,-0.7449736264078092
3010826,78.4040211580151
3010827,2.02625976822972
3010828,174.04642284396388
3010829,82.34646313741206
3010830,31.28416749986405
3010831,24.47936315066203
3010832,28.538110155680357
3010833,642.3418817253566
3010834,4.301536954576034
3010835,1.7454449612942993
3010836,1.2479588385647662
3010837,-1.4405455005020917
3010838,0.1360456847101455
3010839,0.024043507906928885
3010840,0.8455519941485841
3010841,1.096971035911149
3010842,2.182036763421231
3010843,9.069886736129767
3010844,0.44464483958963
3010845,32.46150547738263
3010846,38.37475816417823
3010847,1.1533938986117869
3010848,-1.2848737081590367
3010849,17.754348371945266
3010850,18.887158656622077
3010851,-0.1671252183404863
3010852,0.06394540556163747
3010853,2.4510462143839256
3010854,0.5991221742602647
3010855,-1.2962402621148794
3010856,-0.9934924610496092
3010857,151.69871306555126
3010858,-1.2673161035877272
3010859,123.34246268452131
3010860,-0.608172814287318
3010861,190.5910614133349
3010862,35.6935481942397
3010863,28.72519993144255
3010864,24.782773004395203
3010865,5.841624390600409
3010866,622.339378100173
3010867,2.5236421811221517
3010868,-0.06561353945854306
3010869,-0.3651036205850392
3010870,-1.1366265754648044
3010871,-0.44734665236054527
3010872,-0.15114234577381244
3010873,-0.6555112851252193
3010874,1.7647035711023205
3010875,1.2688114397305186
3010876,5.9656331816405075
3010877,-0.02562420534389051
3010878,24.75497391671207
3010879,42.81826944058312
3010880,-0.30964463031735023
3010881,0.9605025465513903
3010882,15.364227580256586
3010883,9.29492730619858
3010884,-1.0962168421419916
3010885,-0.4890664076856478
3010886,1.1859073359836043
3010887,-0.6045005016495271
3010888,-3.9907865480100013
3010889,-1.3917308842251443
3010890,180.95302228858264
3010891,-1.5913384715032592
3010892,62.175966613178716
3010893,-1.5245154779923906
3010894,162.64076895002626
3010895,85.40125803842464
3010896,34.39874300501101
3010897,30.862862423717342
3010898,19.51150511729451
3010899,554.4703287113672
3010900,3.311128839715602
3010901,-1.3211429764047353
3010902,-1.5682378360669829
3010903,-1.9132588654983191
3010904,-1.3437497158824772
3010905,-1.7074224840631724
3010906,-1.4186342471403626
3010907,-0.6942784237432351
3010908,0.7227831775627056
3010909,8.173441414651206
3010910,-2.0099498650111856
3010911,70.3885906857422
3010912,31.042642477095796
3010913,-1.4320535101371932
3010914,-2.5441721096647965
3010915,46.981038408826066
3010916,19.925141401640502
3010917,-0.48364327617688113
3010918,-0.8947819241300748
3010919,3.806048457671277
3010920,4.507810959705433
3010921,5.609472705098427
3010922,5.938746962711496
3010923,124.68300441798854
3010924,5.283074864685162
3010925,59.289451731390045
3010926,5.189465178834144
3010927,172.71476148796467
3010928,33.112647946396685
3010929,31.961610292044618
3010930,24.346249266789428
3010931,9.516622397224637
3010932,693.774990569259
3010933,3.5602317759482256
3010934,1.1116318080778298
3010935,1.2635726022800429
3010936,0.9851888080500851
3010937,1.1787743710290237
3010938,0.780113178821805
3010939,0.23812977927965448
3010940,2.0487465599618067
3010941,3.492098896786853
3010942,5.895424022752675
3010943,0.7439486780458834
3010944,20.62272598368097
3010945,33.19026746432829
3010946,1.6561151449483134
3010947,1.6144153834392694
3010948,16.21357918813624
3010949,8.777834574844958
3010950,1.7940486454000404
3010951,1.352758763650496
3010952,2.121699868973889
3010953,2.0696943112731727
3010954,1.5992419015522081
3010955,2.76929142552331
3010956,110.83154375516989
3010957,2.495261503160922
3010958,49.91051928831844
3010959,2.130910617445188
3010960,114.03136990852894
3010961,46.822266923076455
3010962,27.27170485236607
3010963,17.89224805666983
3010964,11.879056234619274
3010965,436.5472621410388
3010966,2.544381164531544
3010967,0.18440473275371227
3010968,0.26027190088076735
3010969,-0.19026677371547862
3010970,0.88280569926402
3010971,0.12226840109923845
3010972,-0.2293717204197742
3010973,0.7857540544115238
3010974,2.7691803229957497
3010975,6.723300058250212
3010976,0.2809135315862227
3010977,23.85155676500169
3010978,26.134414879351684
3010979,1.2145899749496731
3010980,0.2094214550082745
3010981,15.506402739617362
3010982,10.08163416997056
3010983,0.907134235298223
3010984,0.2779069344353104
3010985,1.942948659671316
3010986,-0.9809809337244224
3010987,-3.0651026864974122
3010988,0.5643197656408301
3010989,7.455486108218756
3010990,0.41726251613887144
3010991,8.338647886672916
3010992,-3.6443832063284938
3010993,3.8196659059782547
3010994,4.9358106241228965
3010995,1.585043966698795
3010996,2.3928537784997026
3010997,-0.06344727811498163
3010998,25.268652432077943
3010999,0.639338691161131
3011000,-1.960686918295003
3011001,-0.760549673130197
3011002,0.20361329645037812
3011003,0.7909481532677023
3011004,-0.30792368518876856
3011005,-2.5011921249381412
3011006,-2.1010208068658973
3011007,1.1824484815958134
3011008,-1.9450225462929007
3011009,-0.7107943212510577
3011010,1.8299797851968767
3011011,5.658741410572505
3011012,0.14647529329158032
3011013,-1.7485176352844132
3011014,3.411003198003921
3011015,2.24287740185747
3011016,0.7802231333803797
3011017,-0.14321305453476044
3011018,-0.6646568319115318
3011019,4.019617251303643
3011020,5.473258060283552
3011021,3.349559098375612
3011022,359.9734644283801
3011023,2.9514083566333285
3011024,55.69457530887936
3011025,1.6207954738337138
3011026,156.47531824491648
3011027,22.725219263289837
3011028,28.819720723710564
3011029,18.3190346680487
3011030,5.555026597467391
3011031,570.1818342573051
3011032,2.5459383299522163
3011033,1.117019100725986
3011034,2.7508187795246637
3011035,1.9096132033631443
3011036,0.9817679583841823
3011037,-0.414759500562111
3011038,1.4353541476897522
3011039,1.4205297834689121
3011040,2.200570723894664
3011041,14.957277835420676
3011042,0.005362374486678603
3011043,29.940212998057934
3011044,29.157865380328104
3011045,1.9861199818126192
3011046,4.665833974842492
3011047,20.03779812518874
3011048,8.398711426025432
3011049,2.726211337366724
3011050,1.2827889936975703
3011051,3.37166615948506
3011052,5.315975319581049
3011053,2.977214716661911
3011054,-0.4875266481093786
3011055,676.8360731252088
3011056,0.9057562781332673
3011057,171.384904853996
3011058,3.5167516399574743
3011059,426.9086651531785
3011060,282.5316704481197
3011061,94.6580397485058
3011062,105.96312546723229
3011063,135.57324847490875
3011064,1585.8276922756982
3011065,13.420702979594898
3011066,2.1500703095542484
3011067,3.730497386190837
3011068,-2.267211182375722
3011069,0.6700831256958191
3011070,-0.0468123919176287
3011071,0.39321985440888974
3011072,2.126809459785145
3011073,2.0278814573752246
3011074,37.13318006267659
3011075,0.43432666640146633
3011076,154.4923924780234
3011077,71.69797179204733
3011078,0.7001384556373524
3011079,-1.4301170134654968
3011080,104.71031221964705
3011081,72.96294057179588
3011082,2.237528101793287
3011083,0.5592312627853244
3011084,18.93041077822636
3011085,5.9185508400597975
3011086,6.341769603646281
3011087,4.356505797097416
3011088,480.1797354423322
3011089,8.368040545782824
3011090,138.92798299771755
3011091,9.443952359472206
3011092,368.25508841672917
3011093,186.65871067731644
3011094,90.32376925957541
3011095,73.26661640018399
3011096,67.57561470421287
3011097,1402.355891161325
3011098,13.142687928056368
3011099,4.475618398275437
3011100,2.64007551062572
3011101,3.4217806053350066
3011102,2.2064172004983993
3011103,2.204974712405892
3011104,5.114881816723536
3011105,3.8491035346869107
3011106,2.8331025912423504
3011107,23.223020683435678
3011108,3.089996908470421
3011109,172.7345837532804
3011110,67.4383952374038
3011111,2.9317923790709393
3011112,2.4194096502742832
3011113,106.53376193580439
3011114,48.77083513740418
3011115,4.792805865015071
3011116,2.321194684200709
3011117,16.890273110658637
3011118,1.702288359755803
3011119,-2.4286249836312708
3011120,4.7513311458924
3011121,342.115794628943
3011122,2.2717144963007376
3011123,98.29763564182701
3011124,1.9614675284477197
3011125,343.6701411579893
3011126,133.38871836287495
3011127,109.51472378055165
3011128,37.648552113951084
3011129,48.162081826191496
3011130,1205.2341523652435
3011131,7.023858370240886
3011132,2.072532664906066
3011133,-0.11839616036628287
3011134,0.4600353936688771
3011135,1.1597044681997795
3011136,1.6843057849135221
3011137,2.223948237781478
3011138,2.9999673401654947
3011139,3.02790027402676
3011140,13.688860954224292
3011141,2.723911003942412
3011142,209.7598390120682
3011143,79.73059788916278
3011144,0.6843537749177994
3011145,-0.7028411370142204
3011146,118.78327430132722
3011147,30.625166971897237
3011148,2.4722404064729564
3011149,0.3554554635991735
3011150,9.775750806579635
3011151,6.9453757132793905
3011152,5.105024618839416
3011153,5.652945807177821
3011154,444.48812676812
3011155,5.291289787780443
3011156,137.14652442217943
3011157,5.513956539412939
3011158,348.37959310861834
3011159,170.29221573104095
3011160,97.43633772840323
3011161,59.25866427269451
3011162,52.331325120541365
3011163,1273.1446760110698
3011164,8.298830052917582
3011165,0.7559777879542162
3011166,2.8516565473045556
3011167,1.758726895988293
3011168,2.146446090989193
3011169,0.9396494937058743
3011170,1.6335421336636138
3011171,2.5485995819434537
3011172,2.4099015303286433
3011173,16.244003105958036
3011174,0.5427272896817158
3011175,137.05646652191245
3011176,73.0147435440608
3011177,3.380228970420103
3011178,3.5895683034679315
3011179,115.54583978624669
3011180,40.85421405209181
3011181,4.4795888958134675
3011182,2.5500574391016197
3011183,12.697748840096793
3011184,2.3928354376650898
3011185,-2.6297757478468333
3011186,4.650700563785576
3011187,248.9823034939394
3011188,1.3261106272471443
3011189,96.99240951857175
3011190,-1.0311574358219149
3011191,289.7927649445333
3011192,103.3320946328322
3011193,87.72123395101931
3011194,28.015286938316493
3011195,30.198842882128883
3011196,1032.4836184696344
3011197,6.1274843178571246
3011198,0.5848999111830562
3011199,-0.9283723199033193
3011200,-1.9716266515253666
3011201,0.33158268680257597
3011202,0.2776131424106279
3011203,-1.1460550794763185
3011204,0.7078283262710101
3011205,2.3239611316622177
3011206,10.147842657585207
3011207,0.12011539390623513
3011208,149.28589742908815
3011209,69.90936391136569
3011210,0.5461544994398355
3011211,-1.021387197607728
3011212,102.50144616093257
3011213,24.355318281632897
3011214,0.22220561000369338
3011215,0.20733257566327667
3011216,5.0605025905426375
3011217,3.9031274530612063
3011218,5.8220646227736506
3011219,3.1306103085619545
3011220,342.0367155282511
3011221,7.314034115178983
3011222,95.09913218452297
3011223,5.182865717206768
3011224,212.9382236256896
3011225,140.3724169675404
3011226,51.22428398901109
3011227,55.09258057818464
3011228,39.88444377647792
3011229,773.8457519076651
3011230,10.21985222334475
3011231,2.086841092735158
3011232,2.5328794948897486
3011233,0.5122721231893955
3011234,1.3577889585684169
3011235,0.3661580715751188
3011236,0.743350643460035
3011237,0.60655244255835
3011238,0.6277790508567704
3011239,15.49057789495786
3011240,-0.15801195666012063
3011241,85.70348570783993
3011242,36.18493124907724
3011243,2.674696073608757
3011244,3.7526157008087835
3011245,50.18425119948999
3011246,38.75343699654997
3011247,2.87924083937407
3011248,3.2912951553621315
3011249,11.811671087492323
3011250,1.994650505653044
3011251,1.0783708723063319
3011252,3.0732089598335364
3011253,155.42263066922482
3011254,1.9771611201632184
3011255,71.55352187901093
3011256,1.3381551798290456
3011257,199.77561392682213
3011258,65.56719110644023
3011259,44.29202503241493
3011260,30.942092503344792
3011261,25.082945838098237
3011262,640.4790975809149
3011263,2.713771241577997
3011264,0.637540464857957
3011265,1.2886894934321753
3011266,0.2447454635743997
3011267,0.5730703223340606
3011268,1.976260230221924
3011269,-0.604408563091056
3011270,1.878942590485094
3011271,6.279021493597429
3011272,10.285987037263293
3011273,0.9328689566417232
3011274,61.20320653675455
3011275,40.732661397998164
3011276,1.4742824773771281
3011277,0.3084099700828664
3011278,34.41076324812595
3011279,19.919700380211214
3011280,2.026088336031389
3011281,-0.21978739467362174
3011282,3.663263675105991
3011283,3.219313607052846
3011284,0.5830849310406666
3011285,2.6973746398758705
3011286,243.0247888640121
3011287,2.0460766940250505
3011288,86.49869782878531
3011289,3.90214324927214
3011290,268.7309961571443
3011291,96.16489001718469
3011292,68.82679703404884
3011293,25.673165882244227
3011294,21.176542264761448
3011295,998.0807001868301
3011296,7.303456495467781
3011297,0.9705347735576106
3011298,1.2778137330378558
3011299,-0.6069269983477534
3011300,0.6009417090609532
3011301,-0.3541038702991318
3011302,1.1969531238806304
3011303,1.3918977341013306
3011304,2.0704552714691458
3011305,13.38943200163234
3011306,0.8341916641885654
3011307,151.78539117516559
3011308,56.930459304254434
3011309,1.3518388832117854
3011310,0.6179695033407371
3011311,53.90157832806773
3011312,23.675483398188554
3011313,1.9777340803389598
3011314,0.1895063221363307
3011315,4.897525623796064
3011316,2.296259927352694
3011317,4.043877648552916
3011318,-0.2651296131318304
3011319,482.2748902205341
3011320,2.5993716863524243
3011321,140.84983482013183
3011322,3.110389911381826
3011323,261.65625023791915
3011324,170.66198383374115
3011325,53.65211465825534
3011326,61.350573145048436
3011327,39.1169835635661
3011328,886.5406405171904
3011329,4.609971760298249
3011330,-0.3350648504602577
3011331,1.47894969588353
3011332,1.9626002156194593
3011333,0.6523374285996034
3011334,0.13297317877011672
3011335,3.3074015887748107
3011336,0.7780136371432309
3011337,-0.9183310197972969
3011338,18.348079797817157
3011339,0.9347658360307833
3011340,121.63726250288866
3011341,40.799347487370945
3011342,0.6168320534298619
3011343,1.3420753629302273
3011344,73.9627288098686
3011345,32.73877226763525
3011346,1.4958765975882486
3011347,1.1180844291986796
3011348,13.250060798431406
3011349,1.271918374744995
3011350,-1.7920419354036188
3011351,1.0784488258173168
3011352,4.6090708605225466
3011353,0.3948038616251085
3011354,6.01383031555611
3011355,-0.7316414844943757
3011356,7.710309692796381
3011357,5.455289745767532
3011358,1.3910931055218079
3011359,1.4150954631741421
3011360,-4.041107037502006
3011361,51.79939155474538
3011362,1.929318207879933
3011363,-0.8548367501010763
3011364,-0.8538895244407524
3011365,0.4522722021876632
3011366,1.2014555323200513
3011367,-1.131906842090375
3011368,-0.9668987035818646
3011369,-1.5798443794390065
3011370,-0.5706483037780584
3011371,-1.2842710011958718
3011372,-0.6861564932339934
3011373,1.072137093565998
3011374,0.6637910556941768
3011375,-0.6378348083822005
3011376,0.47614057387886877
3011377,1.3900666153584098
3011378,3.540942521779434
3011379,1.9230749439977934
3011380,-0.1771404817075256
3011381,-0.11870097193865715
3011382,-0.10262293202079148
3011383,0.555277634797634
3011384,0.12779139370536885
3011385,12.073053711328498
3011386,0.36436237365745344
3011387,2.1611239859358045
3011388,-0.7068921096642772
3011389,4.491570891999781
3011390,-1.99397205147523
3011391,2.1396287441488435
3011392,0.5415449682253108
3011393,-3.945974042139424
3011394,16.211508881802583
3011395,0.1734027466972293
3011396,-0.01645966996142306
3011397,-1.007066071739215
3011398,1.645312801173162
3011399,0.15753217151648646
3011400,-0.18172115397503144
3011401,0.5119339920578204
3011402,-1.089552280923332
3011403,-0.6553645503123937
3011404,-0.9617901092890918
3011405,-0.2152984008866224
3011406,-0.2697702798777209
3011407,0.6328958798446307
3011408,-0.7550339937326374
3011409,-0.29555681021342595
3011410,-0.016064307827109603
3011411,-0.06785338065619724
3011412,0.1182776003661036
3011413,-0.443336496799335
3011414,0.05941584411933379
3011415,1.810620690399719
3011416,2.3639635762457143
3011417,1.7790786617175582
3011418,101.26456323729404
3011419,1.8774523209425933
3011420,39.4135780277648
3011421,3.6327285638273135
3011422,153.23131728141166
3011423,11.796738263870921
3011424,22.559855152488016
3011425,11.9537891906587
3011426,0.5439786540766367
3011427,456.09255351487707
3011428,2.48703209219196
3011429,1.1283937119394363
3011430,0.8607302947509857
3011431,0.23848799059103165
3011432,0.3666883494693435
3011433,-0.20711418503414047
3011434,0.24002521601173837
3011435,0.810878137447537
3011436,1.940423364408009
3011437,4.329842790957438
3011438,0.30446271720911
3011439,8.5097615764662
3011440,24.0292313333254
3011441,0.7049981233812218
3011442,1.1640862595706971
3011443,7.788040228721322
3011444,7.906356218583671
3011445,0.2888906046045599
3011446,0.722290630852906
3011447,0.7809886318609939
3011448,1.7748033074846175
3011449,0.05463568045018294
3011450,1.5306994285947804
3011451,233.99701734019902
3011452,2.007570783511328
3011453,73.58034980356311
3011454,2.5473985322224326
3011455,201.00865007049853
3011456,93.98093322304929
3011457,45.77431835421939
3011458,37.59012938325471
3011459,29.145863870248064
3011460,712.4137636551341
3011461,5.875987221766918
3011462,1.4862217900589894
3011463,0.7558772602440149
3011464,-0.004796332612031606
3011465,0.14995962935059653
3011466,0.599155861682193
3011467,1.1327386984830354
3011468,1.2663313625565207
3011469,2.133517079570338
3011470,11.91444283293389
3011471,0.769523131667338
3011472,82.79443915430593
3011473,35.683990540895756
3011474,1.5295447272031744
3011475,0.3331137060062156
3011476,64.5393773946334
3011477,22.448873611784876
3011478,2.1307187071561473
3011479,0.8093505798326806
3011480,6.013469274231129
3011481,1.6741806788334361
3011482,4.1803563888456114
3011483,-0.6507017279637876
3011484,323.94915388876086
3011485,2.2692652573222585
3011486,96.98922248939326
3011487,0.2351286964885364
3011488,209.24014044673328
3011489,141.10127429420646
3011490,39.79101356946656
3011491,55.5513353150916
3011492,36.314512462473
3011493,665.9060563127207
3011494,7.068735868209551
3011495,1.037633952918186
3011496,1.6073921572003744
3011497,1.9702848494894352
3011498,1.2415434128469132
3011499,1.4668475160302115
3011500,2.9374203116875286
3011501,0.5992855154328572
3011502,2.132345193662222
3011503,18.088618021270996
3011504,2.2075413711784857
3011505,104.03791182653757
3011506,35.21093872215671
3011507,0.1909672406001482
3011508,1.6518356085657433
3011509,52.4165985099809
3011510,31.16253114855099
3011511,2.7192692073792566
3011512,0.41999113272482647
3011513,11.044292080710438
3011514,1.7804015178789996
3011515,4.640751317484027
3011516,0.5373329117646427
3011517,331.1775593019056
3011518,2.4246353093138895
3011519,99.96447733546924
3011520,0.719107137529936
3011521,224.33202649072103
3011522,150.30470191614083
3011523,46.543121426328106
3011524,55.033144485034896
3011525,29.890550517730517
3011526,745.839693731421
3011527,7.170938591738741
3011528,1.0985279158551566
3011529,2.0322269918903473
3011530,-0.2504647554766779
3011531,0.4942844918630363
3011532,0.5489738650682194
3011533,0.9368340470967087
3011534,0.6539873830787838
3011535,3.437827799716797
3011536,17.77694472594525
3011537,1.0797782649534566
3011538,98.69758199152025
3011539,39.86417698573423
3011540,0.5285885117482394
3011541,0.15545177909094499
3011542,51.60762384330803
3011543,34.33837487426652
3011544,1.251292870223988
3011545,-0.26119885242937013
3011546,9.403357638163872
3011547,5.208495565226149
3011548,3.0122617371761224
3011549,4.884608545612282
3011550,235.95463674297173
3011551,3.522089679185483
3011552,102.25463408874509
3011553,5.592570161152289
3011554,278.34193390750056
3011555,59.09123857436742
3011556,77.48783042386363
3011557,33.309447682554236
3011558,15.523794937947024
3011559,1023.3579377756434
3011560,3.8401946736758332
3011561,2.9157501531502565
3011562,2.1880996970527122
3011563,0.1340830001860013
3011564,0.025132821040897424
3011565,3.4768687091993344
3011566,1.5809137356272185
3011567,4.221090925067875
3011568,4.509687549948503
3011569,8.36600286103021
3011570,1.7500220487725162
3011571,70.6433379295854
3011572,57.87743664382335
3011573,2.303330624937407
3011574,0.8099427381212081
3011575,68.93997766443219
3011576,13.974479929475748
3011577,3.609148001884205
3011578,0.8350243454675729
3011579,4.584471236963473
3011580,0.3268347553631611
3011581,-1.3442398899077397
3011582,-0.25296733809114813
3011583,165.31327845016096
3011584,-0.4906680957098434
3011585,52.54327969705129
3011586,-1.0733086355535488
3011587,131.43992794918972
3011588,80.12900010470527
3011589,23.319046612161877
3011590,27.346066117705668
3011591,18.43691994407469
3011592,391.5625608257021
3011593,4.012339120755642
3011594,-0.37975904061291665
3011595,-0.3690950032599358
3011596,-0.7754000183777043
3011597,-0.5731434042050023
3011598,-0.19123774562529436
3011599,-0.28356440691711216
3011600,0.6455623602036211
3011601,0.6595435269605878
3011602,13.480412237985913
3011603,-0.9093420311648879
3011604,61.084591213126174
3011605,19.04671277836533
3011606,-0.44437406043674865
3011607,-1.1241056942146406
3011608,34.08895192456788
3011609,12.80573894752233
3011610,0.7804614273539028
3011611,0.058249502620528804
3011612,3.839314284735983
3011613,0.6703893751322902
3011614,-0.4378624318405221
3011615,2.1175972186072975
3011616,82.91517056961456
3011617,0.6767605690329946
3011618,22.685306032474216
3011619,0.41566004005595447
3011620,137.28208419419127
3011621,17.462095008993423
3011622,34.95940473086044
3011623,6.962739769822692
3011624,6.7864369901404995
3011625,435.7750337414297
3011626,2.744569414894504
3011627,0.7075033336157502
3011628,-1.8493941997500225
3011629,0.35134162030800326
3011630,0.83151036595842
3011631,-0.030965982533925906
3011632,-0.09968099743234235
3011633,-0.10858752680294864
3011634,1.0826429551950059
3011635,2.2717153089317073
3011636,0.050753152685392655
3011637,43.48585416394154
3011638,26.109873545723747
3011639,-0.23392135498441358
3011640,1.5505679618989507
3011641,22.843781184294347
3011642,4.711080005999538
3011643,1.2310551978883724
3011644,0.28027794775603976
3011645,2.044287479192744
3011646,-0.11833734334748441
3011647,1.7157555609716293
3011648,1.061379617942912
3011649,428.41349752586325
3011650,0.9200711942030102
3011651,107.51301014340413
3011652,-1.2002527520167132
3011653,303.38527627906336
3011654,36.32712350849968
3011655,52.76734015559992
3011656,19.911437784815462
3011657,13.62856329105438
3011658,1031.9209498707958
3011659,2.5496385915809148
3011660,-0.16491958240436355
3011661,-0.23143307335431018
3011662,-0.2304408626539589
3011663,0.43056626327062975
3011664,1.3593176578771455
3011665,0.9583076380010244
3011666,0.07614905896120035
3011667,2.741819642575756
3011668,5.195475609446657
3011669,0.66786491077135
3011670,120.67214957804916
3011671,51.84392824923245
3011672,0.5685030116393682
3011673,3.510192964536218
3011674,63.01071488023929
3011675,6.312732731095494
3011676,0.4028846339413211
3011677,-1.645639571504471
3011678,2.755578697308338
3011679,1.3251904479575751
3011680,0.9580720276802457
3011681,0.6674685550806316
3011682,128.64895979851667
3011683,0.6973858561139786
3011684,36.422632057628
3011685,0.3778041380763898
3011686,128.0359618695545
3011687,20.97901422927302
3011688,25.834880905010504
3011689,8.42346632288165
3011690,4.822796915131039
3011691,434.4545037902095
3011692,1.5514505966348953
3011693,1.013169423670406
3011694,0.07812697522138476
3011695,0.39583322169681195
3011696,0.23873856485901337
3011697,0.17072765290657116
3011698,0.8091305265330448
3011699,0.23093969800967898
3011700,1.5313488558626704
3011701,4.420624156567028
3011702,0.23810848969274956
3011703,29.22990841658415
3011704,22.964364313703335
3011705,0.44359429575459214
3011706,1.0617162592423846
3011707,13.15779315761123
3011708,3.1254408402284755
3011709,0.6484444841193181
3011710,0.16247032532133746
3011711,1.1668624432465002
3011712,0.38800103543777364
3011713,-0.06429779436228278
3011714,-0.5074596676650254
3011715,127.0712545895199
3011716,-0.630223827752634
3011717,33.743276701374775
3011718,-0.9646237410973846
3011719,123.8491019609826
3011720,19.064039013744626
3011721,23.073784696004587
3011722,6.706878380472554
3011723,3.5170273702580017
3011724,424.5564365190961
3011725,1.1607339794692964
3011726,0.5845380674876651
3011727,-0.4474732419007342
3011728,-0.11646774531967821
3011729,-0.2645663485155819
3011730,-0.28132042536009977
3011731,0.43083580476282807
3011732,-0.20481262358611274
3011733,0.6489640625839093
3011734,3.4407583947090825
3011735,-0.1407117443356401
3011736,28.788979372497195
3011737,23.50833432349733
3011738,0.09111195412013329
3011739,0.6034380931517808
3011740,11.86631690174465
3011741,2.713620781594436
3011742,0.19610215498927572
3011743,-0.20278143287738204
3011744,0.7940020735443977
3011745,0.64927960995592
3011746,1.0494915679971017
3011747,0.008941525010523033
3011748,82.92279824145116
3011749,-0.20276468941403442
3011750,35.834388569074434
3011751,1.4058159959185286
3011752,182.1879967994173
3011753,20.0897379794201
3011754,22.437611525729515
3011755,9.072351566761354
3011756,2.78082720871942
3011757,480.0310102002546
3011758,2.897090502257081
3011759,1.3149266383543297
3011760,0.7835701210272532
3011761,1.3610684010070986
3011762,-0.0804170890408272
3011763,1.17628115747076
3011764,2.3048085733413903
3011765,1.420657250847173
3011766,1.5894021536805236
3011767,4.654569998210566
3011768,0.6632383164866337
3011769,71.55553771628091
3011770,40.54930657004082
3011771,-0.7606418011330675
3011772,0.1836263914109008
3011773,13.753318205683566
3011774,6.461185630300635
3011775,0.8418973117801511
3011776,-0.10915820148268496
3011777,1.9220512566846741
3011778,2.096491480667173
3011779,2.9250634861778506
3011780,3.2598299870687333
3011781,133.97292847766374
3011782,2.0210371160435896
3011783,32.24269020530621
3011784,1.7145740658464637
3011785,146.63157471199656
3011786,22.747380053086673
3011787,34.62475687807106
3011788,10.215891385361829
3011789,9.114282064933018
3011790,532.4467176712317
3011791,3.52975915447787
3011792,1.6395048130906797
3011793,1.0383803637325764
3011794,0.8613646450248325
3011795,1.442498574113779
3011796,0.2810284730622516
3011797,1.026642664427809
3011798,1.0205920540930675
3011799,3.1186141214292
3011800,4.038021725940744
3011801,0.5196563163468817
3011802,26.187898569488056
3011803,26.71881311000856
3011804,1.0686275822085736
3011805,1.891512913203578
3011806,10.837536607385626
3011807,3.596025981659113
3011808,1.696401691687961
3011809,0.20194993341356166
3011810,1.1225873583058545
3011811,2.8838448992494525
3011812,5.3349291543463915
3011813,3.9088837803061685
3011814,98.18839295685416
3011815,2.7961161135145813
3011816,43.51181415154595
3011817,2.820683173432917
3011818,165.60385451508233
3011819,20.91956553245727
3011820,35.21586943539845
3011821,21.40871584532408
3011822,6.017610374806195
3011823,518.006660353675
3011824,2.821385004948752
3011825,0.09233742799471653
3011826,0.9929438267013757
3011827,0.9481005814738819
3011828,1.171798659230517
3011829,0.2290007583552142
3011830,0.7993991495708905
3011831,1.4526378899198606
3011832,3.330922840339808
3011833,6.146788183630742
3011834,-0.3344545539524188
3011835,22.040983143824523
3011836,32.50299281739091
3011837,1.2504326488543303
3011838,2.2608898566517746
3011839,16.33385569344282
3011840,6.921205883837464
3011841,2.684902655061014
3011842,0.1981571876659291
3011843,2.5403193209460007
3011844,1.0588266736886727
3011845,3.5206606584180102
3011846,3.3543827386321574
3011847,176.12464543672365
3011848,2.1617304535942092
3011849,38.6396762895634
3011850,0.8495749880648509
3011851,157.64826186498743
3011852,36.60115301654856
3011853,41.27784960997934
3011854,20.887119427088727
3011855,8.94059714560792
3011856,549.2000658862688
3011857,4.463991500147531
3011858,-0.07860973707807722
3011859,1.5215082710084245
3011860,0.2852185383416417
3011861,2.0649308347300757
3011862,-0.1677553258732588
3011863,0.17369001681562624
3011864,-0.40506349624345617
3011865,2.631055689427267
3011866,4.937225522445479
3011867,-0.37497212306185246
3011868,45.64119365921083
3011869,24.213653109196386
3011870,0.3444506085146713
3011871,2.017444889354256
3011872,33.2043285727888
3011873,8.680669937801285
3011874,1.8130183794226014
3011875,0.7577346281271456
3011876,1.6545679924554406
3011877,4.417690356675993
3011878,2.1664234755225245
3011879,3.9016453329833167
3011880,142.64796975058397
3011881,4.651945666720531
3011882,125.28604722531425
3011883,2.273001535204421
3011884,102.1146840793842
3011885,41.401758019235096
3011886,29.485479661227146
3011887,22.609513418882855
3011888,7.937151739829956
3011889,403.3923859800467
3011890,3.1230587058113817
3011891,0.4842808241268722
3011892,0.611395859933582
3011893,0.9186002720431407
3011894,1.3909886395728972
3011895,1.2064502919375082
3011896,-0.6138681732607894
3011897,1.712760696380756
3011898,1.8390146929662294
3011899,8.141510906060503
3011900,0.2463160612057254
3011901,18.01720441763983
3011902,19.468405603776226
3011903,1.0474449038089733
3011904,1.3122067815200626
3011905,18.00905452698611
3011906,6.233949743416415
3011907,1.0759552851838725
3011908,1.5847193987161519
3011909,2.5003300640660653
3011910,0.3137951732590591
3011911,1.0409078501141176
3011912,0.651791545553424
3011913,173.16033716337537
3011914,0.07253947459052142
3011915,30.66223786387236
3011916,-1.6858529680236825
3011917,130.19168086277278
3011918,14.31062207955336
3011919,26.166872640702643
3011920,7.462764805930201
3011921,3.2932287338936295
3011922,428.5559637079285
3011923,1.2801957265354575
3011924,0.02223465468334325
3011925,0.23168896495611985
3011926,0.4728209316000266
3011927,0.5656607286342477
3011928,-0.343239801483287
3011929,-0.02232221338567794
3011930,-0.04210560391489707
3011931,2.081765717603921
3011932,3.347343023981775
3011933,-0.1973914583227452
3011934,30.498789820606135
3011935,23.354559918483208
3011936,-0.10229347773936753
3011937,1.4886428572189017
3011938,10.188446057282418
3011939,3.252787992761296
3011940,0.5076706725063832
3011941,-0.5522779691393953
3011942,0.6917089830758323
3011943,-0.36502062216641207
3011944,-2.5996740443640465
3011945,-0.46129598608040395
3011946,203.4555803781111
3011947,-0.49583337188305454
3011948,57.054515888554704
3011949,-2.316624234694318
3011950,150.95842563802842
3011951,85.02135476411866
3011952,29.5230276680944
3011953,28.750578257327618
3011954,19.66833567357644
3011955,524.4661470165759
3011956,3.9018777718506312
3011957,-0.5539554442300141
3011958,-0.774560094596236
3011959,-0.37643774567725813
3011960,-0.6757814582973152
3011961,-0.13410876387384632
3011962,-0.20902120954470776
3011963,0.19581428890043745
3011964,1.3031877799396534
3011965,10.563881222668897
3011966,-0.571347319738743
3011967,82.29852893327121
3011968,30.259571817303804
3011969,-0.5072666920187476
3011970,-1.1938233171783668
3011971,46.66066635574658
3011972,17.270761080154408
3011973,1.263796403191618
3011974,-0.35024397207205765
3011975,4.209098648426688
3011976,-0.12335857318368648
3011977,-5.460080163417915
3011978,1.815517519823188
3011979,-2.3303905607975683
3011980,0.0344873004242614
3011981,4.855559919530206
3011982,-2.449383514779584
3011983,-0.26292912539207475
3011984,8.465492298002319
3011985,3.411904045470001
3011986,-0.8919921101252112
3011987,-0.2825365086072771
3011988,35.17283447948648
3011989,0.5326319402396257
3011990,-2.270402328441596
3011991,-1.537668618039861
3011992,-0.2994972078222054
3011993,0.6544706880126614
3011994,-1.9500052664142276
3011995,-3.1714151545428106
3011996,-3.15603969835498
3011997,1.0371742561063
3011998,-2.0440603033880325
3011999,-1.4005740413555758
3012000,3.4787741137616104
3012001,1.8506385491928448
3012002,0.3200039448301323
3012003,-1.3147685501175514
3012004,5.065537798603727
3012005,3.9924648693497513
3012006,0.4656769453394008
3012007,0.28680417930623664
3012008,-0.6430852199137371
3012009,2.2012556564270565
3012010,-0.04354245849481231
3012011,2.770396078983904
3012012,-0.36291777548442106
3012013,2.9715343557729286
3012014,-0.33369669920590245
3012015,1.05779796036677
3012016,4.146488726424759
3012017,-2.04692098579766
3012018,1.1261776710627602
3012019,1.7710586851026893
3012020,-0.4831344728482281
3012021,23.04395051364816
3012022,0.23427941134370484
3012023,-0.5242171897819571
3012024,0.08858649620033245
3012025,2.688998670014626
3012026,1.3989011330048382
3012027,-0.13575586359831507
3012028,-0.05002655343505469
3012029,-0.6767341028450391
3012030,1.8678209997778321
3012031,-0.3080723348051106
3012032,0.5878522339623306
3012033,-1.9926805981600775
3012034,2.0257554100717607
3012035,0.8441486416131738
3012036,0.5164281704763197
3012037,-0.7698390583292711
3012038,-0.36114858101678693
3012039,1.7980095858425553
3012040,1.1744408227046734
3012041,0.30314528360995613
3012042,-0.21805065794775147
3012043,-2.402594189007214
3012044,0.8288039278637734
3012045,2.886023425230669
3012046,1.1718631708922476
3012047,1.1736030640912942
3012048,-1.1697081847345543
3012049,3.6288938328481892
3012050,1.090136492776219
3012051,3.248311216393413
3012052,-1.2349921789432847
3012053,-0.7714380104593146
3012054,24.82983344607375
3012055,1.204882419601272
3012056,-0.33757268899760673
3012057,-0.5610575345330291
3012058,1.5136459266005113
3012059,0.8928455827934523
3012060,-0.921185812629119
3012061,-0.28609373749568473
3012062,-1.2100197721782022
3012063,0.5404230472286145
3012064,-1.0909892246166055
3012065,0.0296577057929244
3012066,6.082749587522703
3012067,3.010919921130553
3012068,-0.12226809277155559
3012069,1.2916011813640944
3012070,-0.20883161152945828
3012071,0.5788357247284875
3012072,0.08527347678398656
3012073,0.3894389903878618
3012074,-0.560848218056417
3012075,-0.6630580188494786
3012076,0.2106552623875177
3012077,-0.11771823564973602
3012078,105.8501981664825
3012079,0.6553750742934061
3012080,50.65432549455653
3012081,0.07856645994019346
3012082,105.04346445818898
3012083,52.050455843135786
3012084,22.023544433904533
3012085,12.04248686019273
3012086,8.944350794083752
3012087,360.4772383657229
3012088,4.197961332487248
3012089,1.4024995446081445
3012090,0.4817090397120774
3012091,1.8221820786147145
3012092,0.16117204970483728
3012093,1.0352234059423062
3012094,2.8807713602863805
3012095,0.5132247921750241
3012096,1.4367184015188832
3012097,9.60862518263937
3012098,2.9555302984768055
3012099,240.93211722189335
3012100,19.7434939301695
3012101,-0.5332493820045783
3012102,0.9630121039103687
3012103,29.705697973997083
3012104,9.73313899718014
3012105,2.2559781889188164
3012106,0.3569096252122108
3012107,4.491016963007423
3012108,3.053440111752352
3012109,2.431097152265502
3012110,0.255980186089655
3012111,333.96848943144266
3012112,0.29416195370446074
3012113,112.04488630415392
3012114,1.42000466518919
3012115,215.5557130690488
3012116,122.6643150199917
3012117,45.905524935560166
3012118,43.921935784937816
3012119,24.07241707140364
3012120,701.0456392384908
3012121,1.8696670499882315
3012122,1.263659875523474
3012123,1.4692047228788148
3012124,0.0033068947840660945
3012125,-0.8388169669429475
3012126,1.1131945487178314
3012127,2.5262007537603064
3012128,2.2890732399806737
3012129,0.7070667180855094
3012130,14.943773537503796
3012131,1.3345018528722288
3012132,79.56747180877949
3012133,36.034387047599914
3012134,0.21141041809761416
3012135,1.446621717394039
3012136,57.035738046840805
3012137,23.387937188017126
3012138,0.4114029154508466
3012139,0.6216664858452281
3012140,7.015704203232046
3012141,-2.3037162009179157
3012142,-3.827358903682107
3012143,-1.29409582789438
3012144,114.85404385782437
3012145,-3.140842117373541
3012146,38.28855910310344
3012147,-3.885229688322143
3012148,58.19374000214579
3012149,45.67189111084044
3012150,14.10909278580042
3012151,13.888492077393202
3012152,10.91090536374293
3012153,221.13627908838563
3012154,0.10071003872944861
3012155,-1.6148721839082285
3012156,-0.5595420599827048
3012157,-1.447067596162051
3012158,0.2911553287647621
3012159,0.28833852733947424
3012160,-2.436224314594656
3012161,0.5811046053747122
3012162,1.6495567626763294
3012163,8.636714223080817
3012164,0.07951038055613019
3012165,31.510207495191388
3012166,12.15632222432556
3012167,0.4020772093641426
3012168,-2.1841415435824456
3012169,14.785142939466386
3012170,9.771864357394369
3012171,-0.8525653942647478
3012172,-0.5405332307710342
3012173,0.4013104328383632
3012174,-1.473016913559186
3012175,-3.1164425993378244
3012176,-1.1259344383719871
3012177,92.96505908716318
3012178,-2.775563544276665
3012179,51.44171513782116
3012180,-2.668003106296819
3012181,74.81522325458893
3012182,30.084586115199706
3012183,18.41280370920453
3012184,8.582510221770935
3012185,2.3709465099939058
3012186,276.8099189775408
3012187,0.7210695321484241
3012188,-0.8788621371572367
3012189,-2.1323895877868635
3012190,-1.0685501069973975
3012191,-1.1346975024253765
3012192,-1.2868039264699178
3012193,-0.9061733946745949
3012194,-1.1965969884162473
3012195,-0.4883770410497231
3012196,3.941345705627966
3012197,-0.7203886477628543
3012198,45.12827901318214
3012199,24.232187036060672
3012200,-0.9359126935189557
3012201,-0.7232042667275231
3012202,23.695094463852975
3012203,5.955513256441803
3012204,-1.0079809423588881
3012205,-0.8588101217731015
3012206,1.4836894740263529
3012207,0.8632923779619887
3012208,-0.22364812259380418
3012209,0.4733470307142852
3012210,220.93321338021087
3012211,0.3894068499818968
3012212,88.4796183907507
3012213,-1.245026984268625
3012214,112.20759161125594
3012215,77.77646190540509
3012216,34.288274305013694
3012217,32.655506900886536
3012218,14.704936523919095
3012219,470.7512892486592
3012220,1.776866224484213
3012221,-0.4617926630259603
3012222,-0.156636798787265
3012223,-0.8616241797237012
3012224,0.39757101098987957
3012225,1.155836481542458
3012226,-1.1193475876091248
3012227,1.8512457520756587
3012228,1.674602239947883
3012229,16.907013822682703
3012230,0.7459484493587228
3012231,41.39481358272106
3012232,25.543296249091394
3012233,1.4215073496717674
3012234,0.9037369971083103
3012235,39.08736826326985
3012236,14.760956628102823
3012237,1.3204013350225
3012238,0.3069552433925423
3012239,2.1293457786894874
3012240,4.259021681266531
3012241,4.94864241888783
3012242,4.066236532093244
3012243,166.3363269619599
3012244,2.896146253185143
3012245,81.80958788701362
3012246,2.9641763824445664
3012247,119.55370559396846
3012248,43.5409630887099
3012249,36.30981963833903
3012250,22.713009213367037
3012251,9.611619355050884
3012252,546.2862562161549
3012253,1.7769180979387897
3012254,1.1492025032546667
3012255,0.26295649558308687
3012256,1.237544203164755
3012257,0.7502037674132157
3012258,0.30376004539731416
3012259,-0.1040133404212679
3012260,2.9458913456452436
3012261,2.7265364313177565
3012262,12.215205761933532
3012263,0.5034511074300394
3012264,27.471893945895673
3012265,30.744854805346435
3012266,1.523600667014355
3012267,3.4465208650914727
3012268,25.81543638065802
3012269,7.844278723328637
3012270,1.3030975591514584
3012271,0.6490301441276392
3012272,2.7616857198412186
3012273,-1.9146193416859751
3012274,-3.32842637206275
3012275,-0.6098079567598326
3012276,17.230548657437538
3012277,-2.940592638608505
3012278,6.663396275583946
3012279,-3.8779780308692717
3012280,4.847328858455148
3012281,1.6212116930115006
3012282,1.625589876432132
3012283,0.628287275625189
3012284,-1.478039051763676
3012285,18.92339319242747
3012286,-0.9224616796403712
3012287,-2.796106550310185
3012288,-1.1796434143176588
3012289,-1.0041044114243118
3012290,0.47980672058579554
3012291,-1.0987015080529525
3012292,-2.320708964700068
3012293,-2.2052673170856427
3012294,1.165163046965274
3012295,-1.1322219997885326
3012296,-1.173265110620239
3012297,2.54617808179489
3012298,6.624445253716578
3012299,-0.1276044049761981
3012300,-1.4856110302502634
3012301,2.549022492454053
3012302,2.1175393062379158
3012303,-0.13303165325273544
3012304,-0.11613665641107912
3012305,-3.336823863157886
3012306,-0.14631487268074117
3012307,2.176083326434819
3012308,-1.6410124686060954
3012309,572.0901135136431
3012310,-0.26511424274896844
3012311,146.58715374722533
3012312,3.269061779540789
3012313,321.561958801117
3012314,213.94118665606985
3012315,60.97458929480545
3012316,85.8833839657701
3012317,55.545000583652225
3012318,1100.152864558662
3012319,11.546895440314184
3012320,0.7620978369357907
3012321,1.9753918921550215
3012322,-1.5315441190573256
3012323,1.3016965948234065
3012324,-0.7442924694792964
3012325,0.9744787654146059
3012326,2.5474601192482806
3012327,3.671299052754657
3012328,27.95437129338392
3012329,0.04521601528012986
3012330,123.59290858322561
3012331,52.484734751196086
3012332,1.6689747064461702
3012333,0.5904744833294536
3012334,86.45370342708448
3012335,57.775853555299335
3012336,0.6675798976827355
3012337,-0.2851000305794878
3012338,15.927187685967365
3012339,0.18868948370749417
3012340,1.0156877805318072
3012341,1.712649321247227
3012342,70.72627396178774
3012343,1.8136878909372898
3012344,27.05415046785391
3012345,-0.15949229880294313
3012346,66.57249665189053
3012347,16.46325774822115
3012348,14.998748512739912
3012349,11.352126247682317
3012350,2.38119289421697
3012351,275.0012941043812
3012352,1.887378486821865
3012353,-0.5392192720083471
3012354,0.16097729753371137
3012355,1.0044906453842053
3012356,1.3531043787069506
3012357,0.5954146268958651
3012358,-0.0384426897730078
3012359,-0.31200999011024355
3012360,2.342695513789033
3012361,5.327976955304396
3012362,0.12783843330034184
3012363,12.929056629005748
3012364,19.319464177151705
3012365,0.7684487095174994
3012366,1.4718987242554724
3012367,12.533299102333942
3012368,4.019375430058019
3012369,1.3298227804959901
3012370,0.5075627522208673
3012371,0.8464194766086006
3012372,1.7547902317982151
3012373,2.2165337659430584
3012374,1.267962477728397
3012375,131.59451881148536
3012376,1.7068870362099915
3012377,70.20445492318805
3012378,0.4248744433753382
3012379,160.38716589869483
3012380,39.71848602513408
3012381,29.809609599277426
3012382,17.023153768570737
3012383,6.4745475106029335
3012384,591.790162425128
3012385,1.863649437740162
3012386,0.95078405658983
3012387,-0.5010105833737974
3012388,-0.4998692828124399
3012389,-0.671682548976321
3012390,-0.23746917583078128
3012391,0.46812959818205174
3012392,0.2163309105819576
3012393,1.7392559156179708
3012394,4.194361896864241
3012395,-0.840494082235316
3012396,43.54949456385954
3012397,34.6097065534941
3012398,-0.93987520093812
3012399,2.4797650109586473
3012400,14.789243285003025
3012401,8.36078034205427
3012402,-0.8335481262218014
3012403,-0.3580823219948138
3012404,0.9187621041604075
3012405,-0.6474520899046183
3012406,-0.4513914759361797
3012407,0.9845053535661281
3012408,63.12504755604422
3012409,-0.13415167733168346
3012410,24.63958239327316
3012411,-1.142965386156575
3012412,69.15402473382173
3012413,14.07282419195828
3012414,14.231954015711453
3012415,9.817333478436048
3012416,1.9785063084725927
3012417,293.34064618945
3012418,1.3528545011437678
3012419,-0.838467358536734
3012420,-0.5028645142142774
3012421,0.39642815063546777
3012422,0.8491309104686957
3012423,0.2298229377921166
3012424,-0.726229156007837
3012425,-0.4989434344365214
3012426,1.7532783099251832
3012427,6.4567010596823025
3012428,-0.1460839485430984
3012429,12.916505441400616
3012430,20.691532502844957
3012431,0.15151661823877702
3012432,-0.3066441867578828
3012433,11.82507875720049
3012434,3.169980686323281
3012435,0.42823506097566905
3012436,-0.10908225166579319
3012437,0.19879477618759894
3012438,3.921233036110328
3012439,5.267204111343647
3012440,4.894435703026369
3012441,113.1650931612279
3012442,3.1287644620758277
3012443,47.49584082652114
3012444,2.7731146010429075
3012445,166.220224813684
3012446,30.592591317434852
3012447,28.367758428503414
3012448,23.242343689876993
3012449,5.23313109415205
3012450,574.6316235495594
3012451,2.3276827686353796
3012452,1.2295003870759251
3012453,0.5587992776669183
3012454,2.679370617371902
3012455,0.7775550586543545
3012456,1.459212575944796
3012457,2.4496646104111575
3012458,2.584656153621405
3012459,3.115634363341165
3012460,9.94039501267715
3012461,1.5526704566730336
3012462,34.8748349608928
3012463,34.32166084135876
3012464,1.098922396753884
3012465,2.6430554898416503
3012466,16.606109634677225
3012467,8.348882301045663
3012468,2.5182447161153014
3012469,0.9476778436663937
3012470,2.577131351401628
3012471,3.945861260116108
3012472,4.443267118340336
3012473,2.5783259236076628
3012474,223.4195817466171
3012475,3.462508325099152
3012476,132.11399600780237
3012477,3.461266523189952
3012478,150.4078688731616
3012479,38.85229802322024
3012480,39.62037384595893
3012481,20.226013436265895
3012482,14.408937335172546
3012483,690.0779469254855
3012484,3.186911537468325
3012485,2.096702289307607
3012486,0.8710967126930995
3012487,-0.5659539264813498
3012488,-0.6371162205612269
3012489,-0.31273896500872755
3012490,1.2441847558698214
3012491,2.510695712732588
3012492,1.5763770116984166
3012493,8.190640462685945
3012494,0.15958671169736818
3012495,35.702963733998686
3012496,44.316205191199906
3012497,1.7062834536082232
3012498,5.793079386697057
3012499,19.685510534518027
3012500,7.711699799889859
3012501,1.322940506419029
3012502,0.6001590105028232
3012503,3.4843461390631205
3012504,-0.9217510814818766
3012505,-1.3160367747027581
3012506,0.36569638779391767
3012507,72.47473583891149
3012508,-0.12627513789064895
3012509,18.238380542772987
3012510,-1.454021046096241
3012511,67.13660366007004
3012512,11.134732400339999
3012513,10.318687490026036
3012514,8.82519851983377
3012515,5.380183393941721
3012516,307.1679569555199
3012517,0.8926869672022006
3012518,-1.192562033082329
3012519,-1.3513421602913822
3012520,1.8631566280526803
3012521,0.7433122069943352
3012522,0.3863117716221609
3012523,0.15545033572521105
3012524,-0.8839218828402898
3012525,0.6937746694955479
3012526,2.777521928600878
3012527,0.21665942034527008
3012528,19.73572283132485
3012529,15.854841223551709
3012530,-0.7583442130346827
3012531,0.6188251000801448
3012532,6.772535571384099
3012533,2.3949764953731867
3012534,0.4813674908500309
3012535,-0.7306473838610634
3012536,0.5445789065203337
3012537,5.647390674162452
3012538,6.120850801901542
3012539,3.362307391236536
3012540,112.60440593424109
3012541,5.315746199940113
3012542,58.90351840073927
3012543,4.993217082249103
3012544,90.80042941051644
3012545,27.14201695045762
3012546,21.457034386658997
3012547,13.724631697876976
3012548,3.063744364440595
3012549,458.36668709637365
3012550,2.688166200368753
3012551,1.4900382777255732
3012552,1.0979207059226905
3012553,0.9752430166814451
3012554,-0.051658297287765415
3012555,-0.01189133183911284
3012556,1.1495321448619076
3012557,0.25462536506532385
3012558,0.5291265686272822
3012559,6.37995870154343
3012560,0.7265204783869854
3012561,22.993539555938217
3012562,22.007560384881394
3012563,0.9935224631977257
3012564,2.190368894455271
3012565,13.483287515566072
3012566,6.397308025352606
3012567,1.5385612590312963
3012568,1.7349474442244834
3012569,2.3059478392546158
3012570,2.4912878812434793
3012571,2.824953995452379
3012572,0.06261338507756595
3012573,152.79030388686124
3012574,0.13161033029879032
3012575,74.94601649045086
3012576,3.1435053267912734
3012577,178.13113952829917
3012578,91.7259899100699
3012579,22.426146281276086
3012580,27.6823950137401
3012581,25.487928861508337
3012582,591.6107346873032
3012583,7.240438611516758
3012584,2.3740585447833586
3012585,1.6127871364025783
3012586,0.5760967329615528
3012587,0.6124167053003043
3012588,-0.11526764735576531
3012589,3.578497252418195
3012590,0.8410453801433619
3012591,1.09352098941122
3012592,12.850083177771223
3012593,0.391635753465555
3012594,43.67422400038212
3012595,33.33162315505196
3012596,0.43728150373527797
3012597,0.9024842069403827
3012598,19.370444547013786
3012599,20.691668094856205
3012600,1.795515806396172
3012601,0.9674656069399066
3012602,4.648007436711589
3012603,0.21545222936649225
3012604,-1.0053370959106542
3012605,-1.448906583271455
3012606,118.94034945599415
3012607,-2.7408191131745845
3012608,72.55817633830347
3012609,0.01604025179905877
3012610,159.08001689601755
3012611,79.48727803134184
3012612,27.05195936099095
3012613,21.49676848341558
3012614,26.093656486906863
3012615,574.621224914169
3012616,3.7547880970292615
3012617,1.2381269038499454
3012618,0.8233278775591613
3012619,-1.6178911508041052
3012620,-0.19454892744947527
3012621,-0.0166431171734871
3012622,0.7527920500474579
3012623,0.9369654109271073
3012624,1.6526920216591974
3012625,9.64991284602823
3012626,0.16793163241064804
3012627,30.88387029546738
3012628,36.380861755687974
3012629,0.8510089168723357
3012630,-1.5339276402103565
3012631,15.386333717345291
3012632,18.403959781377807
3012633,-0.28394523564897783
3012634,-0.2892553711709183
3012635,1.9988770892844627
3012636,0.08928787246186387
3012637,-1.1243792574631517
3012638,-0.9345065227868328
3012639,146.80312404748923
3012640,-1.695027985234265
3012641,117.58989848707671
3012642,-1.4574569142664404
3012643,184.31290921489685
3012644,34.21664679601614
3012645,25.776948973059113
3012646,22.533735251229157
3012647,12.756408603806994
3012648,602.851639422749
3012649,2.7883317638120504
3012650,-0.1260055164577784
3012651,-0.18391495297390753
3012652,-0.9682258187716504
3012653,-0.2531399983247389
3012654,-0.13353638480370816
3012655,-0.4819644658491303
3012656,1.328336087148084
3012657,1.3772599189948527
3012658,6.627449243374787
3012659,-0.18784715113852835
3012660,23.745721370800197
3012661,40.43413833987073
3012662,-0.2828800479191773
3012663,1.3125498875751076
3012664,14.380887147180358
3012665,9.360838837743716
3012666,-0.8245270047828377
3012667,-0.28504786708076385
3012668,1.2889062482937446
3012669,-1.7153382081776365
3012670,-5.397976555069109
3012671,-2.291623818197877
3012672,161.68245259545154
3012673,-3.6231553232012086
3012674,54.157923754473856
3012675,-3.3978388246215765
3012676,144.39989113493283
3012677,81.12217364311167
3012678,29.34744388639225
3012679,26.20262526413226
3012680,19.1069038709881
3012681,483.7047609055097
3012682,2.8483228252955453
3012683,-1.7872996645652894
3012684,-2.1582902102531807
3012685,-2.901829266624518
3012686,-1.8147023984701447
3012687,-1.9370363036611886
3012688,-2.195888839327454
3012689,-1.004758520639589
3012690,0.3303517553850906
3012691,9.188860399232107
3012692,-2.6218682455447926
3012693,67.2833968822566
3012694,28.314120732612935
3012695,-1.7632549510744868
3012696,-3.30646321965527
3012697,42.42058865639461
3012698,19.287970296741623
3012699,-1.0541456363424369
3012700,-1.463614390550065
3012701,2.8336565010226327
3012702,2.6263393106706405
3012703,3.946710386180615
3012704,4.270422851978268
3012705,107.97153080236136
3012706,3.0135939717228517
3012707,52.01070680398338
3012708,2.7502097130526817
3012709,153.28725396981906
3012710,29.499947933567093
3012711,27.318294140826595
3012712,20.617797175021746
3012713,6.9620302603141315
3012714,599.2429929683369
3012715,2.665901040516067
3012716,0.5055625992323917
3012717,0.584328384979459
3012718,0.5431640788185962
3012719,0.6953478998948708
3012720,0.44549533508269856
3012721,-0.21640345194454086
3012722,1.4503647978932044
3012723,2.912489874344834
3012724,6.06235232622607
3012725,0.11735579358693261
3012726,19.04822134567755
3012727,30.554680898594746
3012728,1.0621201213579172
3012729,1.0604349973763658
3012730,13.578503238881414
3012731,7.971078203320278
3012732,1.3603246715253101
3012733,0.7515841349198364
3012734,1.425098944583957
3012735,0.3229191915120224
3012736,0.2497203618757099
3012737,1.2150518668124766
3012738,96.91140413311707
3012739,0.9821593061296642
3012740,43.87416041808259
3012741,-0.06404479932840335
3012742,101.34486263811144
3012743,43.68698612887274
3012744,22.78272409277078
3012745,14.925755958344428
3012746,10.239743557503752
3012747,373.7974186880025
3012748,2.2569364220678403
3012749,-0.1543151431435104
3012750,-0.2534844818938234
3012751,-0.13686502794756397
3012752,0.6025401752161565
3012753,0.15999463202383823
3012754,-0.18658816604020792
3012755,0.4892905770205891
3012756,2.3945955108929105
3012757,7.333390102481832
3012758,0.15027235728902497
3012759,23.480942093344595
3012760,24.03704679971183
3012761,0.8828977824388551
3012762,0.1968111265196113
3012763,13.472917295767868
3012764,9.513006619783475
3012765,0.87996541024179
3012766,-0.10903855727912173
3012767,1.7454089241317035
3012768,-1.2538661109642273
3012769,-3.5062415417695596
3012770,0.5170166236035582
3012771,0.25101356044440726
3012772,-0.07316068842759715
3012773,2.7615370983164027
3012774,-4.225134961954463
3012775,-2.0033969674158287
3012776,3.0657106221107093
3012777,-1.0819988968128018
3012778,0.4767918320882017
3012779,0.7650437574403621
3012780,-0.09178150288411491
3012781,0.5170310137076307
3012782,-1.8870125764304684
3012783,-0.8046618093805297
3012784,0.3445130673479002
3012785,0.8676690766153046
3012786,0.0799287142422258
3012787,-2.4737922990348737
3012788,-2.331007284526902
3012789,1.1249019845499721
3012790,-1.3374028261807758
3012791,-0.5839656047487074
3012792,0.6675420977222828
3012793,3.86704143454753
3012794,0.008774704091040336
3012795,-1.8747615142196152
3012796,1.7841603009324467
3012797,1.84173570208098
3012798,0.6306979634745516
3012799,-0.0998358939632158
3012800,-0.7350181627768029
3012801,2.7337840290499296
3012802,3.7202557783592782
3012803,2.0659066752344373
3012804,326.7104881361741
3012805,1.7801212520859553
3012806,47.05433942945129
3012807,0.4099787024424586
3012808,139.26549982234727
3012809,19.13456542485721
3012810,24.221145258599066
3012811,14.741178380042983
3012812,7.413159829491219
3012813,511.7813620981917
3012814,2.343648422403814
3012815,0.9574855887167654
3012816,2.651132708480684
3012817,1.2669184548328052
3012818,0.8519546894372911
3012819,-0.4308491931176536
3012820,1.0921836670029301
3012821,1.1095496869642671
3012822,1.7786562660477943
3012823,13.39930989938249
3012824,-0.15535887852999397
3012825,27.32044624872094
3012826,26.699306073619624
3012827,1.7559855037240344
3012828,3.8828447650273596
3012829,17.705939838121154
3012830,8.226024868846899
3012831,2.3504549586316283
3012832,1.1804912070648719
3012833,2.7546302977747406
3012834,0.7123694161869935
3012835,-3.3938761665001946
3012836,-5.008449102523919
3012837,635.3781878902249
3012838,-1.6225693483973007
3012839,157.1946503430336
3012840,-1.1782687403688399
3012841,395.8540321666733
3012842,272.8939069236451
3012843,83.44861377859732
3012844,96.4349655265902
3012845,109.30294254258274
3012846,1410.8652110183002
3012847,12.09238297807864
3012848,1.0783854530760073
3012849,2.8461427095865655
3012850,-2.8375906165466223
3012851,1.0975973600841828
3012852,-0.18444279635063138
3012853,-0.8123291324901948
3012854,1.7540510486312266
3012855,1.1829225508708987
3012856,38.7418802943081
3012857,0.48470867222175007
3012858,148.3400070137529
3012859,66.80048578019924
3012860,0.4272151348476474
3012861,-2.4460349940485324
3012862,96.93429171336541
3012863,72.17722174461461
3012864,1.3482724910743127
3012865,-0.5259667035882012
3012866,16.74090275923387
3012867,0.34158741244584234
3012868,-0.98314145170556
3012869,-1.2647730872529064
3012870,429.31958154077876
3012871,-0.7181271589374592
3012872,119.13554550791414
3012873,0.8799892006768276
3012874,324.97160361672434
3012875,173.5009053020459
3012876,74.64860757636525
3012877,60.14710419987212
3012878,56.91102132206455
3012879,1212.9894638941737
3012880,10.181030319451493
3012881,1.721947413728376
3012882,0.07632564626994279
3012883,0.08962032495699533
3012884,0.34437319258577187
3012885,0.04870986378205998
3012886,1.4305103839081494
3012887,1.1841726604015639
3012888,-0.12757129593781427
3012889,22.126636204470778
3012890,0.8028384340805497
3012891,162.7366715837441
3012892,60.27287806962737
3012893,0.16896947588578773
3012894,-1.6966023125290304
3012895,93.15447145234404
3012896,45.933457521361085
3012897,1.4281684274742656
3012898,-0.4573169627742391
3012899,13.096696095658299
3012900,-3.2304379789455195
3012901,-8.55083133799195
3012902,-0.07137171950271304
3012903,294.72858536978174
3012904,-5.3421039246894
3012905,78.65098747493255
3012906,-5.627026410916842
3012907,301.4578671795145
3012908,120.98065680628937
3012909,93.97723983233686
3012910,25.969875269641413
3012911,40.302533017828466
3012912,1023.0398688983646
3012913,4.324978523705613
3012914,-0.35490431184367494
3012915,-2.221420665640071
3012916,-1.9337135716529885
3012917,-0.2946410871598346
3012918,0.49773548391320216
3012919,-0.5651590618183764
3012920,0.41030097225568163
3012921,0.829340890445601
3012922,12.809933970603378
3012923,1.171574677784447
3012924,204.10812139126506
3012925,73.01682700876776
3012926,-1.9743003549075002
3012927,-3.9267871949145414
3012928,105.22845061621311
3012929,27.640621627335314
3012930,-0.23609033160119008
3012931,-1.7463739456316762
3012932,6.427355776625664
3012933,1.9160672624659856
3012934,-0.6848589709243607
3012935,1.0006586629225784
3012936,399.2074811487998
3012937,-1.976783485277374
3012938,118.69927269674741
3012939,-1.8218632130001424
3012940,306.2895305180227
3012941,158.2874969891011
3012942,83.23740641061573
3012943,47.98598388857303
3012944,45.123873569735665
3012945,1092.5332300770617
3012946,5.682996104867307
3012947,-1.6328458159452932
3012948,0.6366434357780599
3012949,-0.77698626152378
3012950,0.6024550784363236
3012951,-0.39605830683176463
3012952,-1.3037062685268395
3012953,0.1316594284453093
3012954,0.3397450705587107
3012955,15.523035434272245
3012956,-1.2219754903138529
3012957,128.52498950075278
3012958,66.40468795278449
3012959,0.7829425650162376
3012960,0.37211111734224683
3012961,101.58759866187208
3012962,37.97908773200015
3012963,1.751745900363567
3012964,0.3757041452977501
3012965,9.387833801302222
3012966,-2.14540808237125
3012967,-7.843448888975799
3012968,0.5525226457068492
3012969,206.3579917836446
3012970,-5.020382882768864
3012971,79.99508789792068
3012972,-7.797347464130107
3012973,249.63826663234377
3012974,92.01520438151933
3012975,74.71340747465037
3012976,17.73189381747805
3012977,23.601409044582617
3012978,856.5190186063162
3012979,3.827841108526736
3012980,-1.5971763968180674
3012981,-3.003972237746675
3012982,-4.286328261591189
3012983,-1.1699621300808212
3012984,-0.8869199784886587
3012985,-3.795790466124126
3012986,-1.52576888614738
3012987,0.4008771171768602
3012988,9.470206269949776
3012989,-1.4509032460017626
3012990,143.23668066448712
3012991,63.76655194505689
3012992,-1.775238023406746
3012993,-3.867023393548625
3012994,89.81352391986384
3012995,21.608026914655163
3012996,-2.273322604451423
3012997,-1.7663798263059651
3012998,2.1366890366498046
3012999,0.4413516014319975
3013000,1.444268775127457
3013001,-0.21655820198495346
3013002,302.28326546893345
3013003,2.043636360321434
3013004,80.52172467471036
3013005,-0.8353616239345503
3013006,175.5611057258625
3013007,131.31319646018125
3013008,40.36807256061562
3013009,46.127893368426086
3013010,35.449659810044906
3013011,634.9463072998993
3013012,8.205718148265987
3013013,-0.028951437566975047
3013014,1.0867980538618212
3013015,-1.1407908391807724
3013016,0.38791955792548827
3013017,-0.6172079173608656
3013018,-1.352008188446598
3013019,-0.5566458548522133
3013020,-0.3243161984047039
3013021,15.234770637471993
3013022,-1.546290196560076
3013023,78.09020352297979
3013024,30.90643009662021
3013025,1.0741970554353246
3013026,1.5680107147036688
3013027,41.9781426855682
3013028,36.62386778206008
3013029,1.4470114655022552
3013030,1.7945398360202307
3013031,9.481403494195439
3013032,0.024102686626501946
3013033,-1.2913928265365393
3013034,1.0118014922095973
3013035,137.67216135872215
3013036,-1.3017803948765503
3013037,63.688606629049715
3013038,-1.573926067972643
3013039,180.99259474830558
3013040,60.3773766937272
3013041,39.05016267671668
3013042,25.656642479706242
3013043,19.608994040968103
3013044,556.4890108056399
3013045,1.4607371857370164
3013046,-0.41901980640010156
3013047,0.15888147424426283
3013048,-1.1823312835718027
3013049,-0.3435924503111528
3013050,1.2818593521372168
3013051,-1.834227508950644
3013052,0.9120535603532336
3013053,5.139906471688191
3013054,10.439638909679088
3013055,-0.2767801949562636
3013056,56.46557225365872
3013057,37.78269331355375
3013058,0.5317926469301165
3013059,-1.0333502627226698
3013060,30.192155918918797
3013061,18.63604399731041
3013062,0.6427335446051439
3013063,-1.3196804138521838
3013064,2.013703968038753
3013065,1.0037518030061072
3013066,-2.3805246419942523
3013067,0.5849663313289966
3013068,217.16530882543552
3013069,-1.447121273126013
3013070,77.6478215062622
3013071,0.038880635293771726
3013072,244.39035328460045
3013073,89.57580633491425
3013074,60.5116703352721
3013075,19.880569765593265
3013076,23.066549576076724
3013077,891.8905288978332
3013078,6.016241243003186
3013079,0.10169478193836766
3013080,0.4722803956223106
3013081,-1.2649556446481256
3013082,0.16164926826060763
3013083,-0.23435871397448865
3013084,0.4281292985294931
3013085,0.3690603382339396
3013086,1.339885374464975
3013087,13.891851207772376
3013088,-0.5527229158220689
3013089,157.95975086493814
3013090,52.92770895028265
3013091,0.12489960949536907
3013092,-0.8250924067428969
3013093,48.120995075218275
3013094,22.417425998315267
3013095,0.8754469804076872
3013096,-0.4965284717587565
3013097,3.666051656955351
3013098,-0.5424741162714417
3013099,1.0553035260847898
3013100,-2.6337395463313076
3013101,451.5372387777554
3013102,-1.6964197015705214
3013103,129.20448642648543
3013104,-0.2600530959151729
3013105,238.40101941023897
3013106,164.3279745452386
3013107,46.391740890334226
3013108,54.782085762590036
3013109,37.37873318625985
3013110,792.2122479677631
3013111,2.848430990859524
3013112,-1.3268154949414748
3013113,0.20559120673806325
3013114,0.6906123630471122
3013115,-0.48858883430522837
3013116,-0.41272393757120873
3013117,1.9773169964391855
3013118,0.41329926577505827
3013119,-1.7238853557379843
3013120,19.373580151089808
3013121,-0.017845424915940322
3013122,113.03766320905449
3013123,37.36864913425535
3013124,-0.301718125807929
3013125,-0.3292731807010931
3013126,66.72026245393619
3013127,30.903276652474048
3013128,0.59928140319058
3013129,-0.25372593859410697
3013130,11.433155086967636
3013131,1.0168880868735084
3013132,-2.1331318127175525
3013133,1.3932986212486809
3013134,-7.25620663307906
3013135,0.13781730892529032
3013136,-0.2572132693302468
3013137,-1.773403553809676
3013138,-3.1701761881932
3013139,1.5686795254300705
3013140,-2.6904718321440177
3013141,-1.3087654389374859
3013142,-1.5514659538554405
3013143,3.3038457017089238
3013144,2.2261125124499994
3013145,-0.848125181239284
3013146,-0.8382051614034628
3013147,0.700492931452676
3013148,1.3611452939889022
3013149,-0.8065051868288537
3013150,-1.1290776226073287
3013151,-1.3745228674478007
3013152,0.3161883962088302
3013153,-0.24477987144606805
3013154,-1.0902190693946434
3013155,-3.5100889801788253
3013156,-1.3841961537659393
3013157,-0.5728323414620775
3013158,0.3779940095816653
3013159,-2.186912466740869
3013160,2.894473354687725
3013161,2.370443098210102
3013162,-0.2309807040746694
3013163,-0.08147516458352247
3013164,0.5574283118503388
3013165,1.081521581061346
3013166,0.8940929315688424
3013167,6.390988197313085
3013168,1.3829827903682177
3013169,-0.9419772329433602
3013170,-0.21729264039700869
3013171,0.23968867041030534
3013172,-3.025568496534488
3013173,0.1253269139100064
3013174,-0.2916705928028807
3013175,-0.25960961472897903
3013176,5.481347122873412
3013177,0.8487692478732607
3013178,0.571114919808806
3013179,-0.34605331801471606
3013180,2.2476159110297464
3013181,0.7025883008134952
3013182,0.546197040858442
3013183,1.1676265807277377
3013184,-0.4268270515203279
3013185,0.16443644254989864
3013186,-0.033240233375496475
3013187,0.07576409177714598
3013188,-1.5148611465477917
3013189,-0.28811721443179183
3013190,-0.03798782588126984
3013191,0.41711636375697136
3013192,-0.7468489708672132
3013193,0.3859343978330071
3013194,1.0040889246883797
3013195,0.2470260074802843
3013196,0.8365736418266658
3013197,1.1256873205476405
3013198,1.4511493355451783
3013199,1.1721055078739846
3013200,84.38833920595671
3013201,0.3782290731544162
3013202,33.267996106749834
3013203,1.6294087592383404
3013204,134.57767239785016
3013205,8.871608193250704
3013206,18.497871502811904
3013207,9.05964596892225
3013208,0.3117435336239579
3013209,381.8471238382385
3013210,2.186178018261428
3013211,0.7977197256739714
3013212,0.6472274908510849
3013213,0.25409779561109874
3013214,0.510255765604536
3013215,-0.03355677813435928
3013216,0.09076956934953387
3013217,0.34746689588802154
3013218,1.8110284438613893
3013219,4.324441918636833
3013220,0.169026361992012
3013221,6.445951736022918
3013222,21.6714549563474
3013223,0.4732190552761244
3013224,0.790068716446342
3013225,6.157692070934821
3013226,7.600439192576735
3013227,0.02479368369767368
3013228,0.5042400242448934
3013229,0.3739034559806464
3013230,0.3702600840472588
3013231,-1.5613410782275332
3013232,0.14325818105276994
3013233,214.3668968883373
3013234,-0.6545677168988914
3013235,65.12361818476809
3013236,0.310454003886116
3013237,182.72096853064286
3013238,89.48386194662154
3013239,40.153606896524686
3013240,32.794183129576446
3013241,26.922246320598717
3013242,640.4202105648178
3013243,5.1987013382142315
3013244,0.6546459613204207
3013245,0.06729137272021035
3013246,-1.2486190036963762
3013247,-0.5744225433157771
3013248,-0.05950785149387228
3013249,0.016968281406179897
3013250,0.6003109186365327
3013251,1.3363127101087957
3013252,12.53641486483979
3013253,-0.30520067872861545
3013254,78.89385063361223
3013255,32.68084672331504
3013256,0.8720657236648549
3013257,-0.5802989904709557
3013258,59.003399173507425
3013259,21.688756346176742
3013260,1.4133079300038935
3013261,0.13680916033175894
3013262,4.853287056907821
3013263,-0.5175092687777215
3013264,1.6230398256330956
3013265,-2.6355715938905266
3013266,302.09012905699717
3013267,-0.7725347277459514
3013268,87.19283887032373
3013269,-2.5731514489083205
3013270,190.28133162959668
3013271,135.75163722772828
3013272,33.940048657534604
3013273,49.86848204387574
3013274,32.25018658932975
3013275,586.8923253009843
3013276,5.935969969917714
3013277,0.19548204796396024
3013278,0.5967810164309049
3013279,0.45077726810533925
3013280,0.43616194887694293
3013281,0.8634012792183422
3013282,1.6018032694965223
3013283,0.1722524934868852
3013284,1.3286804268621564
3013285,18.99273821507497
3013286,1.1810718096902928
3013287,100.20924251466681
3013288,32.309225171190484
3013289,-0.5040792692708783
3013290,0.22890496660635107
3013291,47.69253590195083
3013292,30.149820783559626
3013293,1.6375637521340103
3013294,-0.5548427577491385
3013295,9.455879337150254
3013296,0.4994012406322146
3013297,2.8527297585710043
3013298,-0.897659151204316
3013299,311.626940464134
3013300,0.5498259540533764
3013301,91.81394928959661
3013302,-1.5120792237330172
3013303,206.91125216206086
3013304,145.82508546321253
3013305,41.06626151124594
3013306,50.479143514649806
3013307,27.703768882931108
3013308,668.7153760317063
3013309,6.41367192942147
3013310,0.5108106711782602
3013311,1.524411449055915
3013312,-0.9764719103554308
3013313,0.11393163681492297
3013314,0.4122692188540168
3013315,0.331109231559458
3013316,0.3354844803013839
3013317,2.643529257712253
3013318,18.517975551447783
3013319,0.5714597484086337
3013320,95.78840477485599
3013321,37.06216534096384
3013322,0.08211903436313156
3013323,-0.5444858749455306
3013324,47.92637560096911
3013325,33.60019374402902
3013326,0.6369814488223347
3013327,-0.714578239939001
3013328,8.334178094157833
3013329,3.779330695507051
3013330,1.3004144942714992
3013331,3.6901314954557165
3013332,213.70951982371142
3013333,0.5240432098445672
3013334,92.16731703313519
3013335,3.5634939237204164
3013336,253.7907886430217
3013337,54.25214469239607
3013338,71.90518708953707
3013339,28.435393910791827
3013340,13.174513923783305
3013341,914.282752926439
3013342,3.063898595667524
3013343,2.195770191934389
3013344,1.5276718056864411
3013345,-0.9992469498949503
3013346,-0.5524584517822951
3013347,3.140902287065255
3013348,0.5146657708934436
3013349,3.666045996744397
3013350,3.711469575656447
3013351,8.422094911424137
3013352,0.907523927862494
3013353,66.12117847417262
3013354,54.57135805163609
3013355,1.8516944966791562
3013356,-0.26685640079693257
3013357,63.529078378353404
3013358,12.994203057465457
3013359,2.5756164613347576
3013360,0.16741982871262734
3013361,3.141997889002705
3013362,3.1942596242229775
3013363,2.8110970788871326
3013364,2.0574460804825865
3013365,176.90162914677384
3013366,3.751679651101731
3013367,57.968741975280835
3013368,2.6562935549026587
3013369,145.52563596695882
3013370,88.40375205612429
3013371,26.340287624189187
3013372,31.381763930186754
3013373,25.432827333227834
3013374,456.66313470633133
3013375,5.824687882034777
3013376,1.1424973350229992
3013377,1.1684578118673379
3013378,1.0419960055568573
3013379,0.6524006117706085
3013380,0.878561173045564
3013381,1.8908600170264527
3013382,1.8500443991136857
3013383,1.7047710085945074
3013384,15.955303487226956
3013385,0.40107359989280666
3013386,65.81240268788089
3013387,20.4591732777335
3013388,0.3580350200710381
3013389,0.895877986100122
3013390,36.201828348898054
3013391,15.202863801264176
3013392,2.8398367520343437
3013393,1.499376213326541
3013394,6.2546666005957645
3013395,-0.6970234406689269
3013396,-2.109295128764543
3013397,0.3759460362710886
3013398,80.76902800132754
3013399,-1.2008761506046723
3013400,21.006505908703147
3013401,-1.2524832643006814
3013402,131.61092073362568
3013403,16.783756715514684
3013404,32.19425012630633
3013405,5.66796159964626
3013406,4.82842389033045
3013407,385.15341105079085
3013408,1.884486373946129
3013409,-0.11821408824951507
3013410,-2.5056476465738524
3013411,-0.17190089234944939
3013412,0.056202994104860404
3013413,-0.6500120052937928
3013414,-0.8932746100119129
3013415,-0.8217424045006192
3013416,0.13007666922650965
3013417,1.9496223765294056
3013418,-0.5522627415728858
3013419,41.94566301078986
3013420,24.668169207511163
3013421,-1.28234469803916
3013422,0.657023704254998
3013423,20.597676470956504
3013424,4.002915683805477
3013425,0.36716327877557886
3013426,-0.36847084469474795
3013427,1.4609603925085959
3013428,-1.0951071392710947
3013429,-0.7736719701943728
3013430,-0.408039721918285
3013431,424.53960912913305
3013432,-1.2800393568183428
3013433,105.88708391721232
3013434,-2.803135908293516
3013435,294.79792879380835
3013436,34.34572285364517
3013437,50.747614345377485
3013438,17.5451012315787
3013439,13.015081808789619
3013440,960.6146142994352
3013441,1.8490017838628046
3013442,-0.8100614795169896
3013443,-0.7474467393690793
3013444,-1.0359818274043573
3013445,-0.11350092990116545
3013446,0.8604189623713684
3013447,-0.014194138090060718
3013448,-0.4209588057292785
3013449,1.9437841716436743
3013450,4.808851623381852
3013451,-0.437629083247848
3013452,117.28334472930251
3013453,50.775988996951824
3013454,-0.10329526178455126
3013455,2.208976468845467
3013456,61.738548042129295
3013457,5.451622231572
3013458,-0.8051650383261949
3013459,-2.2211443992937348
3013460,1.7689394410620662
3013461,0.022949424336402457
3013462,-1.1925906391801981
3013463,-0.7091138110394968
3013464,123.62525684555563
3013465,-1.7254050899803406
3013466,34.15020503449683
3013467,-1.3808668651639164
3013468,121.56124716426953
3013469,18.974220901644586
3013470,23.361635329173588
3013471,6.341995793661699
3013472,5.520401259272185
3013473,390.335245819076
3013474,0.9405045920602424
3013475,0.24732268080588254
3013476,-0.2414696641323099
3013477,-0.5210678806703072
3013478,-0.31346939506191124
3013479,-0.4160440609647049
3013480,-0.38239485471545775
3013481,-0.3268135049245757
3013482,1.0328053114965587
3013483,3.9445337518065573
3013484,-0.44457334292579626
3013485,26.853332110336996
3013486,21.823557201492005
3013487,-0.03526592779497151
3013488,-0.16019878109844285
3013489,11.517196680415147
3013490,2.389921900339905
3013491,-0.47620506346553154
3013492,-0.24912448316114025
3013493,0.1562132388126338
3013494,-0.9494745319576758
3013495,-2.310178395948533
3013496,-1.9120456130422099
3013497,121.97174883244828
3013498,-3.247104755853652
3013499,31.402177787057227
3013500,-2.790408255397124
3013501,117.05260605803232
3013502,16.921946323005976
3013503,20.561217791887174
3013504,4.498464933454889
3013505,1.937200367420155
3013506,375.44008417854366
3013507,0.49591998523719666
3013508,-0.24319269424879164
3013509,-0.826889408997813
3013510,-1.1676336954161526
3013511,-0.8714294990216876
3013512,-0.929976158103309
3013513,-0.8999115470177639
3013514,-0.81644432171066
3013515,0.10377298754472578
3013516,2.9030264332348814
3013517,-0.8868936541757284
3013518,26.31783525526385
3013519,22.352947345856446
3013520,-0.45148671196773654
3013521,-0.7444726223933685
3013522,10.236566332596194
3013523,1.9244869953589658
3013524,-1.0413689344991144
3013525,-0.6731554248649627
3013526,-0.34987377061101144
3013527,-0.5890499800183898
3013528,-0.9896445158906136
3013529,-1.3317658480590764
3013530,78.5536761924759
3013531,-2.2121093753362944
3013532,33.836850667639446
3013533,-0.19216309773488316
3013534,176.09313876676765
3013535,18.355341112391983
3013536,20.317881922238087
3013537,7.094858883166889
3013538,2.246908748983842
3013539,431.8247545378051
3013540,2.092813078452193
3013541,0.4379409693712228
3013542,0.22715483453586102
3013543,0.29251426343154213
3013544,-0.8068166983972764
3013545,0.42011153005408464
3013546,0.994606939560283
3013547,0.8272965565944037
3013548,0.9658893946377362
3013549,4.5199621264772505
3013550,-0.15279051292895704
3013551,68.91569452852806
3013552,39.28783179349399
3013553,-1.3756343042698131
3013554,-1.215854948402018
3013555,12.220739222510996
3013556,5.643012330699888
3013557,-0.4403018268975278
3013558,-0.6743736475137553
3013559,0.7848553534600365
3013560,0.5144711049932812
3013561,0.7306466209292102
3013562,1.5435158593118103
3013563,129.09348939293216
3013564,-0.48759309264147305
3013565,29.982730827767444
3013566,-0.29431726845046796
3013567,139.32357526377695
3013568,20.83498214726962
3013569,31.6660763393034
3013570,8.06893176249454
3013571,7.616066671456306
3013572,479.99379568154916
3013573,2.798791537030265
3013574,0.7492277471035049
3013575,0.5919389913887425
3013576,0.07851247330177101
3013577,0.7880851694549347
3013578,-0.42429999223219056
3013579,-0.036516602235033134
3013580,0.3285637099209271
3013581,2.52645918750095
3013582,3.6026038422959026
3013583,-0.2095816878608457
3013584,24.2508859512574
3013585,25.39606568016774
3013586,0.3515615624623024
3013587,0.771293105961913
3013588,9.476098305483829
3013589,2.6959407511632163
3013590,0.6924787043921514
3013591,-0.31386585927975824
3013592,0.23407011682046686
3013593,1.4661569793237867
3013594,2.9061795222694493
3013595,2.05875419690823
3013596,93.91221245555272
3013597,-0.2003470503981225
3013598,41.346410199949716
3013599,0.8241811873446568
3013600,158.52832729023243
3013601,19.044657990880587
3013602,32.474408423525134
3013603,19.023919021566435
3013604,3.674648290314167
3013605,462.2843783253497
3013606,1.9397515438570554
3013607,-0.8608849498755444
3013608,0.23786531687888782
3013609,-0.24586427200232716
3013610,0.3984422121493481
3013611,-0.5491138125629005
3013612,-0.6523891260215169
3013613,0.6685810655084787
3013614,2.4003942458588066
3013615,5.5357587511781094
3013616,-1.1001337885014437
3013617,19.973477166567573
3013618,31.017873464332517
3013619,0.11876732544216792
3013620,0.612738073610817
3013621,14.52727669552485
3013622,5.940414117957481
3013623,1.1048371466041136
3013624,-0.6197779920441099
3013625,1.2116119361808524
3013626,0.06280662621553346
3013627,1.9079041931185474
3013628,2.020738027584339
3013629,174.51334279190226
3013630,0.1673663062187551
3013631,37.542475485187936
3013632,-0.5795192774932366
3013633,151.7856839666622
3013634,35.96837571117379
3013635,38.622854339262446
3013636,19.35785949733803
3013637,7.3746833672905865
3013638,495.4935120462403
3013639,3.785507244034234
3013640,-0.8665114421784529
3013641,1.0088895892442815
3013642,-0.3825602145284301
3013643,1.479653873655225
3013644,-0.7661300252117145
3013645,-0.7989387937446464
3013646,-1.040976355467792
3013647,1.9368557228795182
3013648,4.84203250646573
3013649,-0.987509107228798
3013650,44.269343995772786
3013651,23.047877367321124
3013652,-0.6802898070205265
3013653,0.8638674869806254
3013654,31.29293941389973
3013655,7.987767490441765
3013656,0.7611751478884525
3013657,0.1753324578253523
3013658,0.8833570280520053
3013659,2.665793833031894
3013660,-0.30129337606668743
3013661,1.645414880572498
3013662,138.0616805424679
3013663,1.423962087705986
3013664,122.1374004245267
3013665,0.18286718425926668
3013666,95.42751981168641
3013667,40.10418489811822
3013668,26.338717424422505
3013669,20.749454392782063
3013670,5.6810518857092625
3013671,352.9772011718582
3013672,2.2473631859752277
3013673,-0.3318380100411378
3013674,-0.07125685007802532
3013675,-0.0014328154103441237
3013676,0.6290735674071767
3013677,0.5883627470364445
3013678,-1.5080231868718057
3013679,1.0916191700974378
3013680,0.8503376632874278
3013681,8.001287093729843
3013682,-0.3862084608721489
3013683,16.851957624184973
3013684,17.929203203403777
3013685,0.11153996835888394
3013686,0.054064569282045345
3013687,16.10933881662928
3013688,5.4889484245123095
3013689,0.02068587130516789
3013690,0.8906859976186023
3013691,1.6165409559057933
3013692,-0.4297215118054738
3013693,-0.33755037069296123
3013694,-0.19990343319426762
3013695,171.10265590541516
3013696,-1.002013495222709
3013697,29.65161739733587
3013698,-2.7011010110021743
3013699,125.8521787680898
3013700,13.145642850440126
3013701,24.21170254857192
3013702,5.977039448109572
3013703,4.184107970377518
3013704,395.2210372569739
3013705,0.9193357086772449
3013706,-0.522631139418445
3013707,0.039098077055532504
3013708,-0.06608147375268345
3013709,0.2503550357300264
3013710,-0.710778558944876
3013711,-0.7999238716542186
3013712,-0.590474952804434
3013713,1.644807297191801
3013714,2.956973723942028
3013715,-0.6112878731011734
3013716,29.027127890367655
3013717,22.314480395977952
3013718,-0.5887847691943898
3013719,0.6325757364381116
3013720,9.146356169312059
3013721,2.763335462928808
3013722,-0.26485712379447257
3013723,-0.8156447675674281
3013724,0.049328987348299054
3013725,2.228263557926912
3013726,1.288596362861599
3013727,1.7992355976410546
3013728,214.92114324287112
3013729,3.4979182456426496
3013730,61.901951077118824
3013731,1.1007344343900332
3013732,163.66121073284492
3013733,92.8920494542062
3013734,32.43323919482642
3013735,32.69051227694861
3013736,25.515019316454055
3013737,579.2203442771211
3013738,5.5322582000209515
3013739,0.7561124139709137
3013740,0.5666870766312059
3013741,1.3896045806120583
3013742,0.48533619767953495
3013743,0.8691959237045013
3013744,1.7607706808243804
3013745,1.1777328296320047
3013746,2.279416300256453
3013747,12.638353325501848
3013748,0.4409906756854252
3013749,86.4734845219738
3013750,31.269827701214524
3013751,0.12448125994385917
3013752,0.7108087495452037
3013753,48.853771472155714
3013754,19.436876691973957
3013755,3.1249488171265236
3013756,0.8976774557874887
3013757,6.417282588453045
3013758,-0.639835158970127
3013759,-6.491525063537593
3013760,0.8602733396556868
3013761,-2.5547195123817437
3013762,-0.9740868198875616
3013763,4.704019824990101
3013764,-3.130024897402145
3013765,-3.0144742473640873
3013766,8.504107501133513
3013767,1.9689235798481972
3013768,-1.8212613174899164
3013769,2.088696465397247
3013770,7.610252249010373
3013771,0.37420822838463197
3013772,-2.5311298034950234
3013773,-1.6359596705236983
3013774,-0.6093899197587598
3013775,0.4688562677173468
3013776,-2.159707799443568
3013777,-3.6631775376499354
3013778,-3.5162334151443426
3013779,0.5392835424871737
3013780,-1.982906225456027
3013781,-1.6507922217111628
3013782,3.1578694317115876
3013783,1.206632975143184
3013784,-0.1907428208514102
3013785,-1.9768242029744945
3013786,4.099645745081761
3013787,3.9229993077845937
3013788,-0.16508450520075724
3013789,0.06727434633914528
3013790,-0.9904916439002773
3013791,1.4308704174995
3013792,-1.5917344038596277
3013793,1.6735148862461213
3013794,-3.607090109627498
3013795,1.3338532097175266
3013796,-1.4369034250610275
3013797,-0.11233731975076808
3013798,-0.5295624175722695
3013799,-3.0235967311152856
3013800,-0.6510590223886539
3013801,0.3129825697674096
3013802,1.054420793706181
3013803,-4.967101244918158
3013804,-0.09044765374001146
3013805,-0.9945561509277104
3013806,-0.19150276374824898
3013807,2.119302517499673
3013808,1.1758907747842025
3013809,-0.42117900727709634
3013810,-0.8692330576283348
3013811,-1.2339639012550105
3013812,1.3681678588406792
3013813,-0.8528723502101638
3013814,0.3285342918998504
3013815,-2.899890480172326
3013816,1.1095515534737568
3013817,0.20390869769242276
3013818,-0.42655864001160804
3013819,-2.1840582924204135
3013820,-0.6739595795509012
3013821,0.8699008095982207
3013822,0.7961616409154157
3013823,-0.4365683402525246
3013824,-0.8143734018645774
3013825,-3.734246231192228
3013826,0.06083642908051834
3013827,-0.34176887283349067
3013828,-0.16182872179742835
3013829,-0.023695338219695217
3013830,-1.960248941120008
3013831,-0.6704396431337953
3013832,0.1314418255035707
3013833,1.8744856830374192
3013834,-2.57348808496019
3013835,0.9903065374588913
3013836,-3.8151259878468404
3013837,0.8820537339342265
3013838,-0.708545105682715
3013839,-0.669968992570357
3013840,0.8874706643599348
3013841,0.5690531383676716
3013842,-1.2292460380708508
3013843,-1.069965338021284
3013844,-1.5733753185070238
3013845,0.07977455228545294
3013846,-1.2511311828043472
3013847,-0.34008765864316953
3013848,4.725907367354521
3013849,2.2732684992947907
3013850,-0.4020130551328475
3013851,0.4219218020630069
3013852,-1.3025682151575166
3013853,0.22837950085806374
3013854,-0.7110750241581264
3013855,0.2331150070881995
3013856,-1.2110407442721043
3013857,-0.19320347431239496
3013858,-0.10349285682292246
3013859,-0.047846521180108535
3013860,103.8655130183191
3013861,0.7650081111406324
3013862,48.295661405251735
3013863,0.020598283530562173
3013864,104.10399387663915
3013865,52.97026012106616
3013866,21.50637379782311
3013867,11.586622753259142
3013868,10.705961367856094
3013869,361.9521186019109
3013870,4.134319795892006
3013871,1.154832181811362
3013872,0.4979315602838324
3013873,1.3654531500498706
3013874,0.12212210189500183
3013875,0.8047088834235182
3013876,2.3436769546200957
3013877,0.07719874806702137
3013878,1.292731886915717
3013879,2.8107935468709915
3013880,-2.2343361740195533
3013881,215.54179790089788
3013882,18.88243583013638
3013883,-0.8859430590167175
3013884,0.3668832698558255
3013885,29.257575819487027
3013886,9.914531143674903
3013887,1.6171665322844637
3013888,0.29023635163866857
3013889,4.04168356928858
3013890,7.488106186177684
3013891,8.445831734293387
3013892,3.3446009889001287
3013893,346.38477306341935
3013894,6.471665896757476
3013895,118.74052515384551
3013896,6.543128211638395
3013897,232.93225595428754
3013898,134.39800033224344
3013899,49.965934397725135
3013900,50.051180359221476
3013901,33.05542185720626
3013902,814.9227582780916
3013903,5.347011667391082
3013904,4.055460317650025
3013905,4.0044392625733165
3013906,3.632550269191299
3013907,1.6672062435561679
3013908,3.2422944505266353
3013909,6.68880449457279
3013910,4.203243681936467
3013911,2.402373541238733
3013912,18.352556021163245
3013913,3.5027764623386908
3013914,87.07708384762907
3013915,38.20331287041484
3013916,1.5606513237738842
3013917,5.372210007615679
3013918,61.84795216680995
3013919,27.698581351398055
3013920,4.138718636338119
3013921,2.8202378115382745
3013922,11.172460402624885
3013923,0.08917692943177824
3013924,-0.0972687285536814
3013925,0.6435224415961056
3013926,124.3140613306553
3013927,0.41468882909917704
3013928,42.3765227863978
3013929,-1.0274592877505349
3013930,66.26731884039356
3013931,51.49346035432471
3013932,16.513038785911014
3013933,17.63228147455611
3013934,12.892271852077538
3013935,263.71757196411244
3013936,1.577716785664379
3013937,-0.7215250744971126
3013938,0.4487276685640245
3013939,-0.12639711091203942
3013940,1.0288806649067919
3013941,0.8453981115833086
3013942,-1.024566481440488
3013943,1.0791503883669793
3013944,2.064262080764565
3013945,11.010580720416655
3013946,0.6520019044568106
3013947,35.57280105535243
3013948,12.640960005426024
3013949,0.7926702101222326
3013950,-0.280263435799061
3013951,16.987928171660823
3013952,11.193304387256795
3013953,0.6540925672479351
3013954,0.31580455528332085
3013955,2.1118581837973034
3013956,-1.3102098913974622
3013957,-2.9021743609682744
3013958,-1.299495233209527
3013959,92.38580750116373
3013960,-2.201179419710097
3013961,52.34581154785905
3013962,-2.2237905474378206
3013963,75.9843658982974
3013964,32.11066068918626
3013965,17.92953434281102
3013966,9.01514007688078
3013967,3.8447853184375935
3013968,281.1515503839175
3013969,0.8856299732243065
3013970,-0.7995203753471719
3013971,-2.079073150856682
3013972,-0.9297906350109838
3013973,-1.0156932854387264
3013974,-1.1830016750298524
3013975,-0.5396435195059598
3013976,-1.293782000747276
3013977,-0.5328852122530656
3013978,4.484715337423907
3013979,-0.5154462502384263
3013980,47.40404620236087
3013981,24.11383827315705
3013982,-1.121959792958412
3013983,-0.7074211909003202
3013984,23.65507019327207
3013985,6.428678190819513
3013986,-0.8854227661221079
3013987,-0.8280383195832541
3013988,1.6253080035739118
3013989,1.5364832470601686
3013990,0.9210755941138631
3013991,0.5897420356545625
3013992,223.31484082294634
3013993,2.1860360760013284
3013994,90.40173384923474
3013995,-0.21744270517301625
3013996,115.5824168971728
3013997,80.92273560278737
3013998,35.14333894908974
3013999,34.21270623818768
3014000,18.2376988891785
3014001,493.4221644950779
3014002,2.2393177328278693
3014003,-0.12665382912030287
3014004,0.13019155681856542
3014005,-0.47584733674590785
3014006,0.682343139760153
3014007,1.487403876334822
3014008,-0.6306715523750314
3014009,2.0943763298090494
3014010,2.0031609323581803
3014011,19.020360583995856
3014012,1.0788204233094008
3014013,43.73785788888646
3014014,25.604306992045487
3014015,1.3811801189472612
3014016,1.4353590070463111
3014017,40.04719225638877
3014018,15.554245019090697
3014019,1.6648215169899347
3014020,0.4908272656744089
3014021,2.5225201022879924
3014022,2.4750768173296094
3014023,2.362512219154814
3014024,1.7600061361761619
3014025,158.9825306126329
3014026,0.1373772541731888
3014027,79.51866772434326
3014028,1.35745789324792
3014029,113.94950439651583
3014030,42.025168804324124
3014031,33.490646875702296
3014032,20.33059526455545
3014033,6.880744012635064
3014034,501.988851871066
3014035,0.8260291630562574
3014036,0.33179422496267996
3014037,-0.6651740829694313
3014038,-0.011971549584093188
3014039,-0.10913165379676457
3014040,-0.6072123143486238
3014041,-1.2679913050555183
3014042,1.881941920802376
3014043,1.4469689161177235
3014044,11.347583852648597
3014045,-0.5573434669330595
3014046,26.19814940278647
3014047,29.152441901537415
3014048,0.43122588694731573
3014049,1.704331358876691
3014050,24.14150909459185
3014051,7.034748971314723
3014052,-0.11057384894408406
3014053,-0.30770128254411927
3014054,1.6153272967710224
3014055,-3.4934947487727186
3014056,-5.5926459894573055
3014057,-2.581788866796778
3014058,10.73019551957659
3014059,-5.278838348029385
3014060,4.831451550942147
3014061,-5.2272221254716
3014062,-0.24133062262582827
3014063,0.5154720644505142
3014064,-0.7712341876779828
3014065,-1.2216504874771634
3014066,0.12025858865478312
3014067,-14.046020900975126
3014068,-1.4977367887872675
3014069,-3.454316102964192
3014070,-1.8011604112751662
3014071,-1.7782870638020973
3014072,-0.1408194405851532
3014073,-1.6497719808067335
3014074,-3.063093947104542
3014075,-2.8387776293276397
3014076,0.36855177056403826
3014077,-1.6415943963488893
3014078,-1.841359183489228
3014079,1.660540076556747
3014080,5.409143673201791
3014081,-0.925747195245101
3014082,-2.6682871382424196
3014083,1.3760862209653284
3014084,1.7186853306432317
3014085,-0.9875827658860794
3014086,-0.6743891145249359
3014087,-4.075008035687759
3014088,3.1559392652181124
3014089,7.058580303730487
3014090,1.3017659505607662
3014091,583.6064229763808
3014092,4.710843119058555
3014093,152.1300409984153
3014094,7.163335838247586
3014095,332.08421266363035
3014096,222.17458300626043
3014097,64.37489871688999
3014098,90.58762974890811
3014099,64.8068458560027
3014100,1160.902531170404
3014101,13.530354076422592
3014102,2.4692979950471634
3014103,3.6985405884175266
3014104,0.8893724959620521
3014105,2.899436542109288
3014106,0.6042528445955758
3014107,3.662105055678185
3014108,3.9154982271157497
3014109,5.128988126355871
3014110,30.83388765814805
3014111,1.3453794819493123
3014112,128.36594039770188
3014113,53.870712100436066
3014114,2.9558447341714054
3014115,3.5123590106805205
3014116,88.93263780940157
3014117,60.666634569438244
3014118,3.3873662719396815
3014119,1.3357672739506234
3014120,18.728622724126033
3014121,-0.8499944196157595
3014122,-0.7896048118253385
3014123,0.3189166215672594
3014124,66.79163366202025
3014125,-0.06324967404638304
3014126,25.642893761120064
3014127,-1.3352543855093244
3014128,62.06932338846935
3014129,15.503059052927492
3014130,13.057581410820493
3014131,9.676907196401153
3014132,2.4797084142184986
3014133,236.37377453911802
3014134,1.3512423667546252
3014135,-1.0888790719232997
3014136,-0.3686167518455182
3014137,0.19882113999497275
3014138,0.7795905176215752
3014139,0.11957731409368758
3014140,-0.8855441925630361
3014141,-0.8723992634445381
3014142,1.5391929590250515
3014143,5.208880211577991
3014144,-0.3904710032243816
3014145,11.655308460670888
3014146,18.342556844162786
3014147,0.019239157584627263
3014148,0.2960370431407068
3014149,11.25426838197159
3014150,3.5903931927400414
3014151,0.31090231360950615
3014152,0.004397242952575209
3014153,0.02953337297515872
3014154,-1.1397903403616874
3014155,-2.556277757124299
3014156,-2.201307458977426
3014157,122.00854075999877
3014158,-3.2808538469070845
3014159,65.03056807682736
3014160,-2.8796909186378983
3014161,147.40251764313481
3014162,35.244880387720805
3014163,25.452727894734814
3014164,12.064708997467642
3014165,0.027321734281795074
3014166,505.5237398657056
3014167,0.5210293730420313
3014168,-0.39889069601784966
3014169,-1.6996190376157094
3014170,-2.5840514548035642
3014171,-1.9630575714636576
3014172,-1.445022264265724
3014173,-1.6308735342784415
3014174,-1.0596303949847856
3014175,0.24382272885020256
3014176,1.9948883695402333
3014177,-2.771113234600423
3014178,37.14547805105882
3014179,32.32840368760596
3014180,-2.189130662497198
3014181,-0.08128902759156276
3014182,12.222041434911947
3014183,6.985045409156221
3014184,-3.195361410937119
3014185,-1.582764586701894
3014186,-1.2054030836309606
3014187,-1.6589535286282626
3014188,-2.2413865219066067
3014189,-0.3870757042681362
3014190,59.197204741628305
3014191,-2.036010506963794
3014192,23.299753222550063
3014193,-2.316680964073894
3014194,64.59139163153333
3014195,13.119453423300364
3014196,12.301148699680708
3014197,8.141725633209571
3014198,0.606342507185059
3014199,252.15939981754622
3014200,0.7599395114476215
3014201,-1.435631583500515
3014202,-1.0733759219919443
3014203,-0.4405414035818898
3014204,0.2474380332700389
3014205,-0.27419125489287355
3014206,-1.6046307076259905
3014207,-1.0956593068919096
3014208,0.9154070112647172
3014209,6.377557166297695
3014210,-0.6963909131439937
3014211,11.678575449335288
3014212,19.64060157976815
3014213,-0.6297684341823765
3014214,-1.5138059167007736
3014215,10.454007478976813
3014216,2.708921880401788
3014217,-0.6262344171412838
3014218,-0.6490090829555697
3014219,-0.6589413945845148
3014220,1.1420933141503826
3014221,1.2639423846029
3014222,1.8318677776829044
3014223,105.43000975072374
3014224,-1.5518087141194938
3014225,43.505586175341136
3014226,-0.3204028114279208
3014227,154.31628805595028
3014228,26.698661512482794
3014229,24.626540717139846
3014230,19.226705777302826
3014231,1.4392552652981254
3014232,481.45535466889515
3014233,1.0543095357222343
3014234,0.054875265204857526
3014235,-0.547277680256442
3014236,0.9510251647517781
3014237,-0.33487343243676826
3014238,0.5071446857362321
3014239,0.6920175773559027
3014240,1.4937873901576006
3014241,1.741943046697494
3014242,9.043194155048083
3014243,0.4697218422215815
3014244,32.03976429417048
3014245,32.46886329833528
3014246,-0.05768499099245103
3014247,0.4854488118058419
3014248,14.154160349411061
3014249,7.020096621291734
3014250,0.47692324765027144
3014251,-0.17263811657008207
3014252,0.7474890404756356
3014253,2.8296931974623662
3014254,2.4666094141468418
3014255,1.0213659234950683
3014256,218.86307769591082
3014257,1.3715394425805063
3014258,130.84148921522797
3014259,2.0318484879372045
3014260,145.51266338435465
3014261,37.79652162493341
3014262,37.44873538191427
3014263,18.40952548179015
3014264,12.552764183237908
3014265,650.5126274761367
3014266,2.498611686536672
3014267,1.3562602664178418
3014268,0.24196188471046526
3014269,-1.5604223356643776
3014270,-1.318828582026988
3014271,-0.9712456345079112
3014272,0.20610512326285296
3014273,1.6919396711790182
3014274,0.5993899870447716
3014275,7.8146241721087
3014276,-0.6103243798676408
3014277,34.172504609652165
3014278,42.945556563014165
3014279,0.8400064649225102
3014280,4.452092856999509
3014281,18.05357332934574
3014282,7.220892882000437
3014283,0.09847440505421448
3014284,-0.04333539382395199
3014285,2.469120877334492
3014286,-2.160972329363527
3014287,-3.3762378964297626
3014288,-1.1440245602759627
3014289,68.41270641669549
3014290,-2.2229398867119983
3014291,16.470948990475204
3014292,-2.9023754458274196
3014293,62.11161794039166
3014294,9.737783981256364
3014295,8.243412356641178
3014296,6.930290759634203
3014297,3.7013183981190605
3014298,259.4035465090182
3014299,0.04286150497401883
3014300,-1.957478606595075
3014301,-2.0057421075610855
3014302,0.8150554469072142
3014303,-0.12312110442228687
3014304,-0.2872391990711617
3014305,-0.9404333311717777
3014306,-1.5657870392839628
3014307,-0.23433067925382928
3014308,2.5478406598514685
3014309,-0.5395504416487233
3014310,18.190847187265202
3014311,14.810539352057901
3014312,-1.5417371054680131
3014313,-0.734718029514619
3014314,5.263981350062124
3014315,1.683709640015361
3014316,-0.7388496267799145
3014317,-1.3735595869182669
3014318,-0.5169572462662415
3014319,3.7590574613735956
3014320,3.5797670734205167
3014321,1.2421357094642007
3014322,105.71572369773173
3014323,2.7124442892571823
3014324,56.622662105257774
3014325,3.28127316136095
3014326,84.65569486573142
3014327,25.454033996276557
3014328,18.879942184224856
3014329,11.613418271603077
3014330,-0.35108841811879254
3014331,410.6680605948121
3014332,1.6551229129015996
3014333,0.4871279205011092
3014334,0.1890004806741058
3014335,-0.16758759732100537
3014336,-1.0902751582242196
3014337,-0.9001966845636775
3014338,-0.0022226437742642324
3014339,-0.6476798946236955
3014340,-0.46504339759569807
3014341,5.64452963945055
3014342,-0.2881288479879436
3014343,21.54738506339246
3014344,20.66716914866763
3014345,0.04421972730836618
3014346,0.7055959280252433
3014347,12.033731058298173
3014348,5.6596642955099306
3014349,0.33989491571355074
3014350,0.8682306616281426
3014351,1.204141881208591
3014352,3.567374925665063
3014353,4.058212960696547
3014354,0.7651242957412615
3014355,153.22652750891064
3014356,2.0400084006455295
3014357,76.1672635796656
3014358,4.746412848208929
3014359,184.0838064337473
3014360,94.96450207467424
3014361,23.277073586995904
3014362,29.08905043917846
3014363,29.803367838588095
3014364,619.9390571445934
3014365,8.10365743691192
3014366,2.9238672432781025
3014367,2.0958707181943033
3014368,1.1592188950741118
3014369,1.1766328313670535
3014370,0.4370119393780192
3014371,4.441432357243786
3014372,1.2024790898460491
3014373,1.5283751877949112
3014374,13.641762648836513
3014375,0.9682306913959041
3014376,44.989508165643954
3014377,33.20776886278286
3014378,0.612394002437643
3014379,1.4190127190715724
3014380,20.30346161016484
3014381,21.779549489637205
3014382,2.387588105034695
3014383,1.4078630733814068
3014384,5.347770611163243
3014385,1.51631827881778
3014386,0.8226913037431951
3014387,-0.43983429546147823
3014388,122.81924106643797
3014389,-0.7725770924444806
3014390,74.41511869311958
3014391,1.8965139176192316
3014392,164.17433917997164
3014393,83.44477579894752
3014394,28.450013727717376
3014395,23.307790070840202
3014396,30.479382957874208
3014397,595.3626239535167
3014398,4.3416236277000575
3014399,1.6761509899056115
3014400,1.3490701881410065
3014401,-1.1595901692734765
3014402,0.01083383955369982
3014403,0.10405929086601873
3014404,1.3860133787726523
3014405,1.1058757975005142
3014406,1.896865996435547
3014407,10.50550265710662
3014408,0.2439705098107811
3014409,32.03195081206333
3014410,36.38954774205911
3014411,1.0469884621191454
3014412,-0.8093061350254425
3014413,16.33746731456765
3014414,19.49006672356426
3014415,0.474965574907867
3014416,0.1559640899669762
3014417,2.848058275789474
3014418,-2.3709915146823914
3014419,-4.487379182209261
3014420,-3.8597482987922556
3014421,139.52705667828792
3014422,-4.626856630192415
3014423,114.21028257139477
3014424,-3.8214282871974135
3014425,179.95935556267162
3014426,31.93917128945904
3014427,22.49016815361851
3014428,19.27031642963186
3014429,10.506246222920382
3014430,539.2004618900305
3014431,1.7109165899757068
3014432,-1.3673507079617115
3014433,-1.3916106740876124
3014434,-2.5631683921583024
3014435,-1.4204423461194962
3014436,-1.2766453033541325
3014437,-1.9927648832299454
3014438,0.04541958016404579
3014439,0.09351402740128151
3014440,5.300375765884449
3014441,-1.4334541813864483
3014442,21.420405772704136
3014443,38.21257105895364
3014444,-1.6589982812598532
3014445,-0.5587981178411132
3014446,12.689193973217655
3014447,8.515700386023303
3014448,-2.622154818574461
3014449,-1.430730719425235
3014450,-0.268855043755218
3014451,0.5947363809371745
3014452,-1.797581916810086
3014453,-0.21186320727389107
3014454,170.05098516410007
3014455,0.19275277542124947
3014456,58.33334846513066
3014457,-0.44624973931568096
3014458,153.63433563738914
3014459,88.18332996619043
3014460,31.765554800905193
3014461,29.808894841998445
3014462,25.186222423172367
3014463,528.5706093933522
3014464,4.170550374463419
3014465,-0.8059493579374248
3014466,-1.0723612280871022
3014467,-1.2657060729639125
3014468,-0.7488712591644799
3014469,-1.1609003777419638
3014470,-0.5116913559570822
3014471,-0.2974296831851825
3014472,1.2147943425264747
3014473,10.909946151553195
3014474,-1.8288326722725834
3014475,70.65648820908345
3014476,29.032874376625404
3014477,-1.1782153362642565
3014478,-1.5891620423331916
3014479,43.75112727702006
3014480,21.051028490644168
3014481,0.6803526815486838
3014482,-0.43485117860735045
3014483,4.769159621381986
3014484,0.11371935033055136
3014485,0.38379244629160325
3014486,1.6308338772019977
3014487,101.00887253447812
3014488,-0.993708232079831
3014489,48.41634792804679
3014490,0.06439938520306895
3014491,143.3433417287576
3014492,26.162417221245192
3014493,24.053812012917163
3014494,17.185615757202807
3014495,4.750174726114857
3014496,518.3061062902374
3014497,1.3700386716392245
3014498,-0.7202136917003077
3014499,-0.5289445260979062
3014500,-1.1152993741173793
3014501,-0.4560208323070833
3014502,-0.5766793669436879
3014503,-1.9124900968416907
3014504,0.3734634668795536
3014505,1.6098696087873452
3014506,5.086090143978478
3014507,-1.0340675526042173
3014508,16.433262753363483
3014509,28.76777701752501
3014510,0.09458029894177003
3014511,-0.9318541859741472
3014512,11.431235628448807
3014513,6.666475558268351
3014514,-0.47985666090840257
3014515,-0.3192063944488416
3014516,-0.29022243802442405
3014517,0.5801075634689675
3014518,0.4045530983884726
3014519,1.3855236365144572
3014520,96.07469182552353
3014521,1.0644778695310868
3014522,44.11714063208817
3014523,0.34714303154811205
3014524,100.69749661966512
3014525,44.515284338440836
3014526,22.80390067440499
3014527,15.198468073489906
3014528,13.998328956914264
3014529,371.55754728077784
3014530,2.3481525442921267
3014531,-0.1285284865056451
3014532,-0.12352858348050519
3014533,-0.10965641410278636
3014534,0.6706740924342307
3014535,0.2341457927965098
3014536,-0.1354756104877447
3014537,0.5490815289192744
3014538,2.433769699005576
3014539,7.614702148358015
3014540,0.14973176534014102
3014541,23.233088157736375
3014542,23.687003887467515
3014543,0.9849755777880329
3014544,0.08329397805341268
3014545,13.507553525537253
3014546,9.771663141942767
3014547,0.9084008338476326
3014548,0.03036932733507111
3014549,1.8331461920132337
3014550,-0.9638621405832237
3014551,-3.1329275977365616
3014552,0.5398830179560171
3014553,-0.17982523252576366
3014554,0.2332380874160298
3014555,3.489159357838508
3014556,-3.6073579427653026
3014557,1.8756785140663121
3014558,4.94424424986486
3014559,-0.9542582177927397
3014560,1.011111865349012
3014561,2.2280894499808346
3014562,4.793616988514405
3014563,0.9034794116941633
3014564,-1.9113153642786778
3014565,-0.8076896217836907
3014566,0.4112404465638542
3014567,0.8792671559578162
3014568,0.10247332397109174
3014569,-2.3440958640796885
3014570,-2.4152983613269745
3014571,0.9502582182994525
3014572,-0.8475075310207536
3014573,-0.5517775731808502
3014574,1.2244044100646283
3014575,3.310181279371057
3014576,-0.24669643766523905
3014577,-2.022930293809084
3014578,2.0622212234256154
3014579,2.131621710147513
3014580,0.6269169362109392
3014581,-0.08724762714792406
3014582,-0.6025370199147869
3014583,0.6439143999914814
3014584,0.8775375499964864
3014585,-0.20044793396256888
3014586,319.03921631671835
3014587,-0.9545212399691083
3014588,44.58761727341669
3014589,-1.2623337147641722
3014590,133.3059647935068
3014591,17.186949502952483
3014592,21.54505074776644
3014593,12.140939932714318
3014594,6.286430625119124
3014595,471.51893162280135
3014596,1.8262336165747843
3014597,0.30110507268388803
3014598,1.8346627015742274
3014599,-0.0212112836803567
3014600,0.10688758855804958
3014601,-1.0543021970629047
3014602,-0.11212727535978728
3014603,0.3589920587434903
3014604,0.892413869737677
3014605,13.227215765359935
3014606,-0.8830789153004003
3014607,26.065144036305895
3014608,25.442886215166975
3014609,0.9280449496155347
3014610,2.2551605901041625
3014611,16.48673252051452
3014612,7.629152758021548
3014613,0.9538118710108687
3014614,0.4458720818205188
3014615,1.4875384340864117
3014616,10.6910496759542
3014617,9.359532777842178
3014618,3.97727935672443
3014619,673.4061856411313
3014620,16.157127564352994
3014621,171.8394824354177
3014622,10.10458333646664
3014623,442.80639568553806
3014624,291.7584155253646
3014625,93.7712436877051
3014626,109.21487280736375
3014627,96.19199968896487
3014628,1419.8453911947363
3014629,17.234012618339293
3014630,4.180381684584754
3014631,6.709251816316683
3014632,2.966552980116503
3014633,4.176952124768868
3014634,2.760078024881732
3014635,5.5266152533129205
3014636,3.049272282862294
3014637,4.824348693419197
3014638,44.19169836537967
3014639,2.275553432033412
3014640,158.20367085848693
3014641,68.23246089226704
3014642,2.7075693730526837
3014643,4.342201336452417
3014644,98.95393476000568
3014645,79.20027017286364
3014646,6.827860495372734
3014647,2.9518836091992853
3014648,23.243652563160943
3014649,4.293784334657721
3014650,4.651166206430535
3014651,1.2200189220613538
3014652,447.41611711531925
3014653,5.018279006221819
3014654,125.68681136337464
3014655,5.5148346670030515
3014656,343.44256792029864
3014657,183.45607293697702
3014658,78.14362101090279
3014659,65.58142554443606
3014660,65.59441589488
3014661,1259.0935272004149
3014662,12.53093352728316
3014663,3.247890364386876
3014664,1.582439892584771
3014665,2.665722505725353
3014666,1.1150990689598257
3014667,0.8746994470849314
3014668,4.690426474551969
3014669,2.014828995598691
3014670,0.6134732420720683
3014671,24.993237894225967
3014672,1.3280980386009469
3014673,168.04786385005946
3014674,61.208995710639755
3014675,0.77766887987058
3014676,1.2928171296561413
3014677,96.43773360913754
3014678,49.24320957321757
3014679,4.251176487751909
3014680,1.1429106426938596
3014681,16.528347656510924
3014682,-0.8721179608384775
3014683,-4.754975873713957
3014684,1.141734785298686
3014685,308.5669032522776
3014686,-1.2965411896217487
3014687,83.65343947904657
3014688,-2.694646714113442
3014689,315.3964435702612
3014690,128.82428304704362
3014691,96.29807084263993
3014692,30.019957398754997
3014693,45.24388609650072
3014694,1073.6647832826395
3014695,5.7761086872698435
3014696,0.5378615612133945
3014697,-1.449066003699736
3014698,0.17727222757028338
3014699,0.24586767989749203
3014700,0.9413160330833489
3014701,1.9719232434084186
3014702,0.9028629909611845
3014703,1.0239420706024975
3014704,15.216517280266345
3014705,1.636912694097482
3014706,208.76318049829084
3014707,73.63866289432367
3014708,-1.914821568642401
3014709,-1.6019738648896236
3014710,107.29925282792163
3014711,29.953487841955614
3014712,1.8750068339840436
3014713,-1.0091919365577995
3014714,8.944010786973703
3014715,4.339279786748848
3014716,3.1959343181329674
3014717,2.2301171770736254
3014718,413.2200077911335
3014719,2.0302119781340657
3014720,123.78400291870719
3014721,1.0907375765787217
3014722,320.22852606062696
3014723,166.2455816234823
3014724,85.53336231845206
3014725,52.17504513274915
3014726,51.84150950517033
3014727,1144.2988110135225
3014728,7.10442029821872
3014729,-0.7682788025053378
3014730,1.417038034314137
3014731,1.3527451932893744
3014732,1.1398400591187237
3014733,0.05684733902009609
3014734,1.117480426420698
3014735,0.647536499713351
3014736,0.5274646174871305
3014737,17.768819569202822
3014738,-0.7602290948484005
3014739,132.48984581139382
3014740,67.0050560234713
3014741,0.755668197056766
3014742,2.710235532644547
3014743,103.51547896098495
3014744,40.80400670443498
3014745,3.7871043160211046
3014746,1.1343191878911965
3014747,11.919288849564364
3014748,-0.1512659748890659
3014749,-4.682601566035555
3014750,1.385845008193937
3014751,219.5667873646465
3014752,-1.9794912223885697
3014753,84.54245577192741
3014754,-5.3400809768499675
3014755,262.48972007845987
3014756,99.18670547654129
3014757,76.67773284605711
3014758,21.046762040483372
3014759,28.00909136546943
3014760,904.0449908430976
3014761,5.097988540547485
3014762,-0.865754888605261
3014763,-2.443578002836184
3014764,-2.738661531975886
3014765,-0.8590428145376791
3014766,-0.656615556858087
3014767,-1.8373568203490505
3014768,-1.206635037391643
3014769,0.3135691398351628
3014770,11.397303670405163
3014771,-1.1237913084001776
3014772,147.40824651140494
3014773,64.23107431520407
3014774,-1.9041634507925849
3014775,-2.147650257399255
3014776,91.68790593054644
3014777,23.640663800441946
3014778,-0.7122859940698618
3014779,-1.243585002074433
3014780,4.094507857028548
3014781,3.646458849562368
3014782,6.2001752050043795
3014783,2.1640843837199646
3014784,318.2262415557978
3014785,7.071222797154805
3014786,86.6169794669927
3014787,3.082682562957671
3014788,190.7715116428008
3014789,140.1838368065024
3014790,43.732635905555
3014791,51.222290832978395
3014792,43.956963145089034
3014793,697.9757542054666
3014794,10.436892670924681
3014795,1.3865206401289105
3014796,2.5079539999227203
3014797,1.2812118568520963
3014798,1.5601894967028056
3014799,0.4042499045958538
3014800,1.32334639746874
3014801,0.517111835653959
3014802,0.7249940570644682
3014803,18.384547378282477
3014804,-0.44708751122023394
3014805,82.05904875948669
3014806,32.155579889527615
3014807,1.7722447109174029
3014808,4.2892126456886395
3014809,45.19698283843452
3014810,39.57501206131736
3014811,4.0215811573264
3014812,3.1854232762564427
3014813,12.322467018240022
3014814,1.1226494241294132
3014815,0.6010687915751622
3014816,1.9452501158289306
3014817,142.09985242275326
3014818,0.7477894259255845
3014819,65.89416860187423
3014820,0.02013973465305753
3014821,187.07545231575045
3014822,64.94651746593948
3014823,40.11565339063131
3014824,27.51104623170253
3014825,21.998811709997682
3014826,574.0024027258596
3014827,2.1610259971496273
3014828,-0.054167409849542325
3014829,0.5602161828892713
3014830,-0.6253664513496551
3014831,0.14847520055871427
3014832,1.4723794392628407
3014833,-1.2719961169343879
3014834,1.0295376888354075
3014835,5.458057296169754
3014836,11.027460711841886
3014837,-0.06052518910717483
3014838,57.87160697418
3014839,37.80364250127953
3014840,0.5001365243918554
3014841,-0.46455647489739943
3014842,30.91145021679658
3014843,19.494063203494804
3014844,1.2671189922196209
3014845,-1.001614645767695
3014846,2.8367421395784183
3014847,2.4380346207186268
3014848,-0.46785269971993326
3014849,1.5596150493835192
3014850,224.82615756658328
3014851,0.9977531892842125
3014852,79.70894363272217
3014853,1.7748573186747854
3014854,251.98456420489066
3014855,94.28399076238072
3014856,62.411874474980756
3014857,21.851411191616663
3014858,29.286776047231612
3014859,939.9611729124924
3014860,7.22589925471113
3014861,0.5012429687867734
3014862,0.9561319677327447
3014863,-0.38019916173927415
3014864,0.31927847875669607
3014865,-0.25335675060354335
3014866,1.5639982905742
3014867,1.002702133455423
3014868,1.8005143972872246
3014869,15.237840791877934
3014870,-1.422424802880978
3014871,155.44438673939658
3014872,53.39745816728984
3014873,0.31200785579236245
3014874,0.37077879373888206
3014875,49.16057899333875
3014876,23.717452032160182
3014877,2.2789287308144774
3014878,-0.05177095654693409
3014879,4.929858582714187
3014880,6.570088691844176
3014881,10.467004480132637
3014882,3.8689734426065483
3014883,480.7075809374912
3014884,8.51360487271264
3014885,143.155764389618
3014886,7.916002221821291
3014887,267.9976826505538
3014888,183.24232853157622
3014889,54.133733430926554
3014890,65.93962184934037
3014891,52.98752206792436
3014892,930.3793196171347
3014893,6.543987449183951
3014894,1.2136818097992363
3014895,3.2720788472937787
3014896,4.332008960276871
3014897,1.7576964724059874
3014898,1.3664360617649074
3014899,5.595915557680128
3014900,2.2397620899893083
3014901,0.8661759604611505
3014902,23.73513613290572
3014903,1.8437783709087672
3014904,118.19520419114185
3014905,39.67605288902192
3014906,1.9589572155620043
3014907,4.297434402580585
3014908,74.59821120818324
3014909,35.52380869248449
3014910,5.375970158505842
3014911,2.501789912581771
3014912,16.15742652490142
3014913,1.9835494608999522
3014914,-0.29182816679102563
3014915,2.1016560544149194
3014916,-1.293894908763547
3014917,2.1521189698936305
3014918,2.2003808135741507
3014919,-0.3246210647206136
3014920,2.8395985513319646
3014921,5.846089357125329
3014922,-1.7907873218577026
3014923,0.9467803627732005
3014924,2.2857312734767765
3014925,30.88008863365976
3014926,2.828930270876535
3014927,-0.4737777106526301
3014928,-0.4308404275737179
3014929,1.5836762144092735
3014930,1.5530096017980577
3014931,-0.5574308132332045
3014932,0.07841964214541791
3014933,-1.1343298912542978
3014934,0.667915846615009
3014935,0.9588378060306546
3014936,-0.7966115676653682
3014937,-2.0964084711171562
3014938,-1.3311344018278635
3014939,-0.41956113008275353
3014940,1.5348059592360312
3014941,-0.8061890207002215
3014942,4.155923458631078
3014943,3.495370975885611
3014944,0.29191358158300657
3014945,1.154912554856868
3014946,0.4249960287876763
3014947,0.7968268377998482
3014948,0.9099955414612065
3014949,6.059639110849924
3014950,0.9130633800985686
3014951,-0.3914940883701333
3014952,-0.1689619641830541
3014953,-0.9302899172561047
3014954,-2.2558210494557898
3014955,-0.3973760874980747
3014956,-0.2463037822225726
3014957,-0.459622450555471
3014958,4.218395377314882
3014959,0.9264615241266255
3014960,0.3162776596958247
3014961,-0.31628441199264334
3014962,1.9376918438602604
3014963,0.5690977207018114
3014964,0.46640526094537565
3014965,0.7925774607629137
3014966,-0.6277427965979826
3014967,0.2810571916625247
3014968,0.40056646750473535
3014969,0.04489572283875534
3014970,-1.8791475781816007
3014971,-0.6908632766214816
3014972,-0.20198627789881923
3014973,0.19501992241220592
3014974,-0.9460454386364291
3014975,0.44996239838579644
3014976,0.8057001962302945
3014977,0.2735657574327831
3014978,0.5080211903407814
3014979,-0.24348490946425955
3014980,-0.5293213557536546
3014981,-0.41368356786226285
3014982,82.16603141231839
3014983,-1.4082158427561264
3014984,31.90735185565505
3014985,0.48437324719145175
3014986,127.52103021884881
3014987,8.251777470155485
3014988,16.79448626702768
3014989,7.626569213808525
3014990,-0.28906557118214526
3014991,342.53274167268916
3014992,1.4990579225051737
3014993,0.11940396888095395
3014994,-0.05353447314641699
3014995,-0.4307941498225296
3014996,-0.1311794485505265
3014997,-0.3620335152529765
3014998,-0.5694378614470474
3014999,-0.3098525682809554
3015000,1.1737193878115364
3015001,4.273178064509805
3015002,-0.23513305001512663
3015003,4.921294716088535
3015004,20.393704975198883
3015005,-0.288495669433039
3015006,-0.18941654342698488
3015007,5.550005277326229
3015008,6.916733911222829
3015009,-0.9642738281443304
3015010,-0.21147307022449924
3015011,-0.4782320316332039
3015012,2.5326366124836928
3015013,1.4937449134252074
3015014,1.8930308786203023
3015015,220.27941396566493
3015016,2.3824057273635115
3015017,68.25347768517267
3015018,2.789618644360453
3015019,189.53539022429072
3015020,95.23357238593111
3015021,41.8349150788318
3015022,35.60922404673493
3015023,32.100046233820684
3015024,675.2878693625379
3015025,6.45114655496589
3015026,1.6849106271456549
3015027,1.0968791439007328
3015028,0.2750536182247652
3015029,0.4295638791477177
3015030,0.8117580948510659
3015031,1.5544696032809133
3015032,1.3185184911135002
3015033,2.100389574153123
3015034,14.100888907615335
3015035,0.5676492106236037
3015036,81.7798351940608
3015037,33.266829352594215
3015038,1.3468668636324583
3015039,0.8163647030278935
3015040,60.05591852341844
3015041,23.257638423594543
3015042,2.9114053750442235
3015043,1.0900926725193858
3015044,6.568050427453663
3015045,1.9924236041270342
3015046,5.061404624848729
3015047,-0.43454380910992785
3015048,309.13245564330623
3015049,2.8111497001686074
3015050,90.82681080655875
3015051,0.412133253984066
3015052,198.6022962462617
3015053,141.9333339559912
3015054,36.063267196981144
3015055,53.03359926294
3015056,38.50866134860007
3015057,626.0267894347141
3015058,7.363022430714699
3015059,1.287726647872405
3015060,1.7436561039793013
3015061,2.1687167079717984
3015062,1.6083153837396456
3015063,1.8007710233649048
3015064,3.324016911287399
3015065,0.9122085084296122
3015066,2.297264422747721
3015067,20.884702640245706
3015068,2.0680126195701813
3015069,103.2825332806876
3015070,32.97585745753502
3015071,0.2033731950208312
3015072,1.8599834179930623
3015073,49.3177118284515
3015074,31.960850739958477
3015075,3.374930573775346
3015076,0.4706509014457696
3015077,11.326450963171084
3015078,2.89059565680589
3015079,6.267613822002822
3015080,1.2413182566791874
3015081,317.66371291144424
3015082,3.9439185011645894
3015083,95.28994555596579
3015084,1.1947731137368827
3015085,213.09099603480894
3015086,151.81100165100412
3015087,43.14579190628803
3015088,53.907242095098226
3015089,34.28146082391068
3015090,715.3959026644602
3015091,7.945390167649675
3015092,1.7019818469603343
3015093,2.8490562569066245
3015094,0.8942335218885638
3015095,1.4688770698119697
3015096,1.5718516716867088
3015097,2.146495512456386
3015098,1.3461730051989433
3015099,3.8943239292608993
3015100,20.439419434815537
3015101,1.6978008977550418
3015102,98.97829146750152
3015103,37.93037928887454
3015104,1.0086928206848096
3015105,1.4167295234711492
3015106,49.683783612656775
3015107,35.557745332427515
3015108,2.581520665569842
3015109,0.5140620098405634
3015110,10.275949681227212
3015111,2.143163461058684
3015112,-1.2615112217887146
3015113,1.7383086177259974
3015114,211.77981585384444
3015115,-2.1751693972800785
3015116,90.84316371867361
3015117,1.5681832692675015
3015118,248.09320548579115
3015119,52.837352571817576
3015120,69.43797665177625
3015121,26.45232254194496
3015122,7.002731616932942
3015123,843.6267731161738
3015124,1.9685768501569327
3015125,0.936179947575838
3015126,0.5823849784738924
3015127,-2.308650446895699
3015128,-1.4326194772952294
3015129,2.1950055730971507
3015130,-1.3435348126432292
3015131,2.5817696276176503
3015132,2.653141069360354
3015133,7.950466843610556
3015134,-0.07763286997156676
3015135,64.36748008697643
3015136,52.95981645610842
3015137,0.49310102586870924
3015138,-2.0932949058277517
3015139,60.063586866573424
3015140,12.079676010096264
3015141,0.6950971157417007
3015142,-0.8971116078405976
3015143,1.5988408542971955
3015144,-0.06457820684910986
3015145,-2.2087005465624774
3015146,0.3961919829118778
3015147,155.38991258408572
3015148,0.3438567337478525
3015149,49.001062030906354
3015150,-0.26595105084023096
3015151,119.01424875856934
3015152,76.66849999867324
3015153,21.56705627621592
3015154,23.90867172549486
3015155,22.511894255732695
3015156,345.65846703939155
3015157,4.662365870624198
3015158,0.13729393270048604
3015159,0.17013694198860324
3015160,-0.7454237992107393
3015161,-0.40740587781427173
3015162,0.10313273549585569
3015163,-0.7537331737350996
3015164,0.7667246720815455
3015165,1.3202502185904086
3015166,16.47614927561466
3015167,-0.7532844897413815
3015168,59.84696724214078
3015169,16.249218506775286
3015170,-0.37581096137684655
3015171,-1.375519279132577
3015172,30.204583895149078
3015173,13.660187076696893
3015174,0.5690431444834303
3015175,0.12665277410633277
3015176,3.4846799224269396
3015177,-1.0976752563730408
3015178,-2.762835569712415
3015179,0.840141473171643
3015180,70.35058015316852
3015181,-0.20560963805251964
3015182,17.231324883417656
3015183,-0.6801547791219492
3015184,118.13667590310044
3015185,12.485980547341057
3015186,31.75245373806098
3015187,2.3205299065657896
3015188,5.6421184630811325
3015189,343.9468444731218
3015190,2.595413351877869
3015191,0.7570512740124833
3015192,-1.8578762177074535
3015193,0.45994163513390035
3015194,0.5194130757840685
3015195,0.20781881767765287
3015196,-0.5122420280429014
3015197,-0.026175996201636687
3015198,1.185904982372558
3015199,5.042888321528007
3015200,0.09757073074888462
3015201,40.53802141868599
3015202,22.77129922698019
3015203,-0.48929222290207697
3015204,0.8813183903069057
3015205,19.633374087430457
3015206,4.589464690818787
3015207,0.8067130457025542
3015208,0.2451667560348141
3015209,1.5210575249098384
3015210,1.167589124147271
3015211,2.600666910642831
3015212,2.833791803637796
3015213,435.2737583632139
3015214,2.372721226009089
3015215,105.90468862838702
3015216,-1.2098004713304544
3015217,286.87640921176916
3015218,34.98537424759816
3015219,51.61576888817028
3015220,18.510016154541297
3015221,13.451424148430887
3015222,942.3167294248649
3015223,3.3215172339992565
3015224,0.2815906663391798
3015225,0.5090859181120323
3015226,1.9042424481875786
3015227,1.8652718002830078
3015228,2.657079146164615
3015229,2.1945425228217936
3015230,0.37016725654357285
3015231,3.6413605281319184
3015232,10.332883005277182
3015233,3.072062241103704
3015234,128.5843925986282
3015235,50.49461919133064
3015236,0.9650404996112775
3015237,4.550800808860441
3015238,65.14796318805529
3015239,6.933859000700541
3015240,1.3294643883804382
3015241,-0.6940973023838162
3015242,3.889416784671339
3015243,0.4494390309535811
3015244,-0.4521157187866629
3015245,-0.2151877453715133
3015246,122.41537343984223
3015247,-0.39500257876767136
3015248,32.69983929178198
3015249,-0.3137590323115728
3015250,116.88810207562092
3015251,18.74559084944449
3015252,23.731859586696302
3015253,6.510675301103619
3015254,3.450243894371306
3015255,383.43668326105217
3015256,1.34907305070672
3015257,0.7927992892900512
3015258,-0.04260370450436311
3015259,0.4991305418634875
3015260,-0.05274924349105276
3015261,0.1189847233269393
3015262,0.5838684389804257
3015263,0.15429620977316516
3015264,1.3357174756075256
3015265,6.392760762098623
3015266,0.04643288090686838
3015267,27.148214603718152
3015268,21.0639627116175
3015269,0.03878524483494403
3015270,0.17506317083993056
3015271,12.025531325836855
3015272,2.546868701877611
3015273,0.4124434347225179
3015274,0.05456014801158744
3015275,0.6337773044214555
3015276,-0.2769624648053286
3015277,-1.298268417363579
3015278,-1.1476970624249951
3015279,120.68540253570754
3015280,-1.721057439135111
3015281,30.09299525622031
3015282,-1.5527059684723645
3015283,112.62971332140538
3015284,16.842552692651736
3015285,21.107649293880606
3015286,4.920844513736666
3015287,1.1911396728609545
3015288,375.57979643217516
3015289,0.9941661723523431
3015290,0.40010388513568623
3015291,-0.520923848471648
3015292,-0.011325662218514443
3015293,-0.5081597622927074
3015294,-0.2731973492004181
3015295,0.17845241826202257
3015296,-0.2555413720814977
3015297,0.5044045645656298
3015298,5.383498460684931
3015299,-0.29042295871033275
3015300,26.74945716839786
3015301,21.722250552583283
3015302,-0.2742196054317901
3015303,-0.26078462302357364
3015304,10.827561189396729
3015305,2.152628859349716
3015306,-0.03874003707300289
3015307,-0.2638291700889386
3015308,0.2963186739722005
3015309,-0.4742229372616566
3015310,-0.43565996303703286
3015311,-0.7846050009908504
3015312,78.6862685686251
3015313,-1.3448191132718057
3015314,31.341167006368636
3015315,0.22097068582952495
3015316,165.6594526524766
3015317,17.302209495947462
3015318,20.305117977406915
3015319,6.535993077349994
3015320,2.262212425907201
3015321,422.3146851963261
3015322,2.543167440954421
3015323,0.9136241921243345
3015324,0.4236729808954989
3015325,1.2772537305989682
3015326,-0.39671977247038737
3015327,0.9926849119303369
3015328,1.728066921414429
3015329,1.1573141679228138
3015330,1.7073413477302528
3015331,6.114210866067224
3015332,0.2910394494042703
3015333,65.1690383213455
3015334,38.20467191484357
3015335,-1.1106621798987908
3015336,-0.6695262226319756
3015337,12.303911791091886
3015338,5.986028379108466
3015339,0.38611816067757904
3015340,-0.32897793130090575
3015341,1.2754254990589835
3015342,1.3302563686299984
3015343,1.5472136133323784
3015344,2.445402115949837
3015345,127.99326628564289
3015346,0.39469912852342537
3015347,28.82634659387913
3015348,0.7976284354848758
3015349,134.67139768786183
3015350,20.339125557618317
3015351,32.231595426815254
3015352,7.919996582545428
3015353,-6.422941280936987
3015354,474.6617333440104
3015355,3.097329270810078
3015356,0.96515521976522
3015357,0.7334097399362509
3015358,0.5295734035852638
3015359,0.9181237796016648
3015360,-0.2856834735142911
3015361,0.32554177338165574
3015362,0.519331177335116
3015363,2.7203899824566906
3015364,5.935136487112176
3015365,-0.1595801649432542
3015366,24.33141489126111
3015367,24.53046213392765
3015368,0.4690844293002011
3015369,0.9169046348077518
3015370,9.03561822693715
3015371,2.8728464518576944
3015372,1.2522297614703257
3015373,-0.029171287820281583
3015374,0.19970893921493368
3015375,1.1310703792906134
3015376,2.8726871665958607
3015377,2.1839877579373206
3015378,89.64702629535503
3015379,1.1057623049740506
3015380,38.90010846408015
3015381,0.9818440522700257
3015382,146.6621269016947
3015383,17.283050764607324
3015384,31.772470838835908
3015385,18.087345145658944
3015386,2.8749576740837304
3015387,435.78070432413506
3015388,1.8818688529700012
3015389,-0.5671686870932899
3015390,0.13231061095015323
3015391,0.411130296419251
3015392,0.40082963949909756
3015393,-0.17191267883190448
3015394,-0.17087733015840056
3015395,0.8088203029096621
3015396,2.560534163860102
3015397,7.794013293810931
3015398,-0.7335644595312261
3015399,20.904462227487492
3015400,29.77057948859547
3015401,0.2078492154349078
3015402,0.4982089527547214
3015403,14.27557884782269
3015404,5.8662402497312724
3015405,1.3908670938439172
3015406,-0.7031372644333896
3015407,1.3421064693846712
3015408,-0.7213699020443891
3015409,1.059816797229787
3015410,2.1723274911309636
3015411,166.3831432285615
3015412,0.3611220341131047
3015413,33.68188277952515
3015414,-0.6471777019761794
3015415,139.23104060245274
3015416,31.29116612014554
3015417,37.824158428538325
3015418,16.529124308950557
3015419,5.965084400036162
3015420,454.96712640377325
3015421,4.098570355782067
3015422,-0.3692888986376056
3015423,1.1577461282218429
3015424,-0.15150967804115684
3015425,1.536243312142724
3015426,-0.3839745838664749
3015427,-0.822822123010783
3015428,-0.688313563736301
3015429,2.59093943616881
3015430,7.299039445460367
3015431,-1.0023881503808298
3015432,42.60213506874762
3015433,20.921428647727154
3015434,-0.36411236962587284
3015435,0.8452041328057294
3015436,30.06284801213875
3015437,8.057642267199189
3015438,0.891723446038586
3015439,0.263847837297144
3015440,0.6528286777929952
3015441,2.07779081036555
3015442,-0.4897360488059439
3015443,2.1010038990409887
3015444,127.48497871821823
3015445,2.680760040652567
3015446,116.09410115202544
3015447,0.19554659522837028
3015448,85.63272563483832
3015449,34.832362990064325
3015450,26.391844747232717
3015451,18.71011479394052
3015452,5.472568286847841
3015453,321.77103906751404
3015454,2.6553988120589924
3015455,0.39612080764047275
3015456,0.20769001003398446
3015457,1.039985532919627
3015458,1.0542155486760385
3015459,1.424327225157722
3015460,-0.9825040585557964
3015461,1.4614927906404045
3015462,1.5732398055053274
3015463,11.126040433242672
3015464,0.3386771461342505
3015465,16.92151963260777
3015466,15.955294075863858
3015467,0.6166843577462714
3015468,0.4757585625570118
3015469,15.591124508970786
3015470,5.623526032070222
3015471,0.44673556003762305
3015472,1.1724771790078374
3015473,1.7695710471203259
3015474,0.4032674214617873
3015475,1.007192978152043
3015476,0.8134733609901014
3015477,172.38228335964632
3015478,0.37153555390556
3015479,28.436546684144123
3015480,-1.3655849558504998
3015481,124.938939942015
3015482,13.382878764100024
3015483,24.746546142159858
3015484,6.341189331861751
3015485,1.3302852122831976
3015486,399.16704934225424
3015487,1.5743469461242783
3015488,0.1247714631692361
3015489,0.4779487067096489
3015490,1.0262357341488952
3015491,0.8389429787309199
3015492,-0.18551940508375991
3015493,0.2281382933436817
3015494,-0.18656243284800436
3015495,2.2176099256514865
3015496,4.967973081411037
3015497,-0.2459675022285228
3015498,29.80682375901214
3015499,21.478666183848105
3015500,-0.21345493855580572
3015501,1.3933191078262737
3015502,9.536035353449844
3015503,3.245987885626091
3015504,0.8030008148512116
3015505,-0.2697571380732552
3015506,0.6984684735099563
3015507,-1.1954983976186486
3015508,-4.00147161681657
3015509,-0.22335765359337534
3015510,192.35872376636274
3015511,-0.3001652755966279
3015512,52.88800644478386
3015513,-2.1797258906000936
3015514,136.26060132138494
3015515,80.40113385646521
3015516,27.696358800555497
3015517,24.875038801867415
3015518,20.12931841812846
3015519,465.3606573891594
3015520,4.464333041057108
3015521,-0.1994584647606098
3015522,-0.22020248645509127
3015523,-0.43114835020915965
3015524,-0.49924296778928684
3015525,0.09737853566748526
3015526,-0.8275965058041129
3015527,0.15007356113557757
3015528,1.987841201120791
3015529,13.591069018930211
3015530,-0.7927760922724337
3015531,79.34937961039434
3015532,27.279375347934618
3015533,-0.34485605943526026
3015534,-1.3192298766427941
3015535,42.90341496856152
3015536,18.236109388894402
3015537,1.071374289594669
3015538,-0.24375488427132952
3015539,3.8160296747580924
3015540,-1.1118686343547597
3015541,-7.011718080349056
3015542,1.3769507904020792
3015543,-10.798067097309502
3015544,-0.3144514435954262
3015545,1.18673799095126
3015546,-2.986339918550221
3015547,-11.867774787533527
3015548,4.087059521922675
3015549,1.757559754127033
3015550,-3.675685028464577
3015551,0.9147688957498984
3015552,-24.59287391127611
3015553,0.9063570833018456
3015554,-1.7790278243093782
3015555,-1.636823729544267
3015556,0.4390906699102197
3015557,0.9684430681127196
3015558,-1.2321924406706604
3015559,-3.1220572569525027
3015560,-2.924904153323951
3015561,1.4317529031074443
3015562,1.5069812284065844
3015563,-0.7868539845112901
3015564,4.443328292917868
3015565,-0.40486433947422484
3015566,0.14634404125623401
3015567,-1.757571333560445
3015568,4.005162337001493
3015569,3.9646908161984173
3015570,0.507980768337329
3015571,0.3056149596333853
3015572,-0.7181006988061198
3015573,1.794590292341454
3015574,-0.6768201170521206
3015575,2.5334111727751223
3015576,-5.607994460662158
3015577,2.887799873336771
3015578,-2.79602433724398
3015579,0.667614244663564
3015580,-2.445095064326306
3015581,-3.9147485684133425
3015582,-0.4657184279057765
3015583,0.6039998333082258
3015584,0.7570931975892972
3015585,-11.778642614503479
3015586,0.36320579324012214
3015587,-0.387833481628695
3015588,-0.014233545782844893
3015589,3.6303935023980376
3015590,1.8175358735868579
3015591,0.4483899178135835
3015592,0.32387673346238444
3015593,-0.8496004283783987
3015594,2.0890245111813055
3015595,1.1703987726107152
3015596,1.2403033111201878
3015597,-1.0806701452221388
3015598,0.38828512480373334
3015599,0.6229413739662415
3015600,0.21105185894288292
3015601,-1.4631975381870141
3015602,-0.3274879071127361
3015603,1.9495522212214564
3015604,1.066026459490604
3015605,0.4367327223570464
3015606,-0.6734597374581062
3015607,-3.2183409810512242
3015608,0.7536521983879357
3015609,-2.3359078355013483
3015610,0.18538134946786144
3015611,-1.6392794017976118
3015612,-1.5031390253346035
3015613,-3.283248162878663
3015614,-1.2182801854985157
3015615,2.07699725577535
3015616,-2.936676441273521
3015617,-1.0000967181310259
3015618,-16.46410720149739
3015619,1.3660918591396332
3015620,-0.31669146868953246
3015621,-0.544992817534876
3015622,1.855131735118339
3015623,1.095303236970285
3015624,-0.6423934535907756
3015625,-0.44590637526685895
3015626,-1.1849751897075476
3015627,0.7609707018612243
3015628,0.9398307858777843
3015629,0.18733908547015754
3015630,5.927421597488284
3015631,1.4142474751061673
3015632,-0.03687311792084075
3015633,0.9119383930066398
3015634,-1.449864429302688
3015635,0.614072214857806
3015636,0.06973786518254188
3015637,0.5023374095639883
3015638,-0.7510944252806075
3015639,-1.1865223797030922
3015640,-1.2268288965518879
3015641,-1.0410817260977638
3015642,99.29860771565407
3015643,0.6222497039852897
3015644,45.13504336656544
3015645,-0.5337910736436606
3015646,97.13246656270843
3015647,49.52637670034979
3015648,20.022200627035197
3015649,8.790413179266034
3015650,10.612635745348694
3015651,323.61192244498716
3015652,3.703200531866969
3015653,0.6947477736965813
3015654,-0.006630016803537697
3015655,1.023990233505974
3015656,-0.383099092856064
3015657,0.25586115173668084
3015658,1.7435186333931052
3015659,-0.35688795912246857
3015660,0.7561551260756824
3015661,12.905617862972356
3015662,4.565641563626122
3015663,226.1660601298605
3015664,18.279881860890235
3015665,-1.0311544342745764
3015666,-0.38346857837677817
3015667,27.145247128450503
3015668,9.20325498449769
3015669,1.32908770092552
3015670,-0.11710588003974408
3015671,3.384431833481285
3015672,2.366427828871092
3015673,0.5967834469015725
3015674,-1.0730081459070788
3015675,326.30478234851245
3015676,-0.01647952538096442
3015677,110.57574356053729
3015678,1.5027417435175447
3015679,207.73198457432954
3015680,122.33163695171203
3015681,44.99639023134805
3015682,41.931877531864046
3015683,27.216236338157927
3015684,689.0940616623241
3015685,2.05978553998968
3015686,1.598115821273532
3015687,1.2744847244628907
3015688,-0.4977265176641593
3015689,-1.1665698152100958
3015690,1.180597006048993
3015691,1.8618521971199153
3015692,1.9928613075601609
3015693,0.056122184054984287
3015694,20.13346744714865
3015695,1.4851327474787834
3015696,80.73361124256257
3015697,34.39036880474167
3015698,-0.4913430348951078
3015699,-0.01574059763548563
3015700,54.88869374193786
3015701,23.399445492199593
3015702,-0.6619477256276514
3015703,0.16033781324127627
3015704,6.384799791685037
3015705,-0.29154675232392036
3015706,-0.008338731584372039
3015707,0.9223016561691838
3015708,128.94104876359432
3015709,-0.34739357391168624
3015710,40.34422893716666
3015711,-1.764075772068027
3015712,63.20012787959466
3015713,48.60945875150108
3015714,16.266329727276645
3015715,16.882860663719804
3015716,19.121388974563743
3015717,229.13594021985466
3015718,1.4782455587385628
3015719,-0.7843408716850535
3015720,0.19754682435726864
3015721,0.42819558390674495
3015722,0.8666540662668194
3015723,0.8731595339120759
3015724,-1.344013533081161
3015725,1.1781355976418855
3015726,2.486285738582847
3015727,15.598922378415518
3015728,0.5746352085422769
3015729,35.29437525222133
3015730,12.069427161763816
3015731,0.7403769964593812
3015732,-0.22874594083637934
3015733,14.816486133888757
3015734,10.07613948501923
3015735,0.9049507238611113
3015736,0.14405872869596345
3015737,2.2255753168154477
3015738,-2.0451117190888906
3015739,-4.327397313700021
3015740,-1.904661828094977
3015741,82.41559892460315
3015742,-2.995081144241958
3015743,48.77654453431394
3015744,-3.0996856292277517
3015745,67.96186502302695
3015746,28.262257675636103
3015747,16.89000261577894
3015748,6.436765599043756
3015749,5.610707949387965
3015750,248.86110111207455
3015751,0.6475186766291154
3015752,-0.48319375541133924
3015753,-2.177219535251716
3015754,-0.8635689184758302
3015755,-1.2813464146824844
3015756,-0.9574055002892419
3015757,-0.6812245489080306
3015758,-1.0652510814814742
3015759,-0.676884730966558
3015760,7.61611120574562
3015761,-0.37847847684606684
3015762,46.62204446457599
3015763,23.050961649457825
3015764,-1.11250003388981
3015765,-1.6001064519241117
3015766,22.73445291713517
3015767,5.94926979661599
3015768,-1.1745433085498735
3015769,-0.8012041777074774
3015770,1.3205955622846886
3015771,-0.610303020963329
3015772,-2.6352505247108273
3015773,-1.1560921690193937
3015774,210.09356905763653
3015775,-2.5693659691849824
3015776,85.7080442921882
3015777,-2.600561572569859
3015778,102.44625943427806
3015779,73.77367837982649
3015780,32.957726088927885
3015781,29.88329432372022
3015782,23.887924809534233
3015783,428.69856575671804
3015784,1.614055260021778
3015785,-0.2891422138165217
3015786,-0.4262565625394928
3015787,-1.5944668818968422
3015788,0.11280718717571289
3015789,1.442944643593146
3015790,-2.3071425319691117
3015791,1.9652691781864995
3015792,1.7028527717375983
3015793,27.751114499140456
3015794,1.0863104279979598
3015795,42.29035570850432
3015796,24.133058165940092
3015797,1.1831466931085015
3015798,-0.34168690727714424
3015799,37.21374949757326
3015800,14.20959645244169
3015801,0.22747678821349837
3015802,0.008217662770330147
3015803,0.9858057307237686
3015804,2.7502261648380957
3015805,2.518351636987391
3015806,2.315370166837529
3015807,152.27592954156472
3015808,1.340843588205935
3015809,78.21962072627787
3015810,1.8903487083919754
3015811,110.24634730222246
3015812,40.31496931353195
3015813,33.775948506435086
3015814,19.440061569147986
3015815,9.050570191752
3015816,488.959511083007
3015817,1.3459602954848378
3015818,1.4857587385486113
3015819,-0.209251967964301
3015820,0.9206895071564577
3015821,0.46602774159575344
3015822,0.43075269166794894
3015823,-0.40322038162132234
3015824,2.669948432188612
3015825,1.9597430030792022
3015826,16.323025041610162
3015827,0.3834546245516686
3015828,28.130252863813332
3015829,28.787828559167615
3015830,0.9109862181177596
3015831,1.6690458415714602
3015832,24.64686915581533
3015833,7.2735619041118476
3015834,0.3790489386466288
3015835,0.21215216439588408
3015836,2.14457347168438
3015837,-3.252193206553784
3015838,-5.343074915596772
3015839,-1.997502757507318
3015840,4.2027731870559
3015841,-3.8171702008576176
3015842,3.360995456466262
3015843,-4.78638967346531
3015844,-3.3666034718606896
3015845,-1.3806150273167805
3015846,-0.5416370439392632
3015847,-2.136433535697397
3015848,2.1084370119234745
3015849,-21.963957520912665
3015850,-1.130308740479959
3015851,-2.471119444007345
3015852,-1.4638287216999015
3015853,-0.9059734181446039
3015854,0.27473411378538004
3015855,-0.7504296920328489
3015856,-2.3113312687138023
3015857,-2.167163201882431
3015858,0.7997513352872919
3015859,2.5360537204579305
3015860,-1.0339959735538287
3015861,2.9899563852481883
3015862,4.996450624820646
3015863,-0.5294213872138062
3015864,-2.6961757656692136
3015865,1.7421422394043111
3015866,1.8059463985574258
3015867,-0.6030194179936007
3015868,-0.3132556538057543
3015869,-3.6699556771177226
3015870,-3.839338056534471
3015871,-2.3206219961987156
3015872,-4.316917534338973
3015873,556.5377352451742
3015874,-4.399646452083798
3015875,139.48509430971495
3015876,-0.8629869841942852
3015877,296.5195204598
3015878,203.89664185621052
3015879,56.436105517468576
3015880,79.64721306080966
3015881,51.40566253595978
3015882,1007.5080493722648
3015883,10.608832036767708
3015884,-0.04506368351117995
3015885,1.017055463857687
3015886,-2.642473036348674
3015887,0.472289800313629
3015888,-1.5244737790781437
3015889,-0.9296723008078333
3015890,1.6373764185606707
3015891,3.380178534402112
3015892,31.778900990282345
3015893,-0.679096072755965
3015894,119.85809004457579
3015895,48.401116650215336
3015896,1.0191631632458305
3015897,-1.0686674420712734
3015898,83.24728490982653
3015899,57.91776955368739
3015900,-0.9615671637112609
3015901,-1.7086211774754336
3015902,13.942691553338044
3015903,-0.6288642809502201
3015904,-0.4925289193483696
3015905,0.8536170193458382
3015906,59.51744376863138
3015907,0.4385044239749913
3015908,23.572909959743047
3015909,-0.7299454775125197
3015910,56.536061412479214
3015911,13.414404151937815
3015912,13.201018712431395
3015913,8.967177100931767
3015914,4.834113906761654
3015915,221.17019061892452
3015916,1.5668480106725475
3015917,-0.23691376767779726
3015918,-0.0792945109171706
3015919,1.1086963437095254
3015920,1.093928274998325
3015921,0.9116820735228612
3015922,-0.20475457276523235
3015923,-0.212687012495262
3015924,2.0632540213046013
3015925,9.52469828117093
3015926,0.444831925519793
3015927,12.519788952155178
3015928,17.764967857477096
3015929,0.44020542433921944
3015930,0.3762358987073457
3015931,11.618354205346368
3015932,3.700952578167198
3015933,0.7571581819640778
3015934,0.261591169661624
3015935,0.38029877658318584
3015936,-0.017647914979897816
3015937,-0.4098245484570361
3015938,-0.45592422753004935
3015939,121.87811841195035
3015940,-0.3691833048184343
3015941,64.5798964115447
3015942,-0.8518621880339924
3015943,148.83195701555698
3015944,36.38917678124075
3015945,26.830882314908813
3015946,13.04094594821603
3015947,0.03239715938681931
3015948,517.8089917415268
3015949,1.6265756370816964
3015950,0.752783010559506
3015951,-0.8943269948258967
3015952,-0.565436779754964
3015953,-0.7116591550743033
3015954,-0.17074739379335369
3015955,0.04107668592267155
3015956,-0.2391622497392381
3015957,1.4225676569093775
3015958,6.948707330153338
3015959,0.5236432706202322
3015960,49.943188085050636
3015961,32.97159152919725
3015962,-1.4177338769313064
3015963,1.325664379861264
3015964,13.923996646425586
3015965,7.98301725494297
3015966,-1.4873466159597593
3015967,-0.6252041287651082
3015968,0.21017205514508536
3015969,-1.42878494403878
3015970,-1.9347199679295226
3015971,0.19179344949297955
3015972,51.97123201011931
3015973,-0.5626474674130078
3015974,21.281137807892883
3015975,-1.6774529338836146
3015976,56.91207923929807
3015977,11.073765648654554
3015978,12.53629977070188
3015979,7.470365496115301
3015980,3.1827932285843645
3015981,238.50504205915303
3015982,1.018906076019921
3015983,-0.5298859815691321
3015984,-0.7366446036709384
3015985,0.4958301622716681
3015986,0.5950109788792907
3015987,0.556631241187024
3015988,-0.8816071158259001
3015989,-0.29062287397940967
3015990,1.561940017147863
3015991,12.261071091437843
3015992,0.18540990361809234
3015993,12.630901637675379
3015994,19.232537061910918
3015995,-0.14712093427340733
3015996,-1.3988562173840546
3015997,10.896118747742548
3015998,2.856039360555587
3015999,-0.05079990962647571
3016000,-0.3449112973597221
3016001,-0.26786355828084196
3016002,0.571650453061642
3016003,1.0622452550328796
3016004,1.6543048979170762
3016005,99.74104666873941
3016006,-1.0914241047019697
3016007,40.94652251404482
3016008,-0.5095803252884069
3016009,145.43294275176044
3016010,24.828450179987918
3016011,23.952838529113265
3016012,18.155098389465397
3016013,-2.902421548775601
3016014,456.0911314033864
3016015,0.4307086261908266
3016016,0.502990855566095
3016017,-0.5862932917502132
3016018,1.7266305744468027
3016019,-0.1543918931972439
3016020,1.0034478693007987
3016021,1.2419484725746588
3016022,1.7036883823251754
3016023,2.0056766427597665
3016024,12.060856002915656
3016025,1.3097133058319015
3016026,33.85519386214713
3016027,31.496506621264828
3016028,-0.02160955817219129
3016029,0.5388730674771558
3016030,14.030188022000877
3016031,7.047384108945225
3016032,0.8603641076016845
3016033,-0.19998546346049462
3016034,1.0236375366357007
3016035,3.0626771393887613
3016036,2.7807285117200444
3016037,1.7318202681476396
3016038,212.3604131730826
3016039,3.174014860780262
3016040,128.48942198656508
3016041,2.5856811296128583
3016042,138.27724497904023
3016043,35.506537936570204
3016044,37.4749052636954
3016045,17.747068932178774
3016046,13.55570040727153
3016047,644.8648024324276
3016048,2.676261052781192
3016049,2.2535293368117344
3016050,0.41624095124760074
3016051,-0.5099463567443308
3016052,-0.5021715135558042
3016053,-0.09414346253546668
3016054,0.8899720601896843
3016055,2.206034703419173
3016056,1.688452310194625
3016057,11.882367512553392
3016058,0.5601005459307271
3016059,35.39185285666103
3016060,42.55441914828705
3016061,1.2611132857849954
3016062,4.4606706015882445
3016063,18.628701340715523
3016064,7.397677100412875
3016065,0.7064513133599757
3016066,0.2672193041615537
3016067,2.7468697588243596
3016068,-2.140245117074252
3016069,-3.134353149185614
3016070,-0.8846646426696918
3016071,60.91189760189097
3016072,-0.5353344856201021
3016073,14.15894436383108
3016074,-2.6925762512516664
3016075,54.47537537285953
3016076,7.560047657748037
3016077,7.984751998228797
3016078,6.062845042923885
3016079,5.472308994489453
3016080,240.67979460724757
3016081,0.07263150919185135
3016082,-1.167533562726021
3016083,-1.8876726222365199
3016084,1.6810259151488698
3016085,0.4648205179552315
3016086,0.38390132236963836
3016087,-0.35606824593520287
3016088,-1.2240739727716083
3016089,0.44969732677226953
3016090,6.449458236338809
3016091,0.43007892746478316
3016092,19.31680277659838
3016093,14.017975167751695
3016094,-1.3228648025284078
3016095,-0.77221521749953
3016096,5.089598079958996
3016097,1.766397388232472
3016098,-0.4031184677287695
3016099,-1.3011648808522533
3016100,-0.24551530689356355
3016101,4.513704952783374
3016102,4.490249635327164
3016103,2.26308505882982
3016104,101.0978442704587
3016105,4.910097900626388
3016106,56.26121728148304
3016107,4.3085750707789705
3016108,83.6616542553181
3016109,24.488170142866547
3016110,19.570562883486566
3016111,11.402860064380185
3016112,1.6404491689935325
3016113,415.26585597222015
3016114,2.4644348666380393
3016115,1.7150109648909713
3016116,0.5606443089003734
3016117,0.8419405547928546
3016118,-0.17018123616086084
3016119,0.1034092513225916
3016120,0.9733182227065482
3016121,0.07952156023289719
3016122,0.20271422549361884
3016123,9.757719578538891
3016124,0.9583174745367433
3016125,23.515297007987428
3016126,20.39362445277111
3016127,0.48464736238023765
3016128,0.8642031922303794
3016129,12.830934763609003
3016130,5.866204728862831
3016131,0.8600043560300764
3016132,1.2024224290157144
3016133,1.751787444447873
3016134,1.5831424324836554
3016135,1.6503609059044537
3016136,-0.7251889895501518
3016137,145.0570792007818
3016138,-1.1376413490591948
3016139,71.15325377120354
3016140,2.0378848971809935
3016141,166.6483902506588
3016142,89.01908871224418
3016143,20.520463217867512
3016144,25.216858637217737
3016145,24.018258277452187
3016146,555.9516194099792
3016147,6.659431667390599
3016148,2.2490439393995625
3016149,1.1181827461288778
3016150,0.5362992988355109
3016151,0.1989210840025044
3016152,-0.020670752728037756
3016153,3.316461906334371
3016154,0.3812559761149897
3016155,0.40993826966769126
3016156,15.383384906822684
3016157,0.32915943200830955
3016158,44.039514744503975
3016159,31.182269352731602
3016160,-0.20351097635222687
3016161,-0.19050182779581515
3016162,18.089800841388644
3016163,20.06964738592931
3016164,1.1111453984435502
3016165,0.3744324847358803
3016166,4.008064989787527
3016167,-0.28512090716067173
3016168,-1.8084490728301899
3016169,-2.1290365133004525
3016170,115.17489807218655
3016171,-3.0949433050640076
3016172,69.93185228015346
3016173,-0.3307789291497465
3016174,154.91174916194862
3016175,77.91258548418082
3016176,25.84381124642227
3016177,19.468452100450158
3016178,19.772393375487106
3016179,541.77931166882
3016180,3.6573496146229445
3016181,1.247275512419583
3016182,0.5490414466324728
3016183,-2.107187013681542
3016184,-0.46571126013572206
3016185,-0.44804410726836064
3016186,0.18668791516560307
3016187,0.4929169621694745
3016188,1.1380261570210133
3016189,12.39155388539795
3016190,0.01931182715183244
3016191,30.95349298024768
3016192,34.636602752956314
3016193,0.5389694014126143
3016194,-2.5237986432638717
3016195,13.320087714369148
3016196,18.150393280481804
3016197,-0.6249131542044779
3016198,-0.6208679434303486
3016199,1.3608568469373858
3016200,-1.7065000191916626
3016201,-3.2717157181334184
3016202,-2.5967465488984454
3016203,138.8106836626016
3016204,-3.298550560321528
3016205,111.85317098399443
3016206,-3.4170690580321392
3016207,168.16864312298267
3016208,30.661032724389297
3016209,23.031415859552364
3016210,19.308617275414946
3016211,4.475861412460436
3016212,523.4413491586959
3016213,1.6055609181345791
3016214,-0.8441197952174117
3016215,-1.2745156233834858
3016216,-1.134437031908019
3016217,-0.9180496045381005
3016218,-0.49535747256057217
3016219,-1.0544534241497605
3016220,0.42864903748581135
3016221,0.6825541054279165
3016222,8.50569954333645
3016223,-0.8326268061088922
3016224,23.979206133970145
3016225,37.62367663595891
3016226,-1.2686762209553488
3016227,0.07476299734029457
3016228,12.86431235344775
3016229,8.426061572123762
3016230,-1.7385932360951122
3016231,-1.2119858129983183
3016232,0.34693920464385886
3016233,-3.133066345286206
3016234,-7.527624557815835
3016235,-2.836162508592206
3016236,149.21421768294024
3016237,-4.177158205072301
3016238,49.89033558590981
3016239,-3.693782866623515
3016240,128.2068856379131
3016241,75.83741999057563
3016242,27.48049761045378
3016243,22.019013810019317
3016244,21.226262110265015
3016245,427.9140183271801
3016246,3.1848897734479396
3016247,-1.5727725130979526
3016248,-1.8724579862476094
3016249,-3.2238221228224573
3016250,-2.0470246852944185
3016251,-2.109384245554575
3016252,-2.976844436659558
3016253,-1.1705993143203524
3016254,0.7047928338958082
3016255,12.772347344068184
3016256,-3.074607474883269
3016257,64.90754185573095
3016258,25.403435060925908
3016259,-1.6829591422852535
3016260,-3.8376257988683573
3016261,38.84787286771284
3016262,19.838379238579947
3016263,-1.511447052234835
3016264,-1.7015640266683478
3016265,1.8561856218120008
3016266,-0.16924508627506496
3016267,0.40574032216817957
3016268,1.7469847853840965
3016269,95.94791339004854
3016270,0.04337131316960385
3016271,46.01824447968259
3016272,0.09464914765332649
3016273,134.31529638095213
3016274,24.29510458948382
3016275,23.60898470650752
3016276,16.21191484455519
3016277,1.8300429312101185
3016278,491.99962511093054
3016279,1.258193319098209
3016280,-0.2834497588174418
3016281,-0.7016095747594466
3016282,-0.488662231966324
3016283,-0.4585753370840393
3016284,-0.17889462868581169
3016285,-1.4531861291297536
3016286,0.5364496282038216
3016287,1.5952207704646333
3016288,7.940467240490083
3016289,-0.4597542391739261
3016290,17.848645460657643
3016291,27.793327443640713
3016292,0.02140549904398882
3016293,-1.0752255551601648
3016294,11.126663139810116
3016295,6.355358454917478
3016296,-0.30191627805261867
3016297,-0.4399521561718813
3016298,-0.10261373040181407
3016299,-0.7407034995263041
3016300,-1.374949134527002
3016301,0.45451698384012507
3016302,88.58783029763026
3016303,-0.5017478065312264
3016304,40.38918726228175
3016305,-1.2119326288701995
3016306,91.2063943982342
3016307,40.196034845900655
3016308,20.98981252661198
3016309,12.45373383460855
3016310,9.029018435763646
3016311,323.36388992901584
3016312,1.688525368505798
3016313,-0.19795684362208701
3016314,-0.7769766447084351
3016315,-0.39076743584194107
3016316,0.22456776042250573
3016317,0.2037713895693014
3016318,-0.6731658803227037
3016319,0.2665823380100244
3016320,1.7021581870391436
3016321,9.678598068357072
3016322,0.27429700248569133
3016323,23.51673384581474
3016324,22.217058737961025
3016325,0.45223814886086416
3016326,-1.0942332795398635
3016327,11.826592351829312
3016328,8.612815690777534
3016329,0.12520745783241521
3016330,-0.5549776482647087
3016331,1.0191090613377072
3016332,-2.200955117994963
3016333,-4.611914905729427
3016334,-0.2156538808471669
3016335,-7.301267976486051
3016336,0.04688114081021921
3016337,-0.6935205423596922
3016338,-4.765387394474747
3016339,-9.586223917833923
3016340,0.78478551234286
3016341,-2.6832113764481615
3016342,-1.3823207201713377
3016343,-1.7213349344113522
3016344,-33.155847102586556
3016345,0.2157520505003049
3016346,-1.8768320461196708
3016347,-1.07807764826357
3016348,0.7562205678246392
3016349,0.6770364867156604
3016350,0.40353769951383583
3016351,-2.4220103784594538
3016352,-2.5440385430861356
3016353,0.8034101866298442
3016354,1.3018463225164305
3016355,-0.6333531825416139
3016356,1.1301504139583267
3016357,1.5837433704858266
3016358,-0.3949272350188039
3016359,-2.5035067896095278
3016360,0.8227788298171071
3016361,1.3468152287096382
3016362,0.39373155693298034
3016363,-0.32081353326793766
3016364,-0.9209845191547357
3016365,1.0085467464835527
3016366,1.2392310830846691
3016367,0.272010198350108
3016368,314.00885825846785
3016369,0.013080226217207391
3016370,42.93284261625428
3016371,-0.8214156497065416
3016372,129.7087907821837
3016373,15.869746832001912
3016374,21.758730205563918
3016375,11.717640137573545
3016376,2.9872532716873916
3016377,447.0932855652085
3016378,1.9250734184052272
3016379,1.101823682555114
3016380,1.9807198586754384
3016381,0.9847902963533125
3016382,0.6017287155154918
3016383,-0.10053844766516704
3016384,0.7475662941994234
3016385,1.2352058635694991
3016386,1.2530657037816855
3016387,18.000291481130624
3016388,0.0804366495393333
3016389,27.99734572967995
3016390,24.948036701921446
3016391,1.1345555087861432
3016392,2.3318721817454207
3016393,16.281604373202573
3016394,7.565667299830384
3016395,1.5567085804808447
3016396,0.7665511285199318
3016397,2.0624609596614025
3016398,-5.242695025443391
3016399,-11.32502717116233
3016400,-8.312213698204395
3016401,603.9130760619671
3016402,-6.669938124079308
3016403,147.38394710664483
3016404,-5.605922445614197
3016405,347.2888199316584
3016406,255.811457809979
3016407,75.82585708820258
3016408,86.62030186422488
3016409,55.723467783420276
3016410,1096.883445833147
3016411,7.092565083969238
3016412,-2.306051101215926
3016413,0.5172639203754079
3016414,-6.113727666631021
3016415,-1.4185258512444487
3016416,-1.7568545866995189
3016417,-5.2096590275808925
3016418,-1.4173752764463279
3016419,-0.5768271862848996
3016420,42.973406679455735
3016421,-1.6721476902669017
3016422,143.46769495143525
3016423,55.83062748176679
3016424,-1.8295778800379776
3016425,-5.9696486503749835
3016426,80.72540648212217
3016427,70.70497164824148
3016428,-3.213667564119496
3016429,-3.20143075176893
3016430,11.788375082455278
3016431,-3.653222189028457
3016432,-7.068280753866093
3016433,-3.735465527115994
3016434,403.26369604265903
3016435,-3.381908230050576
3016436,109.00421462785324
3016437,-1.9736078470664506
3016438,290.6738183609151
3016439,162.76997090629249
3016440,69.07319806810094
3016441,52.120869933435245
3016442,49.29768211734765
3016443,1040.1657919030022
3016444,7.714182509105158
3016445,0.9300883047333628
3016446,-1.1998724826173566
3016447,-1.9597882623936311
3016448,-1.1719900059660358
3016449,-0.49079543996322167
3016450,-1.8160861837368794
3016451,-0.13207229009349247
3016452,-0.1771497606095727
3016453,25.122464460483023
3016454,-0.6322682029932548
3016455,154.94405655223883
3016456,53.19102464401716
3016457,-0.8304482211534923
3016458,-4.473195281994667
3016459,81.5722606077712
3016460,45.70630467887021
3016461,-1.5744796420870628
3016462,-1.8129501553843146
3016463,9.835411803189672
3016464,-6.752146970731847
3016465,-13.662898859697416
3016466,-2.2866488206374562
3016467,275.12444610942305
3016468,-6.471517637462057
3016469,70.45889134895219
3016470,-7.678190442034538
3016471,275.81657331978715
3016472,112.45665520293815
3016473,89.39997771229308
3016474,19.374220530313394
3016475,35.25871191402271
3016476,910.9571419813988
3016477,2.994507086657395
3016478,-0.45241189067688536
3016479,-2.9615588756947546
3016480,-2.9920232963773743
3016481,-0.910441641695761
3016482,0.4966759181520684
3016483,-2.778648616151586
3016484,-0.1979752082019695
3016485,1.4697564161017729
3016486,16.88403994026623
3016487,0.5060838449371295
3016488,198.36376039418877
3016489,66.8454472874572
3016490,-2.5096611210031554
3016491,-5.941519341116763
3016492,96.64564476396936
3016493,28.058975735726126
3016494,-2.3942341089405454
3016495,-2.5641404317539127
3016496,4.217132212668694
3016497,-1.8041138562800187
3016498,-6.070271516088505
3016499,-1.4304966008661357
3016500,378.7390247653197
3016501,-4.513826767516111
3016502,110.44803918170106
3016503,-4.265879036430997
3016504,278.24157523969353
3016505,149.58602011326775
3016506,78.12203501761618
3016507,40.70730681854846
3016508,40.339308877078146
3016509,971.4096296619243
3016510,4.160817817835195
3016511,-1.8557984296922223
3016512,-0.45698712003984837
3016513,-2.041904936883438
3016514,-0.14083723819287114
3016515,-0.4666780503288828
3016516,-3.7512606755949314
3016517,-0.688812013805873
3016518,0.5535739206176732
3016519,19.80776970476363
3016520,-1.9611652737456824
3016521,123.77353219302742
3016522,60.026488793655005
3016523,-0.293260095182486
3016524,-1.8435652821871553
3016525,92.5910824615251
3016526,38.58821103410825
3016527,-0.7700673500295305
3016528,-0.800931578677555
3016529,6.806794591153338
3016530,-5.1000446445796115
3016531,-12.022455047794319
3016532,-1.2275043577934777
3016533,187.6888693916846
3016534,-5.757529069101984
3016535,72.51575636128695
3016536,-9.506271471215733
3016537,226.1547827885929
3016538,85.10152282311978
3016539,70.4393636653382
3016540,11.94854907792811
3016541,24.47910762430358
3016542,753.0526664952181
3016543,2.7569615933770546
3016544,-1.2015730060165515
3016545,-3.4621193223721645
3016546,-4.673359456608087
3016547,-1.5555132512063938
3016548,-0.5517846104665296
3016549,-5.03001255553445
3016550,-1.7864384318022348
3016551,1.1680758999413592
3016552,14.438654485377338
3016553,-1.5071235624455948
3016554,140.6576163853489
3016555,58.43437248647882
3016556,-1.9878750896103157
3016557,-4.997314334198855
3016558,83.62459632208211
3016559,22.439030672078367
3016560,-3.6478664644328456
3016561,-2.2761180115950994
3016562,0.6813902862485338
3016563,-1.108004483317636
3016564,-1.6808578042276714
3016565,-0.7225972261493372
3016566,285.32331354441897
3016567,1.9275054465083303
3016568,74.80849053495945
3016569,-1.749511133940396
3016570,151.82468342245576
3016571,125.10622480873124
3016572,37.69620425405319
3016573,41.36291538426529
3016574,35.88022797885053
3016575,538.5071593842565
3016576,8.26425265825921
3016577,1.257796989078488
3016578,1.530587384382088
3016579,-0.9080199679225189
3016580,1.4234770281399325
3016581,0.8160651311128823
3016582,-2.0882095045708047
3016583,0.27802497946715443
3016584,1.60006703622832
3016585,21.646446685681873
3016586,-0.6031567100337634
3016587,74.9761888391371
3016588,26.939640768058744
3016589,1.280259452611208
3016590,0.6190678810525061
3016591,37.59797059336448
3016592,37.527691597880185
3016593,0.707500390481182
3016594,2.0354330548887085
3016595,8.588674069157314
3016596,-0.7495841831361761
3016597,-2.751729391577537
3016598,0.5069832414071788
3016599,128.93806782694895
3016600,-1.887237992591108
3016601,59.75892483652835
3016602,-2.3464291075056827
3016603,167.40354755994252
3016604,56.079564347008564
3016605,36.64668813001222
3016606,22.718338411538316
3016607,23.484557881272995
3016608,508.1848136981834
3016609,1.3336032983431505
3016610,-0.5218337088502448
3016611,-0.07692550093306638
3016612,-1.4462503207585908
3016613,-0.46951427944008184
3016614,1.152432180496362
3016615,-2.5055541425394767
3016616,0.6397136314443923
3016617,4.78871279639945
3016618,12.276044430903202
3016619,-0.3861348750253455
3016620,54.45854664172537
3016621,35.573548566931926
3016622,0.25345527637757187
3016623,-1.9353065099978268
3016624,28.651061081483277
3016625,18.40738571513277
3016626,0.2261549381475924
3016627,-1.6987078482557991
3016628,1.3124569569648155
3016629,-0.040451837546661595
3016630,-4.332045439046797
3016631,0.3358580484831145
3016632,202.31780098533926
3016633,-0.9243390133183311
3016634,70.82486396647835
3016635,0.9691105603138382
3016636,227.54907607860412
3016637,86.12592736358155
3016638,58.07588271427434
3016639,16.005028085107895
3016640,22.093932573820787
3016641,820.0748710697007
3016642,6.640155220922443
3016643,0.3591265686338556
3016644,0.4425428929052395
3016645,-1.2715800744894843
3016646,0.20117837545685685
3016647,-0.12246472791537598
3016648,-0.3191429262229213
3016649,0.7445606605882495
3016650,2.3309299495461167
3016651,17.886359478278827
3016652,3.0504401091229916
3016653,167.51778822794353
3016654,50.34042603789632
3016655,0.01475383185679675
3016656,-1.6224924831825955
3016657,42.25415642752865
3016658,23.04320219972673
3016659,0.7398376519856538
3016660,-0.3217423626394884
3016661,2.918496777435866
3016662,-0.0366745520925906
3016663,-0.6311165488492405
3016664,-1.4166906361853762
3016665,435.17628792183723
3016666,-0.9183177579651234
3016667,125.97211940937704
3016668,0.7292374964765623
3016669,218.6478770434107
3016670,161.99666477338485
3016671,45.75812837754886
3016672,52.79138934729636
3016673,46.891199253391974
3016674,737.3293857636232
3016675,3.3931379974423908
3016676,-0.269760798608877
3016677,1.1203677775258258
3016678,1.4330248237098204
3016679,0.19657705112738771
3016680,0.6376999373255603
3016681,1.9553295712060572
3016682,1.1692830244877042
3016683,0.15482675659965028
3016684,27.064848416238895
3016685,0.5387743163864435
3016686,106.37174770088154
3016687,34.213745256211915
3016688,0.27485794593390894
3016689,-0.8035659321176354
3016690,63.15477446311313
3016691,31.70927999403357
3016692,0.7314977919669763
3016693,0.34918414327694336
3016694,11.433036657883349
3016695,0.9284837927984643
3016696,-2.753849968024557
3016697,2.211943213149019
3016698,-20.451074266015173
3016699,2.224014993540726
3016700,-4.201702466771864
3016701,-1.034187063231311
3016702,-15.233406860837077
3016703,-0.7178829993523139
3016704,-4.5247993879473745
3016705,-3.015285805849677
3016706,-0.1371786195069581
3016707,-32.14416093419074
3016708,2.631924456950128
3016709,-0.15162903477177686
3016710,-0.06182324282814655
3016711,1.4993900029294618
3016712,1.9694896844665892
3016713,0.3620562271700874
3016714,-0.8263680333352387
3016715,-0.4705447600993158
3016716,1.4842797106608248
3016717,2.577426609458465
3016718,-0.6388284553110315
3016719,-6.691774600530934
3016720,-3.6556240125926216
3016721,0.027563058298632065
3016722,0.22598508662183447
3016723,-4.484586634119914
3016724,3.7378919508408943
3016725,3.045960781001462
3016726,0.9111545112195507
3016727,0.3528599673806218
3016728,1.076264403234194
3016729,1.9589228316678362
3016730,2.0563704449838713
3016731,4.251006409070355
3016732,2.446550852006143
3016733,-2.786086475315284
3016734,0.3319344160712171
3016735,-2.3835378987913467
3016736,-3.380599149738064
3016737,-0.46523707032417067
3016738,-0.6913101376432007
3016739,-0.3483107545090023
3016740,-10.20519737939874
3016741,1.5240454349801984
3016742,1.1836225087884484
3016743,0.30511304105023895
3016744,3.3834537707035213
3016745,1.042621275858819
3016746,1.2460140897927887
3016747,1.9972119602419116
3016748,-0.14034674001765438
3016749,0.7355028240915034
3016750,2.0720343759391593
3016751,0.7175434927491551
3016752,-1.6106821533714721
3016753,-1.2963606289024265
3016754,0.11220517451235879
3016755,1.0128377650100753
3016756,-0.998882730779078
3016757,0.5188703008224184
3016758,2.0561050343856677
3016759,0.9050780729682936
3016760,1.6154274986611323
3016761,0.25317932822907097
3016762,0.29791818774638157
3016763,0.24580889875511275
3016764,79.75677952645489
3016765,-0.7823061164924912
3016766,29.710346164600832
3016767,0.7805192088458535
3016768,119.93607803884217
3016769,6.683846134011819
3016770,16.503100100527952
3016771,7.194018301348824
3016772,-1.556481177184614
3016773,313.0906269954887
3016774,1.6569535904172337
3016775,0.5618952050925692
3016776,0.2963634336544601
3016777,0.5344189297616504
3016778,0.09287959585823047
3016779,0.0705622898238471
3016780,0.08306529933121055
3016781,0.11800306323719273
3016782,1.498936715763921
3016783,6.945458716259527
3016784,0.36426135298401274
3016785,5.549184224802939
3016786,19.57136570476192
3016787,0.05263161159073207
3016788,0.43882071286023344
3016789,4.93487590065015
3016790,6.782836466608096
3016791,-0.16448404611961454
3016792,0.193000047948226
3016793,0.20664192187468872
3016794,-0.9020396619348321
3016795,-3.4450558647488743
3016796,-0.28860173490767915
3016797,202.48090397810375
3016798,-1.1664003134652376
3016799,60.58726171978374
3016800,-0.1085612082005536
3016801,169.88848510310726
3016802,84.53747864305191
3016803,38.05123971689903
3016804,28.621787735928446
3016805,31.3456692246929
3016806,591.9729177163753
3016807,5.70052537798183
3016808,0.9924283957540319
3016809,0.5188514050038067
3016810,-1.540179914142982
3016811,-0.6984871569276947
3016812,-0.11111483919161402
3016813,-0.6517094382958112
3016814,0.5868142689902015
3016815,1.658262865961915
3016816,15.844457639542307
3016817,-0.5972138812330741
3016818,77.29936022600867
3016819,29.9048813533353
3016820,0.8882055113128446
3016821,-0.9449193184786508
3016822,55.52537776830631
3016823,22.14901642660552
3016824,1.193701075194831
3016825,0.2630794611321472
3016826,4.073199770152342
3016827,-2.800616776649549
3016828,-1.1563881294686507
3016829,-3.695779947807569
3016830,284.2124236789106
3016831,-0.15989447379975918
3016832,80.89272278763765
3016833,-3.9373850423433763
3016834,165.04814180970223
3016835,127.14199934178647
3016836,30.533605610940466
3016837,44.732036748011964
3016838,33.071132972476406
3016839,506.3713460334252
3016840,6.125393023120268
3016841,0.33638575421900896
3016842,0.48921389120645475
3016843,-0.02400363110980841
3016844,-0.03489521339066415
3016845,0.63838636393044
3016846,0.5961058716343905
3016847,0.038224857662207734
3016848,1.807750285694383
3016849,23.007985522356975
3016850,0.9369810010466245
3016851,99.29652303950309
3016852,28.767786891978687
3016853,-0.6748590460186824
3016854,-0.6509482716183629
3016855,44.530452171744074
3016856,30.156249341847285
3016857,1.2216473626037259
3016858,-1.0162831207897398
3016859,8.427420144262687
3016860,-1.9045942102429396
3016861,0.923095170612978
3016862,-1.6173992404801174
3016863,305.2902027978235
3016864,-0.7152271044572625
3016865,87.26625059252594
3016866,-2.8241946658404777
3016867,191.0723971513761
3016868,141.31938270077578
3016869,39.35784605396363
3016870,48.03007399190298
3016871,28.270141233307292
3016872,609.1902394638142
3016873,6.0472830355101905
3016874,0.22252835898172652
3016875,0.8990234842801875
3016876,-1.010641603982949
3016877,-0.68866240820058
3016878,0.043327388787110954
3016879,-0.3181528414247077
3016880,0.07768848355808584
3016881,2.8853578582073167
3016882,22.6168237299889
3016883,0.30698800122172554
3016884,97.91721362684416
3016885,34.60376709621916
3016886,-0.10385667292313877
3016887,-1.277026746108859
3016888,44.636499427215426
3016889,34.16942210783586
3016890,0.23758018223863475
3016891,-1.6044127309462057
3016892,8.145870605711789
3016893,2.1794640448270366
3016894,-1.4816596262447637
3016895,2.822066842696404
3016896,202.97525996660323
3016897,0.5445328395747127
3016898,87.21809665000302
3016899,2.0939014216940266
3016900,235.40390184092837
3016901,49.32512233856589
3016902,69.34028069409153
3016903,24.140524875838672
3016904,9.389208583304207
3016905,803.7115248752771
3016906,2.600733492692816
3016907,1.9931227613760711
3016908,0.9441791560499405
3016909,-0.8002420574703137
3016910,-0.5356911985347323
3016911,3.670703215149079
3016912,-0.3832209073291961
3016913,3.2832971673791325
3016914,3.983967132815924
3016915,11.71425475144475
3016916,1.4132713030709056
3016917,66.343701945223
3016918,51.74163631591648
3016919,1.0783738011398236
3016920,-1.6787115807973534
3016921,61.47142483510626
3016922,12.629142852547812
3016923,1.4928800938287532
3016924,-0.38482883297896486
3016925,2.5110123421580286
3016926,2.0051932953194775
3016927,1.2702984780013047
3016928,1.1681912946685407
3016929,180.21230086926866
3016930,2.9624449180130616
3016931,52.775045830169
3016932,0.6417328925244508
3016933,125.7243648016134
3016934,84.1626198447596
3016935,24.222098474713167
3016936,29.436049985631872
3016937,28.746734128385505
3016938,369.31269143179657
3016939,5.748047856201156
3016940,0.82678358188532
3016941,1.463179985773313
3016942,2.58819680864638
3016943,1.3101314914963222
3016944,2.000326920210755
3016945,2.908385884635745
3016946,1.5359864024112901
3016947,2.076153898053053
3016948,27.785232487591674
3016949,1.917671661791064
3016950,90.14265827870963
3016951,18.3783634822975
3016952,0.28937669078790346
3016953,1.3944894629608733
3016954,43.13123236975465
3016955,16.037509050122317
3016956,3.652184924283019
3016957,1.8284470877237617
3016958,6.928898598680853
3016959,-1.2450443642500615
3016960,-3.051691907866598
3016961,-0.4459282522317156
3016962,81.45391788174639
3016963,-0.8938814530670063
3016964,15.36156666129693
3016965,-2.2042326852443512
3016966,118.03812030741814
3016967,14.179515176346321
3016968,30.621132785445333
3016969,2.097449057130252
3016970,6.457793774042366
3016971,325.95527309091057
3016972,1.9858383837798828
3016973,-0.3268055179368821
3016974,-2.867109590985092
3016975,-0.325321248399714
3016976,-0.20467379776309835
3016977,-0.5217211565162507
3016978,-0.48156862431086667
3016979,-1.5476455628010446
3016980,-0.5769460658940081
3016981,7.5283114608550745
3016982,-1.240549089139058
3016983,44.127681220155345
3016984,22.015889830627273
3016985,-1.8009583517229841
3016986,0.045284842764149236
3016987,21.37339090442867
3016988,4.409643535039031
3016989,-0.17250851445097398
3016990,-0.5029582793983355
3016991,1.1514298898983815
3016992,0.3557556966106856
3016993,0.5314589526033885
3016994,0.07001502362556455
3016995,459.47855409437557
3016996,-2.0021886883156914
3016997,100.42982303210647
3016998,-3.7389073861109865
3016999,281.3426497945712
3017000,33.15817248010175
3017001,48.66337935142281
3017002,14.74398968488309
3017003,18.169464811361248
3017004,874.1915347999034
3017005,1.8151415842228744
3017006,-1.5926136577465149
3017007,-0.6845632328304054
3017008,-1.5647566296613877
3017009,-0.25465735611302087
3017010,0.652166448762473
3017011,0.02222963886099022
3017012,-1.0652222506142062
3017013,1.5464497649273108
3017014,8.94181974447798
3017015,-0.222354175898472
3017016,113.38064524797566
3017017,49.33045685568938
3017018,-0.6083145086668083
3017019,1.5476793214702047
3017020,65.65499244681345
3017021,5.76790945262037
3017022,-1.1751520839904699
3017023,-2.015095384634624
3017024,1.6101149040225209
3017025,0.747978243914913
3017026,0.22761886983818835
3017027,-0.17992252990137791
3017028,130.9645549955606
3017029,0.31073390885903795
3017030,31.853582201554964
3017031,-0.2710235837152142
3017032,121.09484386726348
3017033,19.102135548877193
3017034,22.793645952688607
3017035,6.35075457140294
3017036,8.72283295649293
3017037,375.83781028308726
3017038,1.9627726114985309
3017039,0.6547960064159815
3017040,0.22059271746236844
3017041,0.2594749928147757
3017042,0.03369653680341794
3017043,-0.06916274774821429
3017044,0.6288349006952739
3017045,-0.42165742171049725
3017046,1.0311446896182497
3017047,8.459418947570029
3017048,-0.7462335090487795
3017049,24.4739200233633
3017050,20.388872328745983
3017051,0.09222385838484114
3017052,0.6655051461953008
3017053,13.362932958988367
3017054,2.6684916126101053
3017055,0.40915295626118675
3017056,0.5551100093449531
3017057,1.029359215654822
3017058,-0.20974980306949878
3017059,-0.9034925821126671
3017060,-1.3310556759638712
3017061,128.90581552359887
3017062,-1.1858073000917648
3017063,29.230164950924518
3017064,-1.3140445004546928
3017065,117.0964870492422
3017066,17.01433410122794
3017067,20.110306934593318
3017068,4.601919674222154
3017069,3.951773439046374
3017070,362.8648971256689
3017071,1.6406487077848757
3017072,0.2304929811561124
3017073,-0.2370802219988218
3017074,-0.3974775114179829
3017075,-0.3868517592621175
3017076,-0.497956933520054
3017077,0.09584588531803091
3017078,-0.878476920195917
3017079,0.2026709936290172
3017080,7.391655106722846
3017081,-0.8527655793421036
3017082,24.170668130371467
3017083,21.13644145193355
3017084,-0.19437878249298596
3017085,0.138569529964243
3017086,11.964573627658664
3017087,2.292929214937776
3017088,-0.16856694630032507
3017089,0.161197444072186
3017090,0.5573885379844978
3017091,0.21230389663265667
3017092,0.2823510722638457
3017093,-1.1489312778598106
3017094,86.76596733095198
3017095,-0.5514068733756723
3017096,31.296212040068205
3017097,0.9549801184056559
3017098,173.5769829160592
3017099,18.168221178918902
3017100,19.394384829264308
3017101,6.528582825295599
3017102,4.471768615647234
3017103,425.4043796241442
3017104,3.021617091177607
3017105,0.664447962323277
3017106,0.9869468783770503
3017107,0.7638397703860689
3017108,-0.9336584161277346
3017109,0.46259355477969855
3017110,1.8211866914376449
3017111,0.5227954463130595
3017112,1.2728212943406765
3017113,8.475304465851943
3017114,-0.39470443139017103
3017115,65.42047220695002
3017116,38.148798960012314
3017117,-1.7670919236012625
3017118,-0.8041528175202326
3017119,13.529806531192692
3017120,5.937638381151476
3017121,0.3717217787810593
3017122,-0.14372708389056013
3017123,1.7083855292344676
3017124,1.1115733259646365
3017125,1.5023394045501026
3017126,1.615361974367843
3017127,135.82158288274078
3017128,0.44793633830580804
3017129,26.945348742681965
3017130,0.6469795454871928
3017131,137.24249671927953
3017132,20.068900372485878
3017133,30.429074764485193
3017134,7.143415167834609
3017135,4.201304037311879
3017136,443.7012351770931
3017137,3.362073713092923
3017138,0.8784778970155276
3017139,0.5844979252096709
3017140,0.08462820249981633
3017141,0.5673655033696013
3017142,-0.4759380456536201
3017143,0.4318823023729874
3017144,-0.1449265819251923
3017145,1.9908761216675521
3017146,7.742609732833462
3017147,-0.7691310326334678
3017148,21.77165368100389
3017149,23.87443616881172
3017150,0.07639143081783914
3017151,0.7268136352113379
3017152,10.074631454337922
3017153,2.5784205856339577
3017154,0.8176268362784775
3017155,0.01298313818546376
3017156,0.513619831928163
3017157,0.7795605295621499
3017158,2.593599371839227
3017159,1.7787560889154337
3017160,92.93530373895847
3017161,1.2767688020132482
3017162,37.94810219693299
3017163,0.9456328214101085
3017164,150.36908924013886
3017165,16.921028928155867
3017166,30.78581564440738
3017167,17.415511829273054
3017168,2.547163609691802
3017169,425.80951136824694
3017170,1.926662094888925
3017171,-1.3151886921096594
3017172,-0.12443444187603744
3017173,-0.4683955400220656
3017174,0.07975640256860067
3017175,-0.8002911602054883
3017176,-0.9362874306320736
3017177,-0.13147389415986255
3017178,1.8424793013632008
3017179,9.784958599775601
3017180,-1.6464847535492662
3017181,20.711091833364883
3017182,28.95102352243761
3017183,-0.4592010425997069
3017184,0.09820359669323803
3017185,15.455225961266915
3017186,5.795965047324607
3017187,0.7550604911554183
3017188,-0.8559935293977106
3017189,0.953756564236901
3017190,-0.7474307199781471
3017191,0.8171645990295201
3017192,0.9355041779329986
3017193,182.71784964472934
3017194,0.028198811930924217
3017195,32.18172643805167
3017196,-1.5273631466249937
3017197,140.4288607457209
3017198,33.45935848162364
3017199,37.10792858775207
3017200,16.577845284352914
3017201,9.599406640418625
3017202,446.5068161272542
3017203,3.794067805524792
3017204,-1.2134762373792183
3017205,0.9037962952586168
3017206,-0.5356449238470032
3017207,1.0808296849686303
3017208,-0.8655371915948854
3017209,-0.554889644593468
3017210,-1.8083114389712864
3017211,1.4622696685191476
3017212,10.898016419516097
3017213,-1.7884702935091263
3017214,47.89874649005927
3017215,20.819488992554543
3017216,-1.4129033838698888
3017217,0.2653351671713517
3017218,33.78338009600397
3017219,8.42402059074895
3017220,0.45698699658379155
3017221,-0.04973710212161678
3017222,0.7151873399357556
3017223,2.1520557802207256
3017224,-1.4472169990737256
3017225,0.7198259994079854
3017226,137.5562025616899
3017227,1.1180401893171437
3017228,113.59594601332117
3017229,-0.8150909647030856
3017230,84.15837957592423
3017231,35.8165773850009
3017232,24.68585804055539
3017233,17.77697346426976
3017234,7.78063515260796
3017235,294.00102570354983
3017236,2.233946398437329
3017237,-0.6279619728778563
3017238,-0.8042556320840231
3017239,-0.6881262135471207
3017240,0.1032534614184624
3017241,0.3611001965495233
3017242,-2.151952472513231
3017243,-0.27916722142505024
3017244,-0.3919029053025952
3017245,13.012508536493115
3017246,-1.2024900442796933
3017247,18.288214392446342
3017248,15.048510493244649
3017249,-0.9014072790032515
3017250,-1.022797222588388
3017251,17.376109259248004
3017252,5.57317747495581
3017253,-0.7574950917884143
3017254,0.3450288627048576
3017255,0.8006104988918287
3017256,1.2677683291348512
3017257,2.2178908180100825
3017258,1.2084749532922432
3017259,193.53099842301344
3017260,1.1328619692717619
3017261,28.043741988029506
3017262,-0.7106062000479143
3017263,132.30461819853224
3017264,13.992828145725362
3017265,24.596129215725014
3017266,6.821706465067182
3017267,6.731204642088269
3017268,393.96135344635707
3017269,2.288576128968525
3017270,0.1996068393963651
3017271,0.8343098360316435
3017272,0.8672656555947742
3017273,0.795754306131239
3017274,-0.1590275758293865
3017275,0.6012440749170764
3017276,-0.2456499003470526
3017277,1.899784622965635
3017278,7.6478620169735585
3017279,-0.544700974433581
3017280,29.297433113270188
3017281,21.694105404674627
3017282,-0.07460788136424529
3017283,1.9339794604908
3017284,10.70256958470287
3017285,3.5408707736924043
3017286,1.1210479744316308
3017287,0.3279509141648669
3017288,1.1761401698256213
3017289,1.0171800603017618
3017290,-0.535331946630513
3017291,0.25547868055164136
3017292,222.346666883782
3017293,1.798709217646101
3017294,57.83216501419509
3017295,-0.8122170620024554
3017296,145.08997174317642
3017297,91.64820216034931
3017298,30.614473196497602
3017299,30.477419376661164
3017300,30.958405260549114
3017301,503.64092998827005
3017302,5.747452864532898
3017303,0.8693699043321976
3017304,1.2143379624750377
3017305,2.072905338480841
3017306,0.7168912988254669
3017307,1.473813022889044
3017308,2.757438144556318
3017309,1.1688114956727804
3017310,2.2471536706019473
3017311,26.224690810107674
3017312,1.4383685429190156
3017313,106.8496938260203
3017314,30.021615559195563
3017315,0.5577568585162953
3017316,1.2164820010015955
3017317,57.71914473344958
3017318,21.3910774812365
3017319,3.8203121331114653
3017320,1.6559815332074503
3017321,6.933265887687039
3017322,-1.9900796281454314
3017323,-8.379505488113464
3017324,-0.44368652936849706
3017325,-1.797701128855515
3017326,-2.035667979516111
3017327,-1.134884775682658
3017328,-4.5133170451965645
3017329,-14.113752298527654
3017330,5.151035181403604
3017331,-0.2570864156894821
3017332,-5.3987382508347945
3017333,5.441347713769014
3017334,-47.81757907824343
3017335,0.1301566279622055
3017336,-3.031099805186859
3017337,-1.95296732097886
3017338,-0.9447189819856432
3017339,0.3743245572971864
3017340,-2.1871358597443034
3017341,-3.847865851488714
3017342,-4.456110750445987
3017343,0.40697350467944493
3017344,3.863573239122343
3017345,-1.8420111135220214
3017346,6.884141341259674
3017347,-2.09613328375508
3017348,-1.0530117507617254
3017349,-3.111229518068504
3017350,6.102013789681769
3017351,4.1966304480628605
3017352,-0.9100607995605243
3017353,-0.3136874505336892
3017354,-1.707630890112232
3017355,2.4561054177880943
3017356,-0.8791184675135812
3017357,2.4146154020292308
3017358,-4.517402550679654
3017359,2.8715109205666884
3017360,-3.8057973447893163
3017361,0.9091096877951712
3017362,-1.7528652925231656
3017363,-4.429574832566832
3017364,-1.5523783862146956
3017365,-0.29594876045426644
3017366,4.081181932009663
3017367,-26.634712080089813
3017368,0.6554697385324835
3017369,-0.7264339567621574
3017370,0.13325852944202776
3017371,2.653061565644748
3017372,1.7340911778532972
3017373,0.04789472788899729
3017374,-0.4025014013480905
3017375,-1.2482182384606495
3017376,1.7027023334050682
3017377,2.3198215673154485
3017378,0.40835026647902856
3017379,-3.814830236101261
3017380,-0.46369485817118394
3017381,0.4383881667641253
3017382,-0.17624412167373515
3017383,-0.7967502197015347
3017384,-0.11196333064093789
3017385,1.5154448842165587
3017386,1.3700170107466692
3017387,0.05975428355868642
3017388,0.09490528823858768
3017389,-2.5150472092103886
3017390,0.6524261465928429
3017391,1.335903018715253
3017392,0.9510494731477956
3017393,-2.438079817942416
3017394,-1.119435835365075
3017395,-1.8061301348983396
3017396,-0.7346775723702011
3017397,0.9448936612776018
3017398,-3.01041505985886
3017399,3.6629973373438403
3017400,-22.351077070982285
3017401,1.555862197951974
3017402,-0.6190183056428213
3017403,-0.5541388200409347
3017404,1.1750349885715694
3017405,0.7077083186844902
3017406,-1.2411507032689406
3017407,-0.5842591901783453
3017408,-1.8572593616025554
3017409,0.0860772627393816
3017410,3.149513137806607
3017411,-0.8016820719707175
3017412,5.201210264000984
3017413,0.4886837555250533
3017414,-0.5359529272511645
3017415,0.8877081576154523
3017416,0.25708257235382914
3017417,0.5564689279735103
3017418,-0.016175444177824905
3017419,0.5468125746613441
3017420,-0.7129624886215606
3017421,0.25317024643270997
3017422,0.8351988358587551
3017423,-0.5096893817296951
3017424,107.68287921645896
3017425,1.0497607002120641
3017426,44.8098725561161
3017427,-0.6300160234126089
3017428,96.5703526292456
3017429,54.867760602799976
3017430,19.78000191387415
3017431,9.77636533499448
3017432,15.854573235761151
3017433,314.67815606099975
3017434,4.4796638669893944
3017435,1.1022035750586656
3017436,0.32708609081175377
3017437,1.4613990741148155
3017438,0.0397023109253859
3017439,0.5708497297978465
3017440,1.9521384212956765
3017441,0.007011577061421137
3017442,0.7005478241709716
3017443,12.664904811048691
3017444,0.17855887004727278
3017445,139.31571280698896
3017446,17.13478882080097
3017447,-0.7315715927489873
3017448,0.8745684604721827
3017449,29.48706824594999
3017450,9.842554756179561
3017451,2.1938487112233633
3017452,0.4662857857402196
3017453,4.427358551331927
3017454,4.555161440365191
3017455,5.073375491456536
3017456,1.3922068703819241
3017457,371.0439879447427
3017458,4.594589193271094
3017459,118.29050728076837
3017460,2.238548229933367
3017461,218.66608643516827
3017462,134.94654436669458
3017463,49.39057284979725
3017464,48.650360930742465
3017465,38.02674574343031
3017466,741.2441197977516
3017467,3.2000116206011375
3017468,2.728420262025131
3017469,3.6510937457670596
3017470,3.5723094659625643
3017471,0.527862860760863
3017472,3.052483188768849
3017473,6.111628696638684
3017474,3.7477849672281014
3017475,2.168646447713029
3017476,34.378159444399856
3017477,3.660810587135159
3017478,98.4769656358132
3017479,36.95480978945666
3017480,0.8553373043289981
3017481,4.7289503988176085
3017482,68.50531304479209
3017483,26.359415619218336
3017484,2.8811506500625477
3017485,2.0218921944804538
3017486,10.323614021801726
3017487,0.5615525937426719
3017488,1.4167150983306056
3017489,1.572171644084774
3017490,179.54962462186273
3017491,2.160999057936424
3017492,46.820255922438704
3017493,-1.1616239528621373
3017494,71.34637838739421
3017495,58.29870857057438
3017496,18.84737356295085
3017497,20.8213439305453
3017498,28.37739707307024
3017499,263.3441586992882
3017500,1.757172521913708
3017501,-0.5928785685952608
3017502,1.2932852819458276
3017503,2.1493517261433226
3017504,1.6074499821536303
3017505,1.6848727816762041
3017506,0.8244139010338404
3017507,1.3953887781740195
3017508,2.8463326425765993
3017509,28.996306533092245
3017510,1.3715897737667184
3017511,45.62758585416068
3017512,12.924091184917998
3017513,1.0776228196036755
3017514,2.5157041077957185
3017515,23.04210365395462
3017516,11.927063155367904
3017517,2.5332471139591872
3017518,1.1339195039140395
3017519,3.920930060873143
3017520,-1.4850261908510585
3017521,-3.3985535796717157
3017522,-1.984222938823368
3017523,95.3962326567169
3017524,-2.779315493021277
3017525,50.50974665389563
3017526,-3.023139889248996
3017527,72.26243911751851
3017528,31.41924326700653
3017529,17.243329713518033
3017530,7.9519538804571495
3017531,7.355624819082173
3017532,254.0341365535952
3017533,0.8801386354777537
3017534,-0.8969817031814342
3017535,-1.519601749378369
3017536,-1.1476528310960452
3017537,-1.4914794384885568
3017538,-1.3395875527645582
3017539,-0.7561413585332661
3017540,-1.4456740293231154
3017541,-0.49262429149787523
3017542,14.086043323543903
3017543,-0.6702627944156734
3017544,52.50455175017182
3017545,23.371216179711347
3017546,-1.472654190301571
3017547,-0.7588139033368748
3017548,27.196377130369086
3017549,6.4481980639097785
3017550,-0.9945497573989518
3017551,-0.8198450891464995
3017552,1.5993908710708022
3017553,-0.9579369605011016
3017554,-2.83604994520545
3017555,-1.8380105445593653
3017556,250.90173795261435
3017557,-2.8382857659658476
3017558,91.0415667966684
3017559,-4.336828657203296
3017560,105.46404511689282
3017561,82.02938365619106
3017562,34.16396814783802
3017563,32.15609196621634
3017564,27.372885635963613
3017565,434.67554238414846
3017566,0.3794096064685368
3017567,-1.1185935925053194
3017568,-0.10288903918176172
3017569,-1.1632706377200226
3017570,-0.389412715540318
3017571,1.1432027772633162
3017572,-1.379338677167077
3017573,2.0780441360830015
3017574,1.5786530595189037
3017575,45.405444258644565
3017576,1.1082314922302907
3017577,52.89209413174885
3017578,24.51319804305541
3017579,0.5943732222304903
3017580,0.3932819948560724
3017581,43.888073776470804
3017582,15.057620758359546
3017583,0.17532844483531565
3017584,-0.15403906348955165
3017585,1.4938461765503894
3017586,2.331217531252187
3017587,1.992382191926008
3017588,1.1152774381152994
3017589,163.26608414645858
3017590,0.38846964629570724
3017591,78.38316306547982
3017592,1.1320483140074067
3017593,112.55561015077038
3017594,41.99564497049374
3017595,33.09316997208661
3017596,19.48649608599255
3017597,8.148807005759467
3017598,482.0576736433069
3017599,0.660497602650696
3017600,0.31054339544346704
3017601,-0.34719280649299206
3017602,-0.646962940570945
3017603,-0.8184852361391928
3017604,-0.9691548460825175
3017605,-1.7281061211624795
3017606,1.7329436875626678
3017607,1.2763355174933282
3017608,22.147966998040403
3017609,-0.6929412511503938
3017610,30.12010667080046
3017611,28.495482386997182
3017612,-0.23647237423853545
3017613,1.1960883363813377
3017614,26.898841606956715
3017615,6.904735319816075
3017616,-0.7113187089993402
3017617,-0.5713636251072853
3017618,1.272873518068384
3017619,-3.550809781908756
3017620,-5.657244893824682
3017621,-3.146995550709107
3017622,11.825457865193894
3017623,-4.8176939209215925
3017624,3.2600113735326888
3017625,-5.405952416535293
3017626,-1.3869370832714774
3017627,0.6144454931147629
3017628,-1.255275108241185
3017629,-1.8107256445486566
3017630,1.3509231862967361
3017631,-29.954354542101065
3017632,-1.482193365501032
3017633,-3.429062972915187
3017634,-1.648818297616697
3017635,-2.143814601260226
3017636,-0.635497060784935
3017637,-1.8322043621192166
3017638,-3.2410581865008017
3017639,-3.2533269664330757
3017640,0.0014587085969584024
3017641,7.846520418560151
3017642,-2.0147527254882767
3017643,4.174707099408418
3017644,4.618119451399119
3017645,-1.3820807680885152
3017646,-2.7829123503822735
3017647,2.7858679289293766
3017648,1.6489229139795976
3017649,-1.2752177503871167
3017650,-0.8107706737794319
3017651,-4.164705058973183
3017652,1.3289525470063381
3017653,4.308355222552928
3017654,-1.1249957315269787
3017655,600.7846671839596
3017656,0.28554344683099764
3017657,152.1776114424512
3017658,2.6833366879003004
3017659,307.66895325490896
3017660,226.8398182541896
3017661,64.24421061185498
3017662,89.8754624696539
3017663,69.43155954627188
3017664,1061.7767730170688
3017665,14.05708827946677
3017666,2.835903663181307
3017667,4.938870390894517
3017668,1.9655174607675507
3017669,3.2971748862943424
3017670,1.8657578048326469
3017671,5.232972752532368
3017672,5.2224036424596125
3017673,6.120578730562956
3017674,50.9251633764317
3017675,2.9776311471602455
3017676,155.84504814785058
3017677,53.24703516893591
3017678,4.393155227615862
3017679,4.5268465632553125
3017680,102.25198697312582
3017681,65.02512437266348
3017682,4.6805109075847575
3017683,2.749020589342181
3017684,20.215692739187
3017685,-0.5413504609746451
3017686,-0.3540377731116314
3017687,0.33110038317478024
3017688,66.2705475774
3017689,-0.1465074007665681
3017690,23.721075207337563
3017691,-1.10951703263534
3017692,59.941894348621865
3017693,14.662008488167196
3017694,12.762814579437325
3017695,9.573560966739024
3017696,5.593521328073789
3017697,221.05441537853605
3017698,1.6892183199184296
3017699,-0.7114889563012616
3017700,0.20138119916976618
3017701,0.38949611241048154
3017702,0.8547601521082764
3017703,0.5103341700919486
3017704,-0.6200140495885058
3017705,-0.7507203638421266
3017706,1.8727160407309498
3017707,17.19788179863382
3017708,-0.03489328542019171
3017709,14.304703014983783
3017710,17.82369320793677
3017711,-0.031461856825633294
3017712,0.3842895689637885
3017713,13.048612204088233
3017714,4.025095514351844
3017715,0.4677375858101664
3017716,0.2597009150664894
3017717,0.31160199970162694
3017718,0.4688010949539967
3017719,-0.03236725563594518
3017720,-0.8558170254749349
3017721,129.04248845984674
3017722,-0.5983115786341295
3017723,63.529464544866464
3017724,-0.424975662254401
3017725,154.48113012313758
3017726,37.01782484903928
3017727,26.184722980770786
3017728,13.304498174509316
3017729,9.021982197925972
3017730,519.8632555381498
3017731,1.988538001705049
3017732,0.5088274538517658
3017733,-0.5467226257267317
3017734,-1.6756212892047984
3017735,-1.2188735352400974
3017736,-0.678744602704544
3017737,-0.3493671776267069
3017738,-0.37794001512171915
3017739,0.905285521172948
3017740,8.664457631293219
3017741,-0.8343332508098025
3017742,38.62375267085699
3017743,33.11777902527319
3017744,-1.4043224827773224
3017745,1.1049747928265718
3017746,14.328846681767748
3017747,7.974400538902003
3017748,-1.749100676232963
3017749,-0.3825993504544454
3017750,0.0473474188129262
3017751,-1.210892760905117
3017752,-1.4498636726460248
3017753,-0.17311963431100597
3017754,58.380959965601804
3017755,-1.0301207422289007
3017756,21.761086295354474
3017757,-1.9370602493835032
3017758,60.51869830945928
3017759,12.423255306049832
3017760,12.208915742809259
3017761,8.171010476545488
3017762,3.3060289867141774
3017763,236.8045450514955
3017764,1.1932233869747073
3017765,-0.9777258733960549
3017766,-0.41504911355478497
3017767,-0.21172510426208418
3017768,0.3824605730301778
3017769,0.1708343999335125
3017770,-1.2709580170440382
3017771,-0.750698394350045
3017772,1.455562325636631
3017773,25.017044211727544
3017774,-0.29945577346480373
3017775,14.644139589829821
3017776,19.33095768536342
3017777,-0.5799630093836528
3017778,-1.3423279880456607
3017779,12.39237061872041
3017780,3.238045588732341
3017781,-0.26213886051679536
3017782,-0.3290267609393118
3017783,-0.3296257585807029
3017784,0.8076775879791729
3017785,1.0775566994666348
3017786,1.6511748028993807
3017787,104.55548927306893
3017788,-0.30585521797324533
3017789,42.156849448912155
3017790,-0.38908018968242686
3017791,152.25612154985544
3017792,25.6666935953698
3017793,23.7121574196981
3017794,18.553926412332487
3017795,1.6975807216014804
3017796,458.514251297351
3017797,1.283125091172617
3017798,-0.19665194978476166
3017799,-0.6884180096719081
3017800,0.7642821794901886
3017801,-0.4155613700756726
3017802,0.3486919490711739
3017803,0.5153713762422125
3017804,1.0714998958975832
3017805,1.7237302967108248
3017806,16.449352768916476
3017807,0.22922019679458805
3017808,33.01032629478231
3017809,31.421415477438863
3017810,-0.5078169094864222
3017811,0.3064828100984289
3017812,14.697342040586474
3017813,7.0701094000108
3017814,0.36343116353284705
3017815,-0.17531017440257865
3017816,0.6304953067450754
3017817,4.9332164874983935
3017818,4.710122216473355
3017819,3.5677388089190574
3017820,237.0181748250268
3017821,4.484739712159317
3017822,134.46176304426447
3017823,3.547342147021373
3017824,146.30033451908744
3017825,38.36129689725272
3017826,39.5604924217657
3017827,20.317145329174927
3017828,20.34629841322787
3017829,679.7514674859472
3017830,4.112735416446915
3017831,2.1872095407704477
3017832,1.2865519238793353
3017833,-0.2000513821681375
3017834,-0.5053104230478924
3017835,0.3907002532972842
3017836,0.9603423942796803
3017837,2.321946383814459
3017838,2.200070153739027
3017839,19.584109971211028
3017840,0.17238373689283665
3017841,38.38772049292696
3017842,43.78847609665098
3017843,1.3087840140223785
3017844,6.390494843856025
3017845,21.885265255901825
3017846,8.248561750701185
3017847,1.1886728640507793
3017848,0.8068226212833111
3017849,3.3576069055419726
3017850,-1.8021786715831207
3017851,-2.9096518249165335
3017852,-0.3623649473001081
3017853,72.14026821435732
3017854,-0.6210546554638372
3017855,16.093196936461876
3017856,-2.878360771910593
3017857,58.385214414623555
3017858,9.167520792735377
3017859,8.36694932167365
3017860,7.034983045093226
3017861,8.303822021275796
3017862,246.01370966599103
3017863,0.22989910312993062
3017864,-1.7631780875325491
3017865,-1.6105301931814338
3017866,1.3147541432844503
3017867,0.3674891895700352
3017868,0.3977785482247714
3017869,-0.7648075505083103
3017870,-1.8322290850222578
3017871,0.2885832668278875
3017872,12.718785019908287
3017873,-0.1361589346576943
3017874,20.79312404319603
3017875,13.909041473759432
3017876,-1.8587386275800177
3017877,-0.44708458673699525
3017878,7.693623161962635
3017879,2.2306117185049086
3017880,-0.765031503780732
3017881,-1.1498098033179427
3017882,-0.28779385330467794
3017883,4.711586281891141
3017884,4.524960087129076
3017885,1.943867176471613
3017886,110.25414229293682
3017887,4.439440450252659
3017888,57.30537946840843
3017889,4.073457841426353
3017890,86.51718672418755
3017891,26.80872632531733
3017892,19.568636506619367
3017893,12.003089173814152
3017894,0.859254217000585
3017895,407.6731254687793
3017896,2.329865429241247
3017897,0.7741458484175677
3017898,0.7592734311910976
3017899,-0.144218268697266
3017900,-1.1068674014693602
3017901,-0.7275607760404523
3017902,0.22790809952373137
3017903,-0.6888492604472117
3017904,-0.4343665556412521
3017905,13.838658814505028
3017906,-0.2500185068096903
3017907,23.689457982249472
3017908,20.398497993955054
3017909,-0.06449138411514241
3017910,1.0997692193684567
3017911,14.078781187983871
3017912,6.0764236888361784
3017913,0.4974906946826309
3017914,1.2772547326327846
3017915,1.639752484139201
3017916,3.0474942508123783
3017917,3.522413073429416
3017918,-0.0137561064937472
3017919,158.97117514147473
3017920,-0.7535374955584849
3017921,74.09841651239876
3017922,2.848183948747683
3017923,172.0583600975424
3017924,94.77086455321805
3017925,21.41619867107176
3017926,27.420928117200603
3017927,33.30894529878715
3017928,560.2394100080446
3017929,7.577914039672098
3017930,2.80028646903974
3017931,2.2667362394454473
3017932,1.2676273156301183
3017933,1.0250229025060185
3017934,0.5733633247584226
3017935,4.548889180321377
3017936,1.035327258200807
3017937,1.0800562710298187
3017938,22.572883398537954
3017939,1.5236751660744199
3017940,51.095057292645535
3017941,32.71421414992229
3017942,0.5850154251574281
3017943,1.7929485361542836
3017944,21.22972753921934
3017945,22.072830767130903
3017946,2.602602297260594
3017947,1.54725125086253
3017948,5.435941284757894
3017949,0.6509044913372055
3017950,-0.4530499629278346
3017951,-0.9914780930113193
3017952,133.70614943907532
3017953,-1.4756455179891055
3017954,73.89016711038326
3017955,0.9413626268231747
3017956,162.86932413506923
3017957,85.31964144680263
3017958,27.836343235819804
3017959,22.58046060407105
3017960,25.707644613930412
3017961,568.9473540970015
3017962,4.588776031862647
3017963,1.006075136013999
3017964,1.146922066610416
3017965,-1.383548489549546
3017966,-0.24342225275337792
3017967,0.06560221264942129
3017968,1.0411672473435034
3017969,0.5793455962700977
3017970,1.5955326214759338
3017971,18.297740236213713
3017972,0.04705269085726527
3017973,35.61977281565184
3017974,35.64930573499146
3017975,0.5135456255274699
3017976,-0.7641683036851532
3017977,17.87269856410031
3017978,19.319845008629486
3017979,0.4182562720930514
3017980,0.21151257144271995
3017981,2.757198643154436
3017982,-0.620638792379541
3017983,-2.694887168275673
3017984,-2.7696125258565734
3017985,153.32907552791823
3017986,-3.351537346281475
3017987,114.0773418430532
3017988,-2.704253779396895
3017989,175.17666477627697
3017990,31.43302445268164
3017991,22.74791134742016
3017992,19.585794609301885
3017993,12.055024927254417
3017994,527.2396963828122
3017995,2.575555446038263
3017996,-1.163907146554236
3017997,-1.0139554896111145
3017998,-2.09327622955371
3017999,-1.388418933753717
3018000,-0.9444468146243594
3018001,-1.5814040994369567
3018002,0.09168802952273154
3018003,0.26192972983895063
3018004,12.43119818777733
3018005,-1.1327262912083529
3018006,23.878549009718146
3018007,38.23053771291725
3018008,-1.5227473700909897
3018009,0.6025260343676132
3018010,13.888700091504607
3018011,8.855957859561123
3018012,-2.0396543039986934
3018013,-1.0665243597566656
3018014,0.06232554022211159
3018015,-0.6924755356907553
3018016,-4.078151291701797
3018017,-2.329352198624801
3018018,177.4198376545342
3018019,-1.6854329807675095
3018020,54.682000194852186
3018021,-2.9252348572056506
3018022,135.79030991666033
3018023,89.40748608688517
3018024,30.071966549479875
3018025,27.6843957198042
3018026,31.33293177976142
3018027,455.60163187563313
3018028,4.272338394420585
3018029,-0.7303349637561042
3018030,-0.3553668889635446
3018031,-0.6399795733976134
3018032,-0.614376333111759
3018033,-0.5613045081429664
3018034,0.3378052789991488
3018035,0.0673157616465323
3018036,1.4542971260241393
3018037,24.734887328594745
3018038,-1.243576953062475
3018039,89.0829358842318
3018040,27.72311599461587
3018041,-0.6733967541767198
3018042,-1.3982406404795618
3018043,51.1632862424627
3018044,22.902705583238056
3018045,1.34584580179966
3018046,0.31765249650336047
3018047,5.36889583948032
3018048,-0.016152571798471627
3018049,0.5441293793982674
3018050,1.521704643716197
3018051,101.5695616893513
3018052,0.4082356051077421
3018053,46.85715505303987
3018054,0.05933330473424575
3018055,140.58544629264588
3018056,24.655584832184395
3018057,23.016000338065982
3018058,16.37871914270368
3018059,4.970148504477984
3018060,496.6409503379259
3018061,1.5455080084656152
3018062,-0.8555343763621637
3018063,-0.665894561344279
3018064,-1.304357607253181
3018065,-0.5479046997090404
3018066,-0.5357023139687658
3018067,-2.0568698478721195
3018068,-0.040892956566234484
3018069,1.404300560744565
3018070,11.639335379153096
3018071,-1.025993290227168
3018072,17.013575656788262
3018073,27.747471468440057
3018074,-0.43148850396318617
3018075,-1.212046427758354
3018076,11.859630019538484
3018077,6.375147736168249
3018078,-0.7060947261884882
3018079,-0.36849739796033987
3018080,-0.4641488552615862
3018081,-0.047970867277350636
3018082,-0.526858263160708
3018083,0.6284664759482019
3018084,96.12676699261615
3018085,-0.037462071850774215
3018086,42.213605098790694
3018087,-0.8762334911617655
3018088,96.8878209749677
3018089,45.590474318313426
3018090,21.489694679263824
3018091,13.77167304914253
3018092,15.165300988907402
3018093,339.21005032109025
3018094,2.3656194701891877
3018095,-0.42474074508802684
3018096,-0.22164614087606763
3018097,-0.37437489010895086
3018098,0.6102195953909472
3018099,0.3994701606268359
3018100,-0.4149185363497668
3018101,0.2713555308846173
3018102,2.2135873857985704
3018103,14.373484480514058
3018104,0.30438826847038625
3018105,26.238290780593843
3018106,22.85672758276342
3018107,0.6101924390759144
3018108,-0.22661997989194227
3018109,14.313172583491863
3018110,9.362438751845579
3018111,0.7405905050890998
3018112,0.09067222072536082
3018113,1.5472638747105576
3018114,-2.018929835486415
3018115,-4.315141660014124
3018116,-0.6908715909989406
3018117,0.7984397571655428
3018118,-0.479829920745906
3018119,0.02710475478124863
3018120,-4.939690743063474
3018121,-5.931291158702006
3018122,3.8498645109967766
3018123,-2.866138469727739
3018124,-1.018837258922649
3018125,7.561354053605173
3018126,-27.0412516526501
3018127,0.3949463371262322
3018128,-2.136465466926573
3018129,-0.7835823504027281
3018130,0.2332762982650024
3018131,0.6380501436303826
3018132,0.20170689711772186
3018133,-2.56866930594352
3018134,-2.8252174091525806
3018135,0.2959457541278175
3018136,5.300845920177373
3018137,-0.48970095506706235
3018138,5.260091064474866
3018139,2.1825748870176476
3018140,-0.5693730757599839
3018141,-2.1781007998425115
3018142,2.8043864631565816
3018143,1.9128648967391495
3018144,0.4491250211675583
3018145,-0.1370519279907671
3018146,-0.7564038058797883
3018147,2.1650379232242267
3018148,2.6629709687871945
3018149,1.1913087931683548
3018150,332.8263475914802
3018151,1.9330631805671874
3018152,43.92892895687888
3018153,0.32300924508679596
3018154,137.7635549560315
3018155,18.384054674511354
3018156,22.651922242785076
3018157,13.215446908745726
3018158,9.385559182736127
3018159,478.8190150255531
3018160,3.189082987393042
3018161,1.1737999687403795
3018162,2.6800834755257466
3018163,1.0267923892069961
3018164,0.7605390068843484
3018165,-0.47738777635106777
3018166,1.1599558505336904
3018167,1.155789754267273
3018168,1.6517734972596303
3018169,22.70742180395478
3018170,-0.44250560794881266
3018171,29.531372955048457
3018172,25.73299264266486
3018173,1.4400464678835054
3018174,3.3594181478103495
3018175,19.838458919327998
3018176,8.205661597560823
3018177,2.3671688756165463
3018178,1.3968052250378173
3018179,2.9465805200042383
3018180,3.333592449363823
3018181,-1.7024250783258685
3018182,-4.942403090546941
3018183,700.2462783380488
3018184,0.5854477759609646
3018185,172.99270863816454
3018186,-5.344550506964916
3018187,376.2616719354055
3018188,294.1019702168999
3018189,89.18188973913551
3018190,105.8784351150965
3018191,91.7573359147994
3018192,1198.401356781632
3018193,13.861809596370694
3018194,0.17707498057683552
3018195,6.129342605381208
3018196,1.0113452461776613
3018197,2.298134359191463
3018198,1.806899136736174
3018199,2.916466412579793
3018200,1.9321428971156636
3018201,3.714717107791512
3018202,73.05045676464854
3018203,2.9266125893456048
3018204,230.25096713233665
3018205,67.06255824984135
3018206,-0.23264983957738877
3018207,2.218877010158285
3018208,117.33578921573947
3018209,82.40647050248369
3018210,5.304530175785294
3018211,1.7617827977268825
3018212,20.95620641479396
3018213,1.4215368752720314
3018214,3.2048389501587735
3018215,-0.53299485307296
3018216,486.40791276758887
3018217,3.084925617938752
3018218,130.54592453885118
3018219,-0.8756165593393599
3018220,321.2877310971671
3018221,197.0373476297371
3018222,82.91207616346023
3018223,70.67762689908567
3018224,75.82795561238746
3018225,1188.9796170231498
3018226,13.488315139792647
3018227,1.7552985794184859
3018228,3.7118557667451024
3018229,4.390416034498121
3018230,2.6547844902813087
3018231,2.247916804081833
3018232,5.106700251622278
3018233,2.1466837008718356
3018234,3.7794047576849694
3018235,47.437696542080445
3018236,1.716558254509946
3018237,232.65483447897705
3018238,64.16397012380276
3018239,1.6137553891290373
3018240,3.4155469653309773
3018241,119.0335064649252
3018242,54.53996150773626
3018243,6.216762666202376
3018244,2.2928783113241296
3018245,18.21345286511834
3018246,-4.009628378569286
3018247,-8.09741641676428
3018248,-1.2659661564861746
3018249,329.88683876079654
3018250,-5.565070836747
3018251,83.32036386568383
3018252,-8.104153073932357
3018253,297.16534246661064
3018254,135.58696366169116
3018255,99.61416096002947
3018256,29.797022125397707
3018257,50.60563797667797
3018258,999.4457286796926
3018259,5.8493330963614785
3018260,-1.051117062874364
3018261,0.48137929793298095
3018262,-0.63865359873329
3018263,0.6612766607255617
3018264,0.9168613957176421
3018265,0.6267515613623618
3018266,-0.024272851839450604
3018267,3.3915610235322675
3018268,32.51956550967698
3018269,0.9478862874861079
3018270,266.29251019882395
3018271,76.75603461989918
3018272,-2.4757669246051592
3018273,-2.035672099290132
3018274,130.75717000857145
3018275,33.40264763025404
3018276,1.3617417408042458
3018277,-0.9095347960458094
3018278,8.321284607804593
3018279,1.448170175791347
3018280,0.11873853728149686
3018281,-0.09681462885717351
3018282,434.12094547631716
3018283,-3.103980097145941
3018284,125.08829694469392
3018285,-4.081755259181919
3018286,298.2981916022086
3018287,172.7593013728873
3018288,87.76000228068945
3018289,52.1540841499871
3018290,55.29554617113143
3018291,1043.385494993508
3018292,7.10560737807431
3018293,-2.0684541808372523
3018294,3.187557245226599
3018295,0.49056100869151115
3018296,1.4464464989925907
3018297,0.5001974715140385
3018298,-0.2653527371624296
3018299,0.09644030267987541
3018300,2.4217739208105193
3018301,36.1122131497482
3018302,0.037864952066956725
3018303,190.19760634813233
3018304,69.71345213904237
3018305,0.08472249488924721
3018306,1.9103446931634607
3018307,120.78205795783873
3018308,44.16703703531424
3018309,2.8581179242272263
3018310,1.18164839980931
3018311,11.164015857606174
3018312,-2.525762908719444
3018313,-8.511470727694068
3018314,-0.6712057519371593
3018315,238.9250010083756
3018316,-5.765840157472521
3018317,85.76891319262234
3018318,-9.374602486758631
3018319,245.35820289558052
3018320,104.92485553067473
3018321,79.55752804090653
3018322,19.55095535378794
3018323,34.36890288266703
3018324,813.4322767227443
3018325,5.615303902195701
3018326,-1.5838811172246279
3018327,-0.5516764942085501
3018328,-1.9826402518027315
3018329,-0.13724294346335242
3018330,0.15888403100623694
3018331,-1.4115217921173826
3018332,-1.6444529954003158
3018333,2.411735635900259
3018334,28.58528069121523
3018335,0.08431047025274885
3018336,205.79734514744987
3018337,67.29540308874526
3018338,-2.241239214864072
3018339,-1.4296481957186553
3018340,109.17986647095273
3018341,26.969783983875935
3018342,0.06731340849011747
3018343,-1.0903058897545637
3018344,4.799765849853902
3018345,1.9968232371021075
3018346,2.523060902966572
3018347,1.543603401632644
3018348,343.9944036488852
3018349,3.1170482158508452
3018350,86.82232293945235
3018351,-1.7563038740990669
3018352,164.61139813839083
3018353,143.83766162707298
3018354,44.68773410270463
3018355,50.36634459518427
3018356,53.02666221316118
3018357,604.3087686236852
3018358,10.276209569205784
3018359,0.8550595198112205
3018360,3.5458633635028307
3018361,2.018030694347326
3018362,2.206658118200139
3018363,1.8336958491963014
3018364,1.0538752249893513
3018365,1.0490529973594311
3018366,3.1167478038949774
3018367,37.57615584990813
3018368,0.33402557113273357
3018369,122.85255822698957
3018370,32.64487867544351
3018371,1.9011306846090519
3018372,4.669283456142548
3018373,56.466280859492144
3018374,43.0633556014593
3018375,4.843538286449148
3018376,3.705175699799401
3018377,12.617698688043056
3018378,-0.24283134391749633
3018379,-1.203390170700732
3018380,0.5907505483887872
3018381,140.01198328349375
3018382,-1.4658388198599277
3018383,62.20612373821085
3018384,-2.118990501319204
3018385,174.07656225665121
3018386,64.4322132737987
3018387,37.0422621571831
3018388,25.242961097025436
3018389,26.46615044695522
3018390,515.038611571747
3018391,1.8552646094677765
3018392,-0.7122258963374771
3018393,0.30048594489657265
3018394,-0.9707162742445143
3018395,-0.14935200009898836
3018396,1.3616736798105193
3018397,-1.7505484825598252
3018398,0.6815168728765275
3018399,4.9024622544447265
3018400,19.040948848450245
3018401,-0.29951834039729874
3018402,66.43652950242276
3018403,35.83665664546672
3018404,0.24139527139974234
3018405,-1.0569667122385726
3018406,34.14594322539
3018407,19.595357423455354
3018408,1.304683616311522
3018409,-0.8739808258682024
3018410,2.281035780995662
3018411,1.1562516291505924
3018412,-2.028018762204429
3018413,0.1672408538367927
3018414,236.2143889835231
3018415,-0.8258267624125255
3018416,74.32252980697851
3018417,0.12599863279838242
3018418,240.71262549010083
3018419,94.81696597731528
3018420,61.175594592200824
3018421,19.09921746431168
3018422,27.751570795486913
3018423,846.127604480541
3018424,7.478896934523236
3018425,-0.06529509165249694
3018426,1.189835575454872
3018427,-1.0111825629342457
3018428,0.3959169218585339
3018429,-0.6504569420018924
3018430,-0.6000495020774906
3018431,0.17182098042900176
3018432,2.398153125834251
3018433,22.853114158854986
3018434,0.21540666196104186
3018435,133.00975562386463
3018436,52.9540700997927
3018437,-0.6801663688540066
3018438,-0.5136384428730344
3018439,53.90972769728559
3018440,24.7294681968931
3018441,1.5366471816340708
3018442,-0.6314767539910464
3018443,4.380727223729882
3018444,4.280896623441695
3018445,8.54548276065445
3018446,2.2913614596665504
3018447,499.7269342010681
3018448,6.178586881411793
3018449,142.4641000024618
3018450,3.4709464594770183
3018451,242.65432485102798
3018452,185.51601054851318
3018453,54.67735953228872
3018454,66.71110364991709
3018455,66.85428292194084
3018456,819.3598205240557
3018457,6.036600026508568
3018458,0.407620893626663
3018459,3.935752817229113
3018460,5.8304337130927895
3018461,2.056394522904193
3018462,2.9431379641479727
3018463,6.389680872180907
3018464,2.3545546742437726
3018465,2.1392502967435942
3018466,42.87687698450969
3018467,3.4300428677447052
3018468,148.23447997627784
3018469,39.6314326488788
3018470,1.4371419902120033
3018471,5.376525141068159
3018472,82.31842184634067
3018473,36.56659042208881
3018474,6.441499028668077
3018475,2.9592928272298376
3018476,17.097560222156204
3018477,2.4520997079697495
3018478,-0.5421229975089286
3018479,2.5789443630992848
3018480,-3.699997582525617
3018481,4.148932579817623
3018482,-1.1524857505211603
3018483,-0.17069112620263716
3018484,-3.961824388748264
3018485,5.992108158217907
3018486,-2.326757487993224
3018487,-0.47989937168495655
3018488,7.263334960943029
3018489,-12.404061323422066
3018490,3.032789007456031
3018491,-0.10026031121886264
3018492,-0.7760558159678532
3018493,1.8078014000958444
3018494,1.8093118912317185
3018495,0.24451025248114092
3018496,0.036498738091868266
3018497,-1.0132791247070292
3018498,1.2138394978480336
3018499,5.596666013962253
3018500,0.06166200097753971
3018501,10.18181977498769
3018502,-2.416811133509169
3018503,-0.5379598463876266
3018504,1.2847170882166334
3018505,1.3085507842946753
3018506,4.443940036278654
3018507,4.117716383539022
3018508,0.5839276597091646
3018509,1.236268687787391
3018510,1.2604132758368667
3018511,2.2540489748023846
3018512,1.6887554669852702
3018513,6.2865365524720564
3018514,2.757707469990086
3018515,-2.127623181370624
3018516,0.38449805047397595
3018517,-0.9388208529924487
3018518,-3.044364161682988
3018519,-0.8115451356865617
3018520,-0.9019544996276511
3018521,1.717795579499216
3018522,-5.608113215205085
3018523,1.5930487212258049
3018524,0.991623493177376
3018525,0.11050844469922017
3018526,2.527410917055271
3018527,1.1170560231033049
3018528,0.8212215186321373
3018529,1.2163985361596135
3018530,-0.5616214109904343
3018531,0.5280164942482349
3018532,2.7281218332029438
3018533,0.5295836070777113
3018534,0.23333309927662393
3018535,-1.4605608552814613
3018536,-0.24267403095053514
3018537,0.8310262813624228
3018538,-0.803787013395122
3018539,0.5428617186319025
3018540,1.5880436440659231
3018541,0.7692307454241506
3018542,1.1654841429140412
3018543,0.21164741737278744
3018544,0.6022618708375194
3018545,0.2765559138195203
3018546,86.44225094014398
3018547,-0.014981930534504584
3018548,30.41440355099772
3018549,2.1081113530706173
3018550,129.50639924804148
3018551,6.718777863353007
3018552,16.78031835941976
3018553,7.30869367508114
3018554,3.1562733435151316
3018555,354.86690809237246
3018556,2.6334585106971393
3018557,0.776118189436686
3018558,0.6023583892255306
3018559,-0.25575945677576556
3018560,0.23924799429497626
3018561,-0.1874584181327259
3018562,-0.23984799302718554
3018563,0.10263163574297551
3018564,1.735152694609344
3018565,9.3845977213827
3018566,0.21799422382116285
3018567,5.252415344911507
3018568,20.63190487257681
3018569,-0.03425629129033725
3018570,0.2644609952341602
3018571,5.938393521814389
3018572,7.454333665619663
3018573,-0.06495350429548807
3018574,0.4675468611578913
3018575,0.2832779284727007
3018576,0.9212840665316617
3018577,-0.540146422861044
3018578,0.09852926618990737
3018579,228.71236246486865
3018580,0.5932449837782768
3018581,64.40130200492354
3018582,0.5406037439411739
3018583,174.3788148559742
3018584,93.57190129495268
3018585,40.141448446539755
3018586,32.99178226976979
3018587,35.90066927003973
3018588,597.2883727064078
3018589,6.266205798255178
3018590,1.4081358659033867
3018591,1.4693646214018372
3018592,0.5443383114622612
3018593,0.5169042627032832
3018594,1.3082456434369307
3018595,1.890162939112297
3018596,1.0851040697725693
3018597,2.0478447296715965
3018598,27.616966922538232
3018599,0.9517825210556838
3018600,99.64644734203502
3018601,31.360401749308437
3018602,1.1912601247903514
3018603,0.6809173054959956
3018604,66.68600083881124
3018605,24.340301269127302
3018606,2.922655624207573
3018607,1.461148181607059
3018608,6.638662676061386
3018609,-0.7555262433602186
3018610,1.9589906951510057
3018611,-3.093882944860779
3018612,313.6694585361771
3018613,1.135579347555176
3018614,86.00281241524314
3018615,-4.489151951594977
3018616,165.6812809636303
3018617,139.53748242301415
3018618,32.6755211553966
3018619,49.31570924708245
3018620,44.02975654640773
3018621,518.1115979336838
3018622,6.732856015224751
3018623,0.9615682021849352
3018624,1.8868779969837486
3018625,3.0341707645431963
3018626,1.1777273079262158
3018627,2.1100484639709975
3018628,4.128602661603217
3018629,0.8805964681244949
3018630,2.7045777487751548
3018631,38.5582354869763
3018632,2.720442306828445
3018633,125.73341866719008
3018634,30.465437467463854
3018635,-0.056566010732421956
3018636,1.9358884470805788
3018637,54.07429888602833
3018638,32.991761653589705
3018639,4.221726782804253
3018640,0.19459987558140707
3018641,11.334138648407897
3018642,1.6978547161753523
3018643,4.810544081309491
3018644,-0.21409434346027412
3018645,340.6869635225649
3018646,1.5058839254993654
3018647,94.20409132664882
3018648,-2.948322862296627
3018649,194.52694703248142
3018650,156.67027437527997
3018651,41.9244318948429
3018652,55.09507841652976
3018653,39.109117869810575
3018654,626.1240521592258
3018655,7.102821605153912
3018656,1.1786568087027263
3018657,2.819505412386097
3018658,2.072035220604266
3018659,1.7854035500693861
3018660,2.690340642477058
3018661,3.316389840825577
3018662,1.847435065659738
3018663,4.345949754093526
3018664,37.36148524770611
3018665,3.218329147176373
3018666,122.57633985546937
3018667,37.379157633578075
3018668,1.0584342286945683
3018669,1.5406649501205902
3018670,55.63771208995509
3018671,37.763123183069006
3018672,3.1262213620086916
3018673,0.8990648702215185
3018674,11.32313089209645
3018675,-0.08499568137031022
3018676,-3.569916626160521
3018677,-1.1127878750900708
3018678,214.30860395981455
3018679,-3.5533111739490053
3018680,83.90614539500523
3018681,-0.8945443786208853
3018682,232.21341762237955
3018683,50.36614742606183
3018684,65.45069075570768
3018685,22.1506099866602
3018686,8.19904115386409
3018687,737.2303505252955
3018688,0.708898271154103
3018689,-0.2557729354796538
3018690,-0.44884659889059547
3018691,-3.8697701795297323
3018692,-2.235136657833682
3018693,1.5256711790039845
3018694,-2.721042367425216
3018695,1.0788001010201334
3018696,1.884873578855586
3018697,13.956067259944684
3018698,-1.0485672095844347
3018699,68.2549665580473
3018700,48.77084858090555
3018701,-0.716503520144106
3018702,-4.423048169961912
3018703,61.41892578266136
3018704,11.79698321917218
3018705,-1.6394605854745168
3018706,-2.1353589121782717
3018707,-0.0033957360810381865
3018708,-5.047254302904766
3018709,-7.521598937274398
3018710,-3.1400242762996644
3018711,166.08721114120272
3018712,-5.9642129708675204
3018713,47.0043399140863
3018714,-5.7875911284150785
3018715,94.39903038333068
3018716,82.87329048577973
3018717,23.427403611258633
3018718,26.488562449522426
3018719,27.37562732276325
3018720,305.51406507376214
3018721,1.918062576099328
3018722,-3.1721112699890366
3018723,-2.1499288635925042
3018724,-2.261797105698861
3018725,-0.815153758761444
3018726,-0.7856937453196589
3018727,-3.6538182123289884
3018728,-0.5006810051154025
3018729,0.8457514917630761
3018730,26.503622444318715
3018731,-2.270094357322014
3018732,60.91718013485391
3018733,19.925507108984092
3018734,-1.9479285212737159
3018735,-4.187619713352182
3018736,32.69048269076338
3018737,15.319541238982055
3018738,0.39221076811518274
3018739,-1.1629376914829483
3018740,0.8153445999463291
3018741,-6.589290213822533
3018742,-9.671261430122327
3018743,-5.126736455112914
3018744,132.59921200765552
3018745,-7.38174962910387
3018746,22.45252562393165
3018747,-6.9346627478003215
3018748,156.69093230664834
3018749,23.901135318223677
3018750,39.71047075725888
3018751,3.9647313530401105
3018752,7.311252211040774
3018753,442.7409787442248
3018754,0.49157522303296
3018755,-2.065816509160795
3018756,-3.887761175763044
3018757,-3.3970024790138997
3018758,-1.5514370707015406
3018759,-1.9296925946720875
3018760,-3.7674850880750452
3018761,-1.4771273946944712
3018762,-1.0526851987755437
3018763,11.884723441279457
3018764,-2.213350847324764
3018765,43.100785074044694
3018766,33.1561900707252
3018767,-2.716626975628569
3018768,-3.689962345438439
3018769,30.58970509752522
3018770,5.7252774919628795
3018771,-2.8054761280282037
3018772,-1.8597023646052186
3018773,-0.8571745183767052
3018774,-5.537403035403222
3018775,-5.579142660286275
3018776,-5.042119461989168
3018777,536.4814755667824
3018778,-7.4397707731820635
3018779,109.5412108196934
3018780,-8.746916778967243
3018781,339.18851759759286
3018782,40.00264179731941
3018783,55.76197767049071
3018784,15.074225856857625
3018785,13.642785563668149
3018786,1042.855363835159
3018787,-0.11276114289947148
3018788,-3.1646566745742533
3018789,-2.620995733130767
3018790,-4.049281373638841
3018791,-2.1261188429613687
3018792,-0.9517631876794985
3018793,-2.628771051553376
3018794,-1.2784776477930062
3018795,0.8667048706211791
3018796,11.766347841686876
3018797,-1.871589994214919
3018798,114.75893608627284
3018799,59.07606530057532
3018800,-2.2770216032903408
3018801,-2.2312248510821564
3018802,74.14486105219697
3018803,6.57276509428244
3018804,-3.8282243826313063
3018805,-4.681871968981795
3018806,0.04130947874142299
3018807,-0.3737716642524174
3018808,-0.26414648898870385
3018809,-0.876651238264967
3018810,180.94889287051373
3018811,-0.8560992167162476
3018812,41.340477664346324
3018813,-1.1614094102552917
3018814,162.44993434207268
3018815,26.47955212144021
3018816,30.136651129637904
3018817,9.988748929054267
3018818,1.3359393654637097
3018819,497.71453624102367
3018820,2.206034941492926
3018821,0.5279399797517363
3018822,-0.3707067493832255
3018823,0.3864217279428521
3018824,-0.2839151240342289
3018825,-0.5050134849543428
3018826,0.5540811291616956
3018827,-0.611150555543154
3018828,1.2608442143682077
3018829,11.371851008223475
3018830,-0.9212502491611849
3018831,29.84961128511981
3018832,29.1512024406345
3018833,-0.7000534914049603
3018834,0.5421565824576965
3018835,15.462075771011568
3018836,3.283115649854244
3018837,0.3075949019532891
3018838,-0.2750626858398573
3018839,1.107461997515111
3018840,-0.5672847052612633
3018841,-0.15014751028320927
3018842,-1.0710957919732755
3018843,180.6731608379962
3018844,-0.6483134501310996
3018845,39.54578209130639
3018846,-1.5744288184716426
3018847,162.28636596935496
3018848,25.701657208086836
3018849,28.63679508437315
3018850,9.499573954186776
3018851,5.93337240038978
3018852,535.3306348704089
3018853,2.38682733297881
3018854,0.3993863350216089
3018855,-0.2789149317308147
3018856,0.5524568514481325
3018857,-0.20218085236132538
3018858,-0.5998051463196498
3018859,0.8833212271181946
3018860,-0.7209775228682156
3018861,1.0749417994921713
3018862,10.771543870899933
3018863,-0.7594827674600856
3018864,30.91636568136504
3018865,30.469192973766603
3018866,-0.45749197331371755
3018867,1.0697456258219744
3018868,16.42171525897951
3018869,3.4636734353209064
3018870,0.8413721797349172
3018871,0.012797485875289533
3018872,1.487999516430482
3018873,0.6824557141376136
3018874,1.9717289332016616
3018875,-0.6170343454912653
3018876,129.49912647720413
3018877,2.112664555735537
3018878,41.770368562951475
3018879,1.869754048501927
3018880,246.21391447188725
3018881,28.47329942041295
3018882,28.793934875655324
3018883,13.929449579443531
3018884,11.92035656963606
3018885,652.5970800329872
3018886,4.945128590704256
3018887,2.229988011518392
3018888,1.7575109431522948
3018889,2.778738738130735
3018890,0.34461241773096163
3018891,1.4188378842598037
3018892,4.300524705185919
3018893,2.0149044693445033
3018894,2.5366647314203803
3018895,14.260717722182083
3018896,1.4309857422155186
3018897,79.17697667818352
3018898,50.195127182069285
3018899,-0.7620271608397231
3018900,0.5348843557482064
3018901,18.84283894575364
3018902,8.691215538505341
3018903,2.653431991314203
3018904,0.6291876670523129
3018905,4.51661319454138
3018906,-1.0647673390434649
3018907,-1.0372634127627727
3018908,-1.018788399769037
3018909,177.6393696029971
3018910,-2.0874738224607428
3018911,34.19496798408531
3018912,-1.2834498165485275
3018913,173.6448883807812
3018914,26.246087191346597
3018915,38.10090609971347
3018916,8.47961125930698
3018917,1.2091482378009322
3018918,566.4165938285828
3018919,3.3687331192684544
3018920,0.8694488535005622
3018921,0.02590024365259523
3018922,0.09677440489196668
3018923,0.3062721086440615
3018924,-0.6170613448925177
3018925,0.19640830744820048
3018926,0.06925177555383927
3018927,2.011441284918492
3018928,11.335375307162922
3018929,-0.9927817274776498
3018930,25.417577419553616
3018931,33.0608015867484
3018932,-0.5055461595167252
3018933,-0.363796838352705
3018934,13.360766870802891
3018935,3.691245107948216
3018936,0.098446495415792
3018937,-0.8596664485474868
3018938,0.35504516430903094
3018939,1.644925245886261
3018940,3.2648400716095014
3018941,2.78379348088245
3018942,129.36304391001818
3018943,2.7077226436730415
3018944,48.21125265466246
3018945,2.127442760522536
3018946,201.59865589427645
3018947,24.48901658769202
3018948,41.97322383289342
3018949,23.178718871814848
3018950,8.504951812977037
3018951,591.1320634163769
3018952,3.9981274792817203
3018953,0.05794468526684793
3018954,0.8861815119613674
3018955,0.06904854595246435
3018956,0.9136218494575223
3018957,-0.36694622973314833
3018958,-0.06589304096945853
3018959,1.7621815656807303
3018960,3.571632224380046
3018961,16.171161904747095
3018962,-0.554174336159631
3018963,23.45641246416657
3018964,39.22259925545535
3018965,0.9449789381640947
3018966,0.4610741413082313
3018967,19.762290267612553
3018968,8.203273214914699
3018969,1.9602135531322347
3018970,-0.35464923404641013
3018971,2.0121542500629586
3018972,-4.0231576457567275
3018973,-1.826046824705195
3018974,-1.1642761150137084
3018975,244.9884866787047
3018976,-2.9359171556387444
3018977,42.95022375548382
3018978,-3.991659324814391
3018979,181.12884847952898
3018980,49.22196282372853
3018981,49.86328021351524
3018982,21.904762632886555
3018983,13.431733496645414
3018984,602.1281466900531
3018985,3.819710732133208
3018986,-1.498504911374912
3018987,1.2071694274463152
3018988,-1.9422785309913162
3018989,1.0139566159559399
3018990,-1.8578654209723757
3018991,-1.878361274666677
3018992,-1.1056390070167983
3018993,2.122310429493555
3018994,16.252392223931786
3018995,-2.6151412916697154
3018996,48.55898682837578
3018997,33.164704771000906
3018998,-0.8917152111365795
3018999,-0.9161254239787058
3019000,45.949458415447666
3019001,11.150943218001448
3019002,-0.03971534849970337
3019003,-0.37915012338595266
3019004,0.7412242249108385
3019005,-1.4503670028051054
3019006,-5.077840693326839
3019007,-2.466370288576982
3019008,190.26435613845814
3019009,-2.5505653465643627
3019010,126.63673427322476
3019011,-4.69644358723348
3019012,116.99717302443477
3019013,48.79787499413756
3019014,34.15694578519713
3019015,22.850609610946222
3019016,7.461778910898161
3019017,416.4102308095887
3019018,1.1934128205585148
3019019,-1.2917069120965972
3019020,-1.8585315474079835
3019021,-1.7471947787409954
3019022,-0.3380250376386539
3019023,-0.4353658116171209
3019024,-3.770871489900492
3019025,0.04629649416940083
3019026,0.021618972439318887
3019027,18.309924837692016
3019028,-1.6534863106011837
3019029,18.117049588941846
3019030,26.94292081486001
3019031,-1.371013173325191
3019032,-3.175259101712659
3019033,26.76468062949036
3019034,7.280701906741815
3019035,-2.4637519799015717
3019036,-1.164166589375018
3019037,0.2802131860254667
3019038,2.023966051841853
3019039,4.978097277735282
3019040,3.305868947775234
3019041,256.19353496541277
3019042,3.7387826019684143
3019043,40.85368071046723
3019044,0.6448247654261648
3019045,204.82798863247228
3019046,25.180386681813108
3019047,37.30594449522687
3019048,13.423732958519246
3019049,10.370304689313198
3019050,647.3826749645414
3019051,4.7648450433322065
3019052,1.5115273977660402
3019053,1.9650333320188293
3019054,3.047539578932483
3019055,1.8824767410697314
3019056,0.5210525658844563
3019057,2.933595262788585
3019058,0.9638827885648789
3019059,3.1344457614441854
3019060,12.770646860682863
3019061,0.7643578723150131
3019062,39.74389498535267
3019063,34.6281432746465
3019064,0.7492066888040789
3019065,4.16053915715634
3019066,15.761754946763759
3019067,6.0682167156254945
3019068,2.889230366055235
3019069,1.0508848666791528
3019070,4.052283880353789
3019071,-0.4265571101446405
3019072,-2.437322635242749
3019073,-0.879101727310772
3019074,294.45540386948767
3019075,-0.9196667670304305
3019076,68.04738165267729
3019077,-3.6896257035332387
3019078,176.98308084607575
3019079,107.59758653920741
3019080,40.50055419746306
3019081,35.911235426157646
3019082,35.53944725010129
3019083,635.8772731166017
3019084,5.657670180704808
3019085,0.21760621338624334
3019086,1.2601656132929928
3019087,0.5229084649337893
3019088,-0.2677332192871109
3019089,0.1390743696384743
3019090,1.5922298801437866
3019091,1.247208815982376
3019092,1.862354384678547
3019093,30.70583141638006
3019094,-1.3445339797678026
3019095,94.83082828793492
3019096,40.486017478876384
3019097,0.2841924679074873
3019098,-0.8454408015221316
3019099,63.25195651543247
3019100,24.907971269375338
3019101,2.7641594314702527
3019102,0.6820511307965353
3019103,7.3880120530522975
3019104,-8.3285707909094
3019105,-16.37588469662715
3019106,-7.895151164716481
3019107,9.802319606286948
3019108,-9.79063608199791
3019109,-0.16724193859128622
3019110,-12.043966127250279
3019111,-16.142820545184186
3019112,9.432225997550304
3019113,-0.6581342309178217
3019114,-6.145622190735634
3019115,1.5666178767189056
3019116,-60.24553446863385
3019117,-3.071247020062365
3019118,-5.482407320966777
3019119,-4.544630674192085
3019120,-3.5765572915132
3019121,-1.4029668933696666
3019122,-4.053938633437829
3019123,-7.124783051418089
3019124,-5.624452709626166
3019125,-0.8081399484619032
3019126,6.69954534796394
3019127,-3.74511067846066
3019128,2.536409841878304
3019129,4.609157158256603
3019130,-3.182761144752149
3019131,-7.327003482597725
3019132,7.167002534677267
3019133,4.014160654189546
3019134,-4.204261581043247
3019135,-3.0746093450721674
3019136,-3.945327273052426
3019137,-0.3072983955492601
3019138,-5.152619562650912
3019139,-0.9950298648609534
3019140,-1.2281299313295675
3019141,-0.9725536342867054
3019142,2.161737734147282
3019143,-2.5297146786772284
3019144,4.740302108547221
3019145,-2.702892541668807
3019146,1.2115447053099706
3019147,0.5562299365680837
3019148,0.7052454228411307
3019149,-18.276475988413587
3019150,-0.9498575264763349
3019151,-2.00473726796361
3019152,-1.5505824666514672
3019153,1.1400145540566518
3019154,1.2499018231619266
3019155,-0.7912830988455608
3019156,-2.388748671927497
3019157,-2.3063771166807054
3019158,1.5214927285844897
3019159,4.464848528826406
3019160,0.03703655228240677
3019161,-4.325722304072733
3019162,4.173388134861708
3019163,-0.9916894384710758
3019164,-2.7874306533831303
3019165,-1.2506712730181242
3019166,-0.5056930913861288
3019167,-0.5988527444354986
3019168,-0.5315610195475164
3019169,-2.063219750115568
3019170,-2.2734506749712455
3019171,-6.530892448987438
3019172,-2.843219671873085
3019173,13.889649054853798
3019174,-2.578526348768501
3019175,1.335762686316885
3019176,-3.555451474795846
3019177,9.329095924089923
3019178,2.867715767595073
3019179,3.3818291504182705
3019180,-1.481280363699557
3019181,1.3009693191141563
3019182,6.576291419459013
3019183,0.7610657843949956
3019184,-1.4995375740565215
3019185,-1.7899666404018717
3019186,-0.6785312248308764
3019187,-0.043507632628497966
3019188,-2.21787130490593
3019189,-2.572685567263907
3019190,-2.7850133703062605
3019191,-0.5510872689020107
3019192,6.028519982745674
3019193,-1.3555243324026378
3019194,5.478692763773942
3019195,4.304120005128498
3019196,-1.6875466222568865
3019197,-1.6637692223559544
3019198,0.02346817683290292
3019199,0.640401157056731
3019200,-1.7743645201311666
3019201,-0.9521585609192335
3019202,-2.4220194283100867
3019203,-1.5002687259025698
3019204,-2.068181935355246
3019205,-2.5398676031666403
3019206,145.36871819991487
3019207,-2.2100186785613185
3019208,55.4660860934401
3019209,-1.80976730209004
3019210,127.60569982419139
3019211,62.77727375902498
3019212,25.293609140886623
3019213,11.769549116680205
3019214,15.098123615289392
3019215,394.75013576002175
3019216,4.3203021615374375
3019217,1.17810640140895
3019218,-0.804350251990436
3019219,0.9196360225923854
3019220,-0.6385120523929436
3019221,0.00974593746192113
3019222,2.202262383176203
3019223,-0.6298900122061604
3019224,-0.6728658477229693
3019225,24.918597828956553
3019226,6.5245387607775776
3019227,252.22118694233643
3019228,25.802540324179716
3019229,-1.2309145190993513
3019230,-0.9692044533310809
3019231,31.211392284076503
3019232,11.574307904475756
3019233,0.9104963138498352
3019234,-0.7786854670838148
3019235,4.12869916190808
3019236,6.146440661763191
3019237,7.256985884227465
3019238,2.6816406801885755
3019239,433.4064358440335
3019240,3.348730949290184
3019241,137.12940727823292
3019242,2.9669128856682803
3019243,251.29544413354043
3019244,146.1686092071788
3019245,60.58368265087992
3019246,54.54619671043001
3019247,46.13195645676622
3019248,894.2470401750061
3019249,4.313131444961684
3019250,3.162917638985266
3019251,4.469731891901968
3019252,2.6511161705766724
3019253,0.605539101680472
3019254,2.9544938711515285
3019255,5.388368419643041
3019256,5.665133770248751
3019257,3.589616812825473
3019258,41.85525704048297
3019259,2.8350529746564574
3019260,98.11007845997108
3019261,49.35639056088792
3019262,1.8299584131868258
3019263,4.452373473731775
3019264,71.99089403888861
3019265,29.932716448824713
3019266,2.9432531653557747
3019267,2.4470858998937115
3019268,10.44582179590866
3019269,-1.4129715799649423
3019270,0.6386397585230543
3019271,-0.4461252373536991
3019272,224.72017398267565
3019273,-0.5825286332007091
3019274,56.53765506078169
3019275,-3.5717276535143903
3019276,102.78624509444693
3019277,66.59909391071196
3019278,24.870937780691676
3019279,25.165799651526974
3019280,35.348244434898156
3019281,341.2719844195417
3019282,1.5964456587373206
3019283,-0.703221949440558
3019284,0.21001444529272711
3019285,0.8848577172600925
3019286,0.43575651593109793
3019287,0.7159810699661467
3019288,-0.2977921822804638
3019289,1.9200969849672402
3019290,2.981622444421264
3019291,37.99102670464741
3019292,0.21642196358145166
3019293,45.15667268490063
3019294,21.242359739318342
3019295,0.2798471724575575
3019296,0.4538072739293741
3019297,23.11659099749937
3019298,12.295310482930763
3019299,1.953768355938846
3019300,-0.412900383107517
3019301,3.1819497240872443
3019302,-0.5676273493048212
3019303,-2.211805644912679
3019304,-1.5907605751939993
3019305,147.95125402879393
3019306,-2.6140598493369183
3019307,66.97929799256396
3019308,-1.9353556657752782
3019309,110.97719784205779
3019310,44.560473073366154
3019311,27.412715253462302
3019312,14.428632414175002
3019313,13.35410173641149
3019314,414.27960454820914
3019315,2.0603681831922334
3019316,0.1712579886069693
3019317,-0.6948025793717784
3019318,-0.48927178916083675
3019319,-1.3507296002265026
3019320,-1.0663541763111313
3019321,0.34557026743919095
3019322,0.5183000551764531
3019323,0.4772602911145555
3019324,21.14473297163987
3019325,-0.2541513709894094
3019326,57.219739571779215
3019327,34.79874864373001
3019328,-0.6956333591819817
3019329,0.12810602227135637
3019330,34.01014798646284
3019331,9.927803916465685
3019332,0.13283249128432767
3019333,-0.53099259580408
3019334,2.9309845410120148
3019335,3.6050765396383944
3019336,3.926794903118857
3019337,1.5770346178664476
3019338,334.0836252664037
3019339,1.348105788384564
3019340,117.46669606616706
3019341,0.19066613246977787
3019342,155.08377017019055
3019343,102.74754915092315
3019344,49.121519887900284
3019345,45.04918927488971
3019346,45.81695850157972
3019347,629.7797519997077
3019348,3.437923301908079
3019349,1.8146919257228296
3019350,2.7491736132856683
3019351,1.561290182473415
3019352,0.9591543144214598
3019353,3.040998131643821
3019354,2.2231437840222066
3019355,6.939702111034596
3019356,3.8055536755476282
3019357,62.256700591462206
3019358,2.4829783445890214
3019359,59.95733409979783
3019360,39.61524282714588
3019361,3.5480173146180394
3019362,3.826133453937498
3019363,53.24983099985325
3019364,20.593967627717713
3019365,4.0714843590819445
3019366,2.334127095571523
3019367,5.67122004199827
3019368,9.076430126791674
3019369,9.39735851775156
3019370,7.188564732534869
3019371,235.43978337348904
3019372,6.881957980201551
3019373,107.03922102940356
3019374,6.893554536405863
3019375,171.19664231586825
3019376,65.20700504206063
3019377,50.98806014177775
3019378,33.69560010277033
3019379,20.390288992755906
3019380,737.5548962551277
3019381,4.502402322990285
3019382,3.22132514533617
3019383,2.869666996525896
3019384,2.0727658088799332
3019385,1.2336337090449274
3019386,0.9421658097932345
3019387,1.5978962115220317
3019388,5.999292963266573
3019389,4.556881631954795
3019390,35.55344421795829
3019391,1.632431116739183
3019392,37.547693717873344
3019393,44.849631245653086
3019394,2.9098449245733833
3019395,5.061610254060914
3019396,38.058570927036065
3019397,13.297662234820647
3019398,2.8158409876347035
3019399,2.209546362466838
3019400,5.131530989741599
3019401,-6.877120390755736
3019402,-8.941512478256195
3019403,-5.865247027383884
3019404,31.148032621761086
3019405,-8.214314683449775
3019406,9.279701887609844
3019407,-8.230001728109636
3019408,12.240502916814876
3019409,5.7239948352242935
3019410,1.9040680584777874
3019411,-0.5401227810727915
3019412,2.6496458176547684
3019413,12.283486689265992
3019414,-2.1057887777997055
3019415,-4.040530913884274
3019416,-2.546239357210168
3019417,-2.852047981569474
3019418,-1.0530238191297645
3019419,-2.3517337410946384
3019420,-4.211621190303838
3019421,-3.0530655970155816
3019422,-0.37219768433594025
3019423,11.571277091520871
3019424,-2.443615379558166
3019425,5.344905681625399
3019426,10.684323633458055
3019427,-2.271290343011085
3019428,-4.560421259853786
3019429,4.8118033618290905
3019430,2.446777592629999
3019431,-1.8574844382977131
3019432,-1.836598601161193
3019433,-5.011624880918378
3019434,2.1001668967568548
3019435,3.8791354160891167
3019436,-1.855974662091612
3019437,868.4320928395138
3019438,1.3618384629231877
3019439,189.19740181711518
3019440,5.168989545012883
3019441,406.90986965502947
3019442,267.89956041844636
3019443,85.75136355670591
3019444,114.35375331939488
3019445,85.38391493943404
3019446,1414.3954434478992
3019447,14.792845251339822
3019448,3.929116700530212
3019449,4.363497637414331
3019450,-0.06218582185763799
3019451,1.5385543055019664
3019452,1.5061061490611611
3019453,4.892565608981458
3019454,7.059311738202014
3019455,5.249949028988704
3019456,61.7465187556823
3019457,2.705733171891407
3019458,164.13701176705894
3019459,81.13082254916378
3019460,5.245535518424367
3019461,3.1224940895208375
3019462,121.02073904081153
3019463,76.28845336464735
3019464,2.8483680607137645
3019465,2.3603248195717605
3019466,23.4337675227243
3019467,-2.376508008586534
3019468,-3.035446246443903
3019469,-1.3579701944655973
3019470,98.92015555589998
3019471,-2.161408646637283
3019472,33.70524576848614
3019473,-1.9695220643020002
3019474,87.77462326885173
3019475,21.618920957258087
3019476,18.59069252702204
3019477,12.23593635829347
3019478,8.288388239459186
3019479,317.96368979723127
3019480,1.6255759920248898
3019481,-1.052306837591466
3019482,-0.1991299244883044
3019483,-0.8939022340214504
3019484,0.7160934010233836
3019485,0.02916498623583952
3019486,-1.8372062141673156
3019487,-0.44878350419727897
3019488,1.9630011583783857
3019489,20.706618508401146
3019490,-0.6458937454340117
3019491,15.395134257583516
3019492,25.784812104962434
3019493,-0.0348101957912218
3019494,-1.4542536164604212
3019495,16.31833159580721
3019496,5.265570809645791
3019497,-0.21154318698806263
3019498,-0.24851298302572788
3019499,-0.4428095743371956
3019500,2.0644027515713606
3019501,1.3032900935381213
3019502,0.7268974217778668
3019503,178.7586784005657
3019504,1.5198047781049173
3019505,82.76368594908406
3019506,1.0681850987727013
3019507,230.16047643465038
3019508,51.61044696059227
3019509,37.7941339855536
3019510,21.64662043228276
3019511,10.010611885975596
3019512,785.1897847401581
3019513,3.46940848239635
3019514,1.9987078672753635
3019515,0.040397003591308434
3019516,-0.6149643697813804
3019517,-0.7852642501463267
3019518,-0.06432481264827175
3019519,1.166803854686143
3019520,1.2809539432117094
3019521,2.1484965069622852
3019522,13.694201311248719
3019523,0.18959436775140825
3019524,48.37895501608406
3019525,47.189021049242506
3019526,-0.6534610324845995
3019527,1.217150093616608
3019528,19.16614488031336
3019529,10.953419368322022
3019530,-0.4800295526123659
3019531,-0.02526452899507378
3019532,1.4389545659052896
3019533,-2.9644718377504615
3019534,-4.255217204264486
3019535,-1.845507218479761
3019536,92.10109906835089
3019537,-2.9017027292048443
3019538,32.07739277881578
3019539,-2.9730815506208454
3019540,89.99318673384346
3019541,19.573019286678758
3019542,18.066054808865594
3019543,10.982425335933872
3019544,5.952952025327418
3019545,343.51939805046584
3019546,1.14365726748357
3019547,-1.2957859160896694
3019548,-0.8064934892596717
3019549,-1.4813131203952867
3019550,0.26080521101175
3019551,-0.2894044904920224
3019552,-2.3937965788661018
3019553,-0.4014114109523575
3019554,1.5623119573505324
3019555,23.57606717194459
3019556,-0.9108903199480914
3019557,15.76334804098132
3019558,28.292338769740553
3019559,-0.6074576436089478
3019560,-3.2107158635049675
3019561,15.895943828286937
3019562,4.979538010397439
3019563,-0.8766976729594966
3019564,-0.8227607030705326
3019565,-1.0678173343520463
3019566,2.8166801553855962
3019567,2.849359050191605
3019568,3.255924987145603
3019569,147.89906145001635
3019570,1.3704849321955896
3019571,57.51037994379561
3019572,1.3547125028946903
3019573,218.28110828834747
3019574,36.401064771991805
3019575,34.12626662870299
3019576,26.323130305521016
3019577,7.833226838845949
3019578,693.1319020354399
3019579,3.323974979923871
3019580,1.7730622715080542
3019581,0.7087369801774606
3019582,2.0223785193287824
3019583,0.31318671721185865
3019584,1.2480834460586925
3019585,2.4646194685910743
3019586,3.4451382774466097
3019587,3.224141454780807
3019588,24.134848517345787
3019589,1.6811170306521968
3019590,40.376520642192
3019591,45.622347014049666
3019592,0.8914283317630963
3019593,1.2660221720674245
3019594,21.41707264880951
3019595,10.552813753952316
3019596,2.335975696113934
3019597,1.0430317431060816
3019598,2.645551874367089
3019599,3.9411965252872685
3019600,3.113076410341632
3019601,2.776451462200093
3019602,285.77119707410185
3019603,4.320819103279391
3019604,152.31130945183543
3019605,3.4321124542283723
3019606,182.60773279383915
3019607,47.59484893296995
3019608,48.943459377099174
3019609,24.995825399907
3019610,26.154200338013638
3019611,859.2884668150068
3019612,4.283843382708321
3019613,1.9697099405193446
3019614,0.8031118674951291
3019615,-1.031906518145304
3019616,-0.44946674132462033
3019617,0.02609213896789924
3019618,0.28982371336528795
3019619,3.1779990967117486
3019620,2.6485068796511335
3019621,24.01414358887788
3019622,0.05218982448069481
3019623,41.74146945000669
3019624,55.10966743785909
3019625,1.335950460014276
3019626,6.2103274736708665
3019627,26.194149580101943
3019628,10.210969785800764
3019629,0.6627532781980267
3019630,0.12455594340691503
3019631,3.2126186499081015
3019632,-3.1758590726674685
3019633,-5.5438974015852285
3019634,-1.8446650640526299
3019635,109.5504803346146
3019636,-1.8927032397967798
3019637,27.858349518621154
3019638,-3.4351573672196536
3019639,87.69309211439773
3019640,17.098587610621614
3019641,14.95068393877094
3019642,10.96630035877487
3019643,15.260390956518702
3019644,370.0145501904307
3019645,0.5527704054863647
3019646,-1.4599991993263097
3019647,-1.7978420738652074
3019648,0.3296953216476015
3019649,0.8416655124599425
3019650,0.47928552143446046
3019651,-1.4896034344853684
3019652,-1.0034272339153485
3019653,0.5858368709680929
3019654,17.937198813260295
3019655,-0.033429065246352835
3019656,22.635303140152786
3019657,23.318261613253057
3019658,-1.5736692609031104
3019659,-2.070151909696905
3019660,11.553732110675002
3019661,4.741338432134537
3019662,-1.186774850558462
3019663,-1.346859804137597
3019664,-0.7022759728430481
3019665,4.748485468555883
3019666,4.122601573547723
3019667,1.7017392909695628
3019668,153.1988421187806
3019669,3.7025905601642446
3019670,71.01754610531542
3019671,4.166917866788572
3019672,119.96549206679774
3019673,36.58357674321349
3019674,27.269142860761132
3019675,16.738907749766
3019676,6.830413247133934
3019677,556.5011030979155
3019678,2.822086250835848
3019679,1.4673173689464898
3019680,0.9408025835987723
3019681,-0.14542302494276324
3019682,-0.9075465487165707
3019683,-0.4336422887391086
3019684,0.5607648991819156
3019685,0.6245630530502535
3019686,0.23831625737045437
3019687,20.079885646835383
3019688,0.28457938969349245
3019689,26.736312413795343
3019690,30.372144325826113
3019691,0.43080077366069647
3019692,0.7989351425735254
3019693,18.745870513291987
3019694,8.726452671808685
3019695,0.9578275086654253
3019696,1.434608749208412
3019697,2.1985236496288714
3019698,0.4795618498898694
3019699,0.6906994692457331
3019700,-2.2383780931560615
3019701,200.66366801311145
3019702,-2.456424639728793
3019703,85.0743046693543
3019704,0.20591484268006766
3019705,210.09441636510132
3019706,98.65115855977332
3019707,25.432133505155285
3019708,30.579495576194965
3019709,31.403058853048208
3019710,655.5631194353084
3019711,6.915091322065994
3019712,1.8284513080076
3019713,1.2719659824012275
3019714,0.37777773937875514
3019715,0.7939579971528224
3019716,-0.17333420738000077
3019717,2.8740499916357956
3019718,0.7597120775399094
3019719,1.2365472049625466
3019720,25.057403095994005
3019721,0.4499811910840368
3019722,49.840594186661136
3019723,42.226028435072685
3019724,-0.35653017824083466
3019725,-0.23706908543122368
3019726,22.542449957456803
3019727,23.16675796805287
3019728,1.4980945358418765
3019729,0.2610739207993834
3019730,4.887772100429677
3019731,3.4828789191292895
3019732,2.2829237101782884
3019733,1.1906961200093793
3019734,198.05998033875773
3019735,0.9024176653100583
3019736,96.44739316692075
3019737,3.4634558077474686
3019738,227.13983353389546
3019739,100.70635881327951
3019740,39.73547093128554
3019741,32.31807032533754
3019742,34.63397591665898
3019743,814.0835281653506
3019744,6.924576401013194
3019745,2.9185654283156803
3019746,2.6766921576195566
3019747,-0.27693042447547445
3019748,0.17100867048489143
3019749,0.8542817990844673
3019750,2.906766947823301
3019751,2.732930729308257
3019752,3.863251218370071
3019753,25.924993650956758
3019754,0.8546384748058815
3019755,40.59610208201014
3019756,51.97293384096568
3019757,1.5957588043454713
3019758,0.25342901237824433
3019759,22.89476012671886
3019760,24.23821315727256
3019761,2.828852564434776
3019762,1.804327618744494
3019763,4.860439028795765
3019764,0.3356618217466166
3019765,-1.9142161361113585
3019766,-2.0252062906663926
3019767,205.8784589294101
3019768,-1.4929982683130947
3019769,137.89948301054042
3019770,-2.361701489856496
3019771,242.5777158346286
3019772,41.5155918637554
3019773,32.408222819602884
3019774,28.08951864504553
3019775,15.174169722143922
3019776,719.557436056771
3019777,3.632380362948599
3019778,-0.7477156195923886
3019779,-0.7081195795014423
3019780,-1.1044284735531689
3019781,-1.0395108892653002
3019782,-0.6242897806059479
3019783,-0.4527020882189823
3019784,1.1243025961522948
3019785,1.4170258455180669
3019786,17.602587480048307
3019787,-0.3732730761224662
3019788,29.536111336547286
3019789,52.72397277346058
3019790,-1.4280890648339553
3019791,1.7456879671641834
3019792,18.120627494458997
3019793,11.260411620997067
3019794,-1.5523663828282657
3019795,-0.9855382297009125
3019796,1.3281770499677372
3019797,-4.012759986863239
3019798,-7.526868559737782
3019799,-5.420517380343954
3019800,249.82038112696495
3019801,-6.049407844285016
3019802,69.38554201579203
3019803,-5.573439771482372
3019804,169.3401187420888
3019805,108.27804990975987
3019806,41.72334572765147
3019807,35.04572636444412
3019808,35.353079744370476
3019809,585.1677671832927
3019810,3.7388237811206637
3019811,-1.1817484401814728
3019812,-0.77517324706605
3019813,-2.1804100310937065
3019814,-1.8922114269326995
3019815,-1.1908918013024232
3019816,-0.9815842191871345
3019817,0.9958018218963842
3019818,0.9669300303809724
3019819,31.755320999274957
3019820,-2.0972190649800906
3019821,87.17612884444236
3019822,40.220186525569225
3019823,-1.964840782790052
3019824,-3.928295224337858
3019825,60.12291917566712
3019826,26.523635250344448
3019827,-0.11002553621838163
3019828,-0.8338531722452172
3019829,5.437158589077517
3019830,0.6710038311234291
3019831,1.034438248285777
3019832,2.258390126600474
3019833,149.44694573167163
3019834,1.5570838388645405
3019835,62.51473202216816
3019836,1.175943952901962
3019837,200.44706117426134
3019838,33.75505713792357
3019839,32.29187895094954
3019840,22.515900541892158
3019841,11.811958149780185
3019842,705.5836757537861
3019843,2.8185377741848905
3019844,0.22218056647169987
3019845,0.12471877887821958
3019846,-0.647821359773219
3019847,-0.15132961423644475
3019848,-0.03162141806266619
3019849,-1.2044757615773847
3019850,1.5851206443204378
3019851,2.6958184132570624
3019852,17.693194880103462
3019853,-0.4663423819172998
3019854,21.42598729843808
3019855,40.51508962964263
3019856,0.35227305132672543
3019857,-0.8601824871580527
3019858,16.34593316396825
3019859,9.05538486914561
3019860,0.020301676275672642
3019861,-0.14993731515143166
3019862,0.5350226830293889
3019863,1.2782109660735785
3019864,0.7112398458045652
3019865,1.9784480862204998
3019866,146.91840820065966
3019867,1.284683765061976
3019868,59.63312226960406
3019869,0.35712821066636025
3019870,149.5825033549113
3019871,56.4886185514825
3019872,31.47083238339495
3019873,20.586757527704002
3019874,23.54376337598522
3019875,520.6180517359019
3019876,3.8382548480002994
3019877,0.6953131476173189
3019878,0.48165804167327786
3019879,0.32443335562202835
3019880,1.0306780450856716
3019881,0.7935013536504016
3019882,0.36519493895767713
3019883,1.8004841592262042
3019884,3.520492517613299
3019885,20.718721180385245
3019886,0.7483546895391668
3019887,29.936713246584215
3019888,35.24555474289593
3019889,1.2424868199583818
3019890,-0.08564147548375223
3019891,18.63128627429581
3019892,12.51680966981684
3019893,1.4404808445842048
3019894,0.28262872309399084
3019895,2.5215649474511213
3019896,-6.065507619864948
3019897,-8.707401704054798
3019898,-4.162403326553904
3019899,16.74524529339513
3019900,-3.0199111310127775
3019901,3.7866317491936203
3019902,-7.889890090865811
3019903,0.7682239897543326
3019904,4.126937925495876
3019905,-1.7108601143513078
3019906,-0.8551652097814848
3019907,3.994606136184374
3019908,-18.53380335627662
3019909,-0.2819805629253165
3019910,-3.968303380311161
3019911,-2.0419748470236003
3019912,-2.109109193281954
3019913,-0.6268596355913247
3019914,-1.636185911902328
3019915,-4.877909364994891
3019916,-3.9515054348329137
3019917,0.17927145155102378
3019918,6.6955195952264255
3019919,-2.540178606408924
3019920,1.0699963049694932
3019921,6.864890027247486
3019922,-1.2798715837370105
3019923,-4.460390666237447
3019924,2.32959448718316
3019925,2.56741367339989
3019926,-1.532189655077316
3019927,-2.358525615559636
3019928,-2.59252824387823
3019929,-0.0691322583290459
3019930,-0.30166519539678577
3019931,-1.1680798232580127
3019932,374.787533371981
3019933,-0.5932505097250396
3019934,54.29554837641388
3019935,-1.8477517754861583
3019936,164.59359438832632
3019937,22.79575028920706
3019938,28.63782561946851
3019939,14.830499775500426
3019940,9.048654551270179
3019941,548.8781905815582
3019942,2.5099891125789258
3019943,0.7490065536337102
3019944,1.7920513953050363
3019945,-0.13680015865397535
3019946,-0.2503148103112358
3019947,-1.2465428276868875
3019948,0.15310294075020695
3019949,1.177012166245961
3019950,1.7289900599365615
3019951,29.4044052626702
3019952,-0.9219699375435699
3019953,29.328265191478668
3019954,34.977795864739434
3019955,1.1024943113441372
3019956,1.7826270185843782
3019957,20.234608098302953
3019958,9.898047165815962
3019959,1.3000752913771363
3019960,0.10549268360896573
3019961,2.1381258192941752
3019962,-0.6126219024454986
3019963,-7.4116238330669555
3019964,-9.79094731893998
3019965,1077.0397660662131
3019966,-10.380840349110912
3019967,237.8878585888812
3019968,-10.551394193564137
3019969,553.8865422018978
3019970,378.1955698354932
3019971,131.8750768393303
3019972,138.53422060626622
3019973,128.450698942043
3019974,1759.906183765505
3019975,11.41207023534129
3019976,-1.474410210521837
3019977,3.4633460631663002
3019978,-3.7864637032690007
3019979,0.012725284652897243
3019980,0.44995081425722677
3019981,-2.2834576903902413
3019982,4.280890572573535
3019983,1.3073081593114875
3019984,86.4590646069596
3019985,-0.29699125881665156
3019986,226.40409933762285
3019987,102.19803722926093
3019988,-2.6993444266219924
3019989,-4.861237819189159
3019990,150.6145655168105
3019991,108.59427712211055
3019992,0.8615967800715951
3019993,-2.318055713070826
3019994,21.8956923046504
3019995,-5.885309262945921
3019996,-6.802102286481931
3019997,-7.236457034873856
3019998,800.9794313258203
3019999,-7.618273999132763
3020000,179.24107556142928
3020001,-5.825643203183299
3020002,507.3002238723725
3020003,253.97012691355314
3020004,124.92084029822514
3020005,91.91990759106741
3020006,92.38152356505292
3020007,1726.7927138220793
3020008,10.641722542525876
3020009,0.7989468003254842
3020010,1.4148487708352877
3020011,0.3021241327739336
3020012,-0.23572904425827798
3020013,0.8559800073546466
3020014,1.0443811134688805
3020015,4.874961365999679
3020016,0.6329698422553884
3020017,58.78240940128549
3020018,1.2112087445628823
3020019,240.32675528053153
3020020,98.51803716463509
3020021,-1.708916671816278
3020022,-3.5762504117084966
3020023,158.35604290082532
3020024,70.34390211110576
3020025,2.7344135851606914
3020026,-1.7843897533891504
3020027,19.336975037014234
3020028,-12.412708134429376
3020029,-18.735954700790863
3020030,-8.882810407216565
3020031,627.3112653093607
3020032,-16.173132378508416
3020033,125.95049864915052
3020034,-13.02484150977385
3020035,505.2823107399537
3020036,190.1049735685322
3020037,147.12656446539205
3020038,46.396226194418674
3020039,65.43417313832018
3020040,1621.4465095739354
3020041,3.1419022877875795
3020042,-1.652387837721053
3020043,-1.9349603135582039
3020044,-6.829743350782483
3020045,-3.3573726486974373
3020046,-1.3837265339560871
3020047,-4.2111484571410625
3020048,3.364780895671629
3020049,0.12159666109420866
3020050,41.452843240421736
3020051,-2.8011427102217747
3020052,263.94427984528073
3020053,117.18602014420836
3020054,-5.019379099562957
3020055,-11.317724469918065
3020056,183.52414443053033
3020057,48.38714806241353
3020058,-3.138811143808816
3020059,-5.137087247176714
3020060,8.479478137606964
3020061,-8.475807603376998
3020062,-13.44125420499342
3020063,-10.089600288120238
3020064,727.345133054617
3020065,-16.03238320943605
3020066,173.90542582596038
3020067,-12.274435812380855
3020068,477.6404497159449
3020069,230.46510273705124
3020070,131.35952778482917
3020071,68.18168578237568
3020072,63.88319668793629
3020073,1595.4490363739915
3020074,2.8201733238803537
3020075,-3.862146267243097
3020076,-0.5673625385535159
3020077,-6.430313850435013
3020078,-2.9980144101562654
3020079,-2.825165514871787
3020080,-6.419093516024695
3020081,2.248707431621788
3020082,-1.8110528906318542
3020083,46.168283583635585
3020084,-4.0036972350752515
3020085,189.80815930488467
3020086,108.62515283932551
3020087,-4.40293080132602
3020088,-9.649218228195569
3020089,167.6786715871179
3020090,60.407893615593984
3020091,-4.837892334087337
3020092,-4.273123597389822
3020093,10.270002463538876
3020094,-10.879132482699024
3020095,-20.71910692610556
3020096,-9.077428372986578
3020097,456.53419214162676
3020098,-12.380302208037719
3020099,131.73823538525787
3020100,-13.47039947484811
3020101,421.29298988875337
3020102,154.07491594148658
3020103,126.45565102204321
3020104,34.12567120334843
3020105,41.39574167478699
3020106,1406.7324278857207
3020107,2.7491271783851516
3020108,-0.8453474630144957
3020109,-3.9718592141735467
3020110,-7.1679101031979
3020111,-3.6621987659895425
3020112,-1.1292975934705647
3020113,-5.162095176670809
3020114,1.2654620953958329
3020115,-0.6301306598721022
3020116,39.333448459462616
3020117,-1.4513880488136965
3020118,210.1021449529959
3020119,106.40033807925639
3020120,-4.180608240823513
3020121,-10.263707426208603
3020122,157.72294820594155
3020123,40.31545485882661
3020124,-6.140554572662622
3020125,-4.881783583367688
3020126,5.263381420865226
3020127,-7.315267647089168
3020128,-10.073836235957678
3020129,-7.278674687820857
3020130,522.6583963358227
3020131,-10.627782540085864
3020132,117.17480474635899
3020133,-11.787087348374353
3020134,243.84595802105662
3020135,179.2973376748592
3020136,62.64036154913504
3020137,61.081851239422214
3020138,60.827051366301745
3020139,808.6945560203465
3020140,6.624019575510956
3020141,-1.4362156308382876
3020142,-0.5698289954669054
3020143,-2.8940977673063393
3020144,-0.06909443330087017
3020145,-0.4362991078013329
3020146,-4.028431174165998
3020147,0.21786223465684063
3020148,-0.6023918360626158
3020149,46.19396881685758
3020150,-1.4393710136546178
3020151,119.75155670246681
3020152,53.023797871162586
3020153,-0.3555459375356623
3020154,-3.2211756132108347
3020155,66.78902887569394
3020156,53.23582162113124
3020157,-1.3491153429231422
3020158,-1.0678044604772368
3020159,10.109049989505621
3020160,-0.8433384864301477
3020161,-2.696251867953256
3020162,0.34550065077099124
3020163,192.2977741350379
3020164,-2.5732058964969475
3020165,73.56129347006856
3020166,-2.1861090990075898
3020167,217.6005065917832
3020168,73.15558095684625
3020169,47.82862591232675
3020170,31.146380060074726
3020171,29.842014362956327
3020172,653.149720203523
3020173,1.549053262712332
3020174,-0.7706579862526269
3020175,-0.4697489151628543
3020176,-1.2737396488695958
3020177,-0.7932614372399985
3020178,1.2368810953359934
3020179,-1.9965974151470438
3020180,1.229079832677089
3020181,5.065314675067493
3020182,23.91732908937138
3020183,-0.2753949780453695
3020184,67.13323270571527
3020185,45.39153776026709
3020186,-0.9188235162718774
3020187,-2.3577822967498694
3020188,37.37887608672034
3020189,21.186446411358848
3020190,0.7074656140473962
3020191,-2.291404860025941
3020192,2.0834404275377896
3020193,-2.3896282546760266
3020194,-6.42851507783631
3020195,-3.237223513852623
3020196,377.08556963447836
3020197,-4.475693667558626
3020198,98.569029207619
3020199,-2.7429607564561778
3020200,351.4264039785114
3020201,125.55697766676548
3020202,86.54957133526977
3020203,29.65562485186583
3020204,33.41755006002713
3020205,1200.7443978528313
3020206,7.701934846139393
3020207,0.5731129387616056
3020208,-0.026445350119192856
3020209,-2.6914590388870785
3020210,-0.5672615031329225
3020211,-1.2073681395342464
3020212,-0.46881899602562044
3020213,2.7198068531035644
3020214,3.4502394629046287
3020215,28.980957823314583
3020216,0.8067453214998931
3020217,198.03320973441402
3020218,81.19412940255211
3020219,-0.8333365095632508
3020220,-4.3515723075119235
3020221,71.01730613648138
3020222,34.52914140382569
3020223,1.5002094124720677
3020224,-2.9312309818913125
3020225,4.967808289212298
3020226,4.046320046721412
3020227,5.614815491434602
3020228,2.527104027498317
3020229,652.1366979630855
3020230,4.038439948637715
3020231,176.92631700625356
3020232,1.26399706397704
3020233,310.9043673465283
3020234,215.4260598319522
3020235,72.27074825052517
3020236,76.52735698970045
3020237,85.71334319386551
3020238,1073.764682670098
3020239,5.405695831256198
3020240,-0.41660584803496026
3020241,2.676897741035682
3020242,2.6907255300764517
3020243,2.047987516338653
3020244,1.8420198152624654
3020245,2.7220133796271693
3020246,3.123709693299097
3020247,1.8158674699498443
3020248,52.591759939915754
3020249,1.6293566399803967
3020250,143.3297048057961
3020251,58.81518341161845
3020252,2.140131950822797
3020253,2.062310478121253
3020254,91.43697991097174
3020255,46.15114154409926
3020256,3.7679782814786815
3020257,1.1243263290431424
3020258,14.857332685190087
3020259,-3.9851126220208855
3020260,-10.554661307904668
3020261,-4.252114138671665
3020262,0.225643438410275
3020263,-4.201512361393312
3020264,2.385140185764061
3020265,-7.339511444223771
3020266,-13.369704527390969
3020267,6.837695620747873
3020268,-1.660292307240203
3020269,-2.8588750546466204
3020270,2.744818190884107
3020271,-38.938068216627435
3020272,0.45155534392039043
3020273,-3.280487852083479
3020274,-3.6903441531494594
3020275,-2.1223497958045354
3020276,1.2922630802880848
3020277,-2.210919892464899
3020278,-4.460640335550816
3020279,-2.9553027802256535
3020280,-1.3622721734250502
3020281,7.333245510252121
3020282,-2.811996000944946
3020283,1.391233412898182
3020284,2.467718930766818
3020285,-2.2291341664958657
3020286,-3.9270530048020613
3020287,-0.4161634029312336
3020288,6.7155042752366905
3020289,0.8299912883136984
3020290,-2.5940582262046394
3020291,-2.8600022162499097
3020292,0.09740568014172235
3020293,0.7394658474976801
3020294,1.0877545615329778
3020295,-5.5860748605336505
3020296,0.9424635483808139
3020297,-0.6198113420057109
3020298,-2.034391743451615
3020299,-2.643449045175221
3020300,-2.1188430903050177
3020301,-0.1431222391162794
3020302,-1.4986687738298734
3020303,3.174286208751
3020304,-7.390044817609451
3020305,1.2845663704470462
3020306,0.15741629435551652
3020307,-0.4492264900698194
3020308,1.670210910603322
3020309,1.5396957499772361
3020310,0.19194343673736516
3020311,0.1250084359266475
3020312,-1.033929524606216
3020313,0.2595334040787873
3020314,3.7237177154829197
3020315,-0.1678680938578146
3020316,-2.5620849727339374
3020317,1.5541259319610197
3020318,-0.5895403210658028
3020319,-0.4920852459212495
3020320,-2.4357218008874773
3020321,1.622063252986936
3020322,1.0084733480336707
3020323,0.17191390652792843
3020324,-0.04581441382443374
3020325,1.0484032129256229
3020326,0.37137376102051345
3020327,0.7826349490034044
3020328,118.48157951386806
3020329,1.9348430568815091
3020330,42.9917112438597
3020331,2.708581504749982
3020332,195.2953631428478
3020333,10.707887910884164
3020334,24.144423030258785
3020335,11.50256734645889
3020336,8.981189736030283
3020337,544.9544157207746
3020338,3.891044123794793
3020339,1.9614894333394957
3020340,1.2520180011243904
3020341,-0.25666681398118046
3020342,0.7310191522394711
3020343,0.38597259915394944
3020344,0.08574493207338718
3020345,1.5852850055598289
3020346,2.673297487253524
3020347,14.182263898185024
3020348,0.4838852342793438
3020349,7.28271166495567
3020350,31.896549934840124
3020351,0.7677442245508905
3020352,-0.1333827679455204
3020353,6.797014549477565
3020354,11.002869059441556
3020355,0.27920428899938315
3020356,0.7846523907505548
3020357,0.8763356448712443
3020358,-0.3032739389760536
3020359,0.8919712487167226
3020360,-0.5449398545759323
3020361,339.2339568243199
3020362,0.5445808017818491
3020363,82.4529379389617
3020364,0.6946647540188859
3020365,243.37161941492127
3020366,120.64056414570442
3020367,56.136323615933804
3020368,45.976291038575
3020369,49.50975556808488
3020370,832.7447066763997
3020371,7.411691510786259
3020372,3.0127665427877943
3020373,2.0379620711554165
3020374,2.129978215786032
3020375,-0.057396242095783236
3020376,1.7097717118421132
3020377,4.577374019247436
3020378,3.883806359340306
3020379,2.3511690969591292
3020380,35.5068715643913
3020381,1.431165981495942
3020382,102.91299267039598
3020383,47.98324974515701
3020384,2.193489110952578
3020385,1.302445321596383
3020386,87.17237133745402
3020387,29.89520192560412
3020388,4.574450168918338
3020389,1.6591863302658751
3020390,10.970795368737235
3020391,-6.437357138700027
3020392,-7.202501671190117
3020393,-6.784106668893219
3020394,364.14545921830637
3020395,-9.094813016020925
3020396,94.14984544383144
3020397,-11.657850341067242
3020398,159.31543747038393
3020399,144.66717101580187
3020400,35.372653841548455
3020401,47.518654653707046
3020402,45.59956267281203
3020403,508.9473791137115
3020404,3.777387135377721
3020405,-3.2019496306597284
3020406,-0.9577653381539131
3020407,-3.9003963282383483
3020408,-0.7780865461589567
3020409,-1.4277019084004132
3020410,-3.6722213813008424
3020411,-0.20285154232224167
3020412,1.977131923477209
3020413,39.19028301718379
3020414,-1.4105709577122614
3020415,108.60688640833172
3020416,36.23942736155594
3020417,-2.1826014745473366
3020418,-4.319751440719924
3020419,53.06209354763523
3020420,34.27954388619757
3020421,0.5140380081977489
3020422,-2.6077712694627553
3020423,5.7029989122329425
3020424,1.720998014076613
3020425,3.9090759411678255
3020426,-0.33025911916789474
3020427,472.4156308047779
3020428,0.12603349880911985
3020429,112.59106583817832
3020430,-4.332314106564736
3020431,262.44979838261816
3020432,179.09408502058153
3020433,55.35929960136286
3020434,66.12060408459351
3020435,44.6587184174556
3020436,834.8200634929688
3020437,7.177848233845761
3020438,1.1864837387360603
3020439,2.7415610925077996
3020440,0.8226801411975612
3020441,0.8941552409243378
3020442,1.7473228375474719
3020443,2.337499299073461
3020444,2.6226472779917094
3020445,4.615714862663189
3020446,41.17001668409994
3020447,1.5293637148384733
3020448,116.34676113412897
3020449,51.22985324443951
3020450,0.7555400197401831
3020451,0.5398304484438585
3020452,63.73793403642732
3020453,43.60049741033832
3020454,2.5845689403174403
3020455,-0.19479814805217757
3020456,12.13250939604033
3020457,0.9387282596699151
3020458,-0.788836800266986
3020459,1.6591191313995295
3020460,326.3320367832231
3020461,0.8542800460485523
3020462,105.8930326408429
3020463,1.6595401590476468
3020464,333.1219188257131
3020465,75.30997565212766
3020466,89.4680739894864
3020467,35.89012939408941
3020468,19.305113681850123
3020469,1122.8351367028365
3020470,2.49872776759461
3020471,1.226750940808961
3020472,1.7686234692449943
3020473,-2.885536424085039
3020474,-1.4481156992300384
3020475,2.0434653068348054
3020476,-1.1548094570737522
3020477,4.585063362295514
3020478,4.694119672801171
3020479,22.07517257294072
3020480,-0.6997812405220246
3020481,70.89136015142077
3020482,68.0850715572239
3020483,1.853379234467575
3020484,-2.4383669332325417
3020485,81.84632038977438
3020486,17.486386477916458
3020487,0.7470782609752495
3020488,-1.0499795662354883
3020489,3.1423756619887353
3020490,-7.504866362613975
3020491,-17.669952999169478
3020492,-6.8331353120705165
3020493,64.23834502409882
3020494,-12.873148511678448
3020495,30.71205141049504
3020496,-13.390748954873562
3020497,30.337277536799082
3020498,50.701126731402184
3020499,7.650456828925381
3020500,11.436765742395067
3020501,8.030722936429447
3020502,91.61120194563395
3020503,-0.5520906390088931
3020504,-5.0719012848899006
3020505,-4.34866638693864
3020506,-5.305502788787417
3020507,-1.6791854383543978
3020508,-3.0899859953169653
3020509,-8.87783698378582
3020510,-3.2121333610110745
3020511,-0.7845930860051158
3020512,-4.052615830026589
3020513,-3.988734115357947
3020514,31.281711558731622
3020515,13.142772413641941
3020516,-3.154153683284894
3020517,-9.259560978461309
3020518,20.66883818343078
3020519,12.284716557964785
3020520,-1.1530430254905515
3020521,-1.7705172295873493
3020522,-3.2232306224154312
3020523,-7.681407012826094
3020524,-11.628730687407884
3020525,-6.146312658951137
3020526,117.67004052149794
3020527,-8.513041471091128
3020528,28.114915309412243
3020529,-7.89321479123304
3020530,150.35744238691288
3020531,24.419246572803093
3020532,41.82056330777414
3020533,6.309313421582916
3020534,0.14189177993139324
3020535,445.11218282524646
3020536,-0.7558983408518178
3020537,-2.868822490453095
3020538,-4.720190333987812
3020539,-3.62787018706942
3020540,-1.3535300706854834
3020541,-2.1822053970727575
3020542,-4.691498348556998
3020543,-2.8107853153863105
3020544,-1.7800514147812283
3020545,-8.064399134869273
3020546,-2.1165360993509967
3020547,43.670206787784196
3020548,36.87454863278195
3020549,-2.5408137648854243
3020550,-5.010453017311343
3020551,35.34701417704258
3020552,6.044094183402812
3020553,-3.0483051736122797
3020554,-1.8636495384811498
3020555,-1.465585897487399
3020556,-4.363004898564796
3020557,-5.233019720556154
3020558,-4.235420863107974
3020559,509.1396001495269
3020560,-6.056320476864458
3020561,115.90061176862223
3020562,-7.2242028090779415
3020563,344.5528913423524
3020564,41.72114622342244
3020565,61.35839991881974
3020566,18.370335504894133
3020567,5.76141647930417
3020568,1155.493365618016
3020569,-0.9390501502090774
3020570,-3.9181205364918785
3020571,-3.59800279501098
3020572,-4.542560645423328
3020573,-2.3308689758482797
3020574,-1.5111279348264728
3020575,-3.1396008090427134
3020576,-2.5809788186870355
3020577,-0.2628593628339149
3020578,-2.789210479728063
3020579,-1.3869745392283586
3020580,113.88095455521722
3020581,65.64788650702639
3020582,-2.7323315384191664
3020583,-3.3523609318886933
3020584,77.90209595873701
3020585,6.567938747520383
3020586,-3.926181849021523
3020587,-4.7516634282215815
3020588,-0.8113543310844034
3020589,-1.6978601502375388
3020590,-4.590629240551575
3020591,-1.645104764477219
3020592,148.45570259150588
3020593,-2.7012297194531127
3020594,41.43631165178791
3020595,-3.068545434765838
3020596,126.39275960414234
3020597,21.23282697864284
3020598,28.025316661235117
3020599,8.846052657573596
3020600,2.4767426617267483
3020601,376.64261556154895
3020602,0.29897663782803646
3020603,-1.0139229803816308
3020604,-1.212842291944744
3020605,-0.858138900130889
3020606,0.30730232785086625
3020607,-0.16216452218593996
3020608,-2.2676997535120065
3020609,-1.4575011175388684
3020610,1.1619357517965727
3020611,-1.1856123768921498
3020612,-0.4552859476700723
3020613,23.339126904804562
3020614,27.773293058370527
3020615,0.1533165697952245
3020616,-1.35232492214162
3020617,15.207379644415251
3020618,3.0959574709023765
3020619,-1.3231341445187537
3020620,-0.11743493819418292
3020621,-1.3861188695133204
3020622,-2.819436497822026
3020623,-5.758628504945159
3020624,-3.2008930689715633
3020625,145.17907657185518
3020626,-4.15706128288919
3020627,38.19727754439467
3020628,-4.557403474820749
3020629,120.15714518253196
3020630,19.08604531816207
3020631,25.238680529186677
3020632,6.794968421532536
3020633,1.607243036064756
3020634,359.2371306141357
3020635,-0.2789423316770808
3020636,-1.6857837349966758
3020637,-1.8002577459278657
3020638,-1.5773532504646757
3020639,-0.3983063300788308
3020640,-0.8511971081415141
3020641,-2.886433456779068
3020642,-2.064044247952497
3020643,-0.166979388073214
3020644,-2.4037495438718723
3020645,-1.088840628352209
3020646,22.41457773280954
3020647,27.690503478829108
3020648,-0.39643831460844015
3020649,-2.0715836039666327
3020650,14.510741786647614
3020651,2.5094255994796004
3020652,-1.9520483606981542
3020653,-0.6298481129981338
3020654,-1.8820704716457295
3020655,-4.363736765392532
3020656,-6.474224971416265
3020657,-5.3219107972848
3020658,83.9130114330878
3020659,-4.314591689879162
3020660,35.80729500676301
3020661,-3.8009061874277537
3020662,162.9688847919743
3020663,16.1614391880708
3020664,21.369268634664113
3020665,8.57168320753793
3020666,0.8472314953005117
3020667,409.8101455194741
3020668,0.2615812747189853
3020669,-2.3631321578046185
3020670,-1.3148402216062165
3020671,-1.0075658419170646
3020672,-2.078626879831652
3020673,-1.096989304107235
3020674,-1.6061305603918732
3020675,-1.5868158216251027
3020676,-0.2717872423115546
3020677,-1.139608257262305
3020678,-1.6712434876852489
3020679,59.49555206519656
3020680,38.686108273283274
3020681,-2.27034113504488
3020682,-3.7488862851446294
3020683,16.168200661434923
3020684,5.4105624575548354
3020685,-1.7374590440306998
3020686,-1.9708042556384384
3020687,-2.1598119069431845
3020688,-2.9334262510780533
3020689,-5.8072974053514965
3020690,-2.874409329351256
3020691,143.3463576900957
3020692,-5.061512002398522
3020693,33.467364050246324
3020694,-4.246173332696926
3020695,141.11775900646376
3020696,20.62441843664652
3020697,34.99407999354735
3020698,6.404376605045977
3020699,-1.9170261261752373
3020700,451.31841518309864
3020701,0.7710004933307392
3020702,-0.9513704098442576
3020703,-1.7046264617152884
3020704,-1.7810705489493739
3020705,-0.42782008786560255
3020706,-1.0236200180713968
3020707,-2.9828924982412897
3020708,-1.4034929350819767
3020709,0.407675076514297
3020710,-2.3797253664148412
3020711,-1.0897791524746754
3020712,19.644291333668352
3020713,31.250461255279134
3020714,-0.7583538138939003
3020715,-3.4784640086157603
3020716,11.649666588482123
3020717,2.5990967044155147
3020718,-2.2436023690436375
3020719,-1.538929697891781
3020720,-2.428760658020492
3020721,6.9900876857592085
3020722,7.940844220937138
3020723,8.54056482416825
3020724,136.1943101260024
3020725,7.3864855118765265
3020726,59.96285590124964
3020727,6.727848705705983
3020728,227.85484017685536
3020729,29.68397601037956
3020730,51.41658517390722
3020731,31.876188543615783
3020732,12.218861156018633
3020733,727.1610789616834
3020734,5.62480230899393
3020735,1.2873777825387513
3020736,2.8055149889787936
3020737,2.8677165714860893
3020738,3.5988186016453616
3020739,2.2180392793105423
3020740,1.6184065398044187
3020741,2.947789136732899
3020742,5.876960864708635
3020743,3.102183931070067
3020744,2.1244697405644546
3020745,27.49326912780976
3020746,46.48967433997342
3020747,2.249937470440236
3020748,2.8412441879341666
3020749,22.875925321113826
3020750,9.77231435777121
3020751,4.088107325685815
3020752,1.7467922983205426
3020753,4.009296728290209
3020754,-4.073469172675978
3020755,-2.561695928850172
3020756,-1.0128682517819834
3020757,236.64087165420025
3020758,-2.9141715532653327
3020759,50.167210767964065
3020760,-3.826361189332383
3020761,182.4518439928342
3020762,51.470000943514165
3020763,54.68012245141217
3020764,25.588405915941692
3020765,7.886268402144801
3020766,640.0245940958612
3020767,3.1450701552209286
3020768,-2.4783240910518365
3020769,0.8093977431621533
3020770,-2.1250596302944906
3020771,1.6997514454086557
3020772,-2.0373930764829127
3020773,-2.5567985957534254
3020774,-2.5765022665646393
3020775,1.7464504388071875
3020776,-4.566519942800623
3020777,-2.5294173490363026
3020778,49.71239564063646
3020779,37.73006204230857
3020780,-0.7099347617975218
3020781,-1.8800433427893997
3020782,51.54363775855337
3020783,11.778309168596643
3020784,-0.27541440790544586
3020785,-0.5238434797546142
3020786,-0.030440322284775907
3020787,-0.3698807552775179
3020788,-4.520594722898063
3020789,-1.0529507198407009
3020790,187.33291020261228
3020791,-0.5749138434744603
3020792,140.4500473666763
3020793,-3.526956047645181
3020794,122.5717134956192
3020795,51.74000622445517
3020796,40.098760756773224
3020797,28.62373109113436
3020798,5.4157277283265515
3020799,450.8135114293842
3020800,1.3433281312373582
3020801,-1.7433766570780065
3020802,-1.5162840503445478
3020803,-1.5022857925960487
3020804,0.7966676560006453
3020805,-0.02894084666895652
3020806,-4.091646747534796
3020807,-1.2202232657462082
3020808,0.6203276641900447
3020809,-1.7630683053427492
3020810,-0.8782168345212633
3020811,20.025070116198368
3020812,33.10420355827413
3020813,-0.60420587164881
3020814,-3.325101477407011
3020815,33.609373054653226
3020816,8.795396721931029
3020817,-1.8344443506817334
3020818,-0.4451038948895439
3020819,0.3253915339190644
3020820,-1.5351013821925155
3020821,-3.1605255768479448
3020822,-0.5952053992627044
3020823,199.06408324715397
3020824,-2.7282855397966337
3020825,36.548890833255065
3020826,-4.168826998124714
3020827,135.62604226110474
3020828,14.404365044472652
3020829,31.58334111916585
3020830,8.405355078305433
3020831,0.3629625312121063
3020832,419.22974354720816
3020833,0.8878435370273291
3020834,-1.620577555812706
3020835,-0.6638290633095676
3020836,-0.04169166087151105
3020837,0.8400958097853799
3020838,-0.44634527602473106
3020839,-1.9655334868224599
3020840,-1.1709558035978989
3020841,0.7359672288218645
3020842,-0.7031789202402797
3020843,-0.4237775192171831
3020844,27.519256271066624
3020845,28.92966310476855
3020846,-0.1233475001646366
3020847,-0.381679304565373
3020848,12.517518412093633
3020849,3.634686236140078
3020850,-1.012395825067615
3020851,-0.4358141083293959
3020852,-1.4353598848752882
3020853,-0.7442140287772053
3020854,-2.023754437618195
3020855,-0.8576978877776127
3020856,308.5234622040307
3020857,0.7251125435851282
3020858,79.10765157461559
3020859,-2.7072547548085275
3020860,185.63886606471556
3020861,113.12985477719542
3020862,45.29596688729813
3020863,42.51373117642884
3020864,30.901665330576144
3020865,697.7310596430591
3020866,4.550009761975671
3020867,-1.3525454348465429
3020868,0.77747467075038
3020869,0.5855899902016972
3020870,0.15827503732129117
3020871,-0.18533731970339434
3020872,0.9462552157703612
3020873,-0.9393028091279847
3020874,1.361599255214678
3020875,-2.372126062798452
3020876,-1.001226819780859
3020877,93.04325619173235
3020878,46.51589822752998
3020879,0.024441937055817115
3020880,-0.5242499692288447
3020881,70.51277963490196
3020882,25.90119622158134
3020883,2.55209233596026
3020884,0.8063030594091833
3020885,6.579390357792727
3020886,-9.243110370362956
3020887,-18.40543648327363
3020888,-9.294290540434268
3020889,0.47437588125878527
3020890,-11.086333347472063
3020891,5.758749858265839
3020892,-13.05632872857499
3020893,-19.284807956594122
3020894,9.430702441043577
3020895,0.5320830148359165
3020896,-3.9433334835154943
3020897,-7.208046737358577
3020898,-65.13934510976905
3020899,-4.259809911437769
3020900,-6.883239391946663
3020901,-5.540768855536007
3020902,-4.422695854804442
3020903,-1.4708632111332554
3020904,-4.720624992157209
3020905,-8.310999454565426
3020906,-7.409951175006463
3020907,-1.6281205180884717
3020908,-13.254857976798375
3020909,-4.231662794901749
3020910,1.9348616818679512
3020911,7.54823988554137
3020912,-3.314838632930114
3020913,-8.147543515029543
3020914,9.487026213055252
3020915,4.42854347336077
3020916,-4.4095576157871985
3020917,-3.151749050041763
3020918,-5.073321194876444
3020919,0.6219284148146469
3020920,-5.073520956116958
3020921,0.4634494086538688
3020922,-6.397195572997989
3020923,0.10070931372367341
3020924,6.215149234234378
3020925,-2.506849645067814
3020926,2.6659984235327645
3020927,-2.9188007484981426
3020928,2.448851073039296
3020929,3.0882001560863452
3020930,-2.7332745701560412
3020931,-6.552273110178212
3020932,-0.7841803862660891
3020933,-2.562194568718733
3020934,-1.5498849388727105
3020935,1.3314130586845931
3020936,2.3543185264293425
3020937,-0.2880793962168172
3020938,-2.9589747676274785
3020939,-2.613497397953142
3020940,2.443667551403778
3020941,-4.994491412821589
3020942,0.6890870226363404
3020943,-2.97421862050669
3020944,6.625604503656397
3020945,-0.7083802978536551
3020946,-2.6579893425302044
3020947,-0.30878991546513135
3020948,0.08191592892588233
3020949,-0.2590505287675478
3020950,-0.09968134541828474
3020951,-2.538200869848188
3020952,-3.365964825765986
3020953,-9.507609542701545
3020954,-4.222108092674461
3020955,-7.284309570036422
3020956,-4.059648585213145
3020957,1.7788910602941184
3020958,-5.525265940499667
3020959,-3.5790296445516288
3020960,-1.0303417301490843
3020961,1.3187404661735493
3020962,-2.209102689355136
3020963,-0.6588853803239907
3020964,-34.93618577051282
3020965,-0.45738222519412375
3020966,-2.4382451719668463
3020967,-2.7522909259693917
3020968,-1.129376298506104
3020969,0.1650664468708054
3020970,-2.1313582159603546
3020971,-3.926649477222236
3020972,-3.164754370119699
3020973,-1.0925122986009592
3020974,-5.762454817901053
3020975,-1.0892465945308503
3020976,1.1540926331217634
3020977,4.75526721526163
3020978,-1.264639485597909
3020979,-2.810089893610534
3020980,-0.5983859011517779
3020981,0.87728923015271
3020982,-2.0151874766960463
3020983,-0.4931675245005681
3020984,-3.5610570589006243
3020985,-1.0147749166896394
3020986,-2.7378308843376042
3020987,-1.5580639116205566
3020988,136.66605938191992
3020989,-1.7274531701878004
3020990,60.32824833617546
3020991,-2.5638575726092676
3020992,122.98845841487069
3020993,60.25623973040696
3020994,26.610808571313903
3020995,14.240204068446252
3020996,14.880375860813388
3020997,395.6310703068165
3020998,3.4005329053540114
3020999,0.5731157664833881
3021000,-0.8434015209403514
3021001,0.6343167445782456
3021002,0.08111692347523786
3021003,0.4581064233748475
3021004,1.428112292066071
3021005,-0.22141495976808076
3021006,0.2617812511077136
3021007,-3.619525910833108
3021008,-1.2503336072948878
3021009,86.83308424171119
3021010,27.348144485981685
3021011,0.35236290657736385
3021012,-1.010815821945548
3021013,32.39101985767193
3021014,10.214349083414673
3021015,1.6569446380361115
3021016,0.14688204197980667
3021017,3.2181261542788704
3021018,4.428518687312608
3021019,2.916343717558916
3021020,1.2557153045960876
3021021,436.55818543910675
3021022,0.6151477386697661
3021023,140.90721326919862
3021024,0.2633391948578355
3021025,236.30839067596926
3021026,137.95106494594424
3021027,58.39860752419816
3021028,53.57256920400344
3021029,31.116446917422312
3021030,855.127380527508
3021031,2.25159255768521
3021032,0.26465118096234846
3021033,2.5498313020732826
3021034,0.5934402393724599
3021035,0.17635453943111543
3021036,1.3315441443901659
3021037,1.8377469276216585
3021038,2.5888285695601665
3021039,2.399154279234783
3021040,6.617674042766078
3021041,1.7049440820561292
3021042,84.14261391801922
3021043,48.66985528215463
3021044,0.7856883566863622
3021045,2.499065500490094
3021046,64.2333391000827
3021047,27.647655046343854
3021048,0.3609819870733122
3021049,1.1937744278598188
3021050,6.8756003153110505
3021051,-4.934832989667048
3021052,-8.44156431131109
3021053,-4.772652471741457
3021054,139.92059183098317
3021055,-6.002912140852131
3021056,50.18155092025161
3021057,-7.416375416180817
3021058,64.55639973163562
3021059,51.11042236947033
3021060,17.408664293380934
3021061,16.755352636436506
3021062,17.904458258779414
3021063,250.7188104315249
3021064,-0.3365948403547736
3021065,-3.2501027020021866
3021066,-2.0130908214562444
3021067,-3.013670979565068
3021068,0.7656011137859968
3021069,-0.13400807436948536
3021070,-5.073531915883359
3021071,-0.18314927257255498
3021072,1.4567326044966102
3021073,-0.07741718893335925
3021074,-0.38244925374237937
3021075,29.188091200864584
3021076,18.899502681594825
3021077,0.7701198057457441
3021078,-4.863256861796222
3021079,17.348519049371827
3021080,11.673267131433567
3021081,-1.2376768377240297
3021082,-0.5408630593014461
3021083,-1.5861914409541353
3021084,1.4589622227822838
3021085,0.00787481992694214
3021086,0.21001923778749187
3021087,166.75849919786648
3021088,-0.15287433184086693
3021089,81.77377938753051
3021090,0.6506972110670177
3021091,121.20359058320945
3021092,49.1808035468607
3021093,32.768051915499015
3021094,20.19037551271969
3021095,10.555027370314951
3021096,497.81719544663815
3021097,3.1308796329665096
3021098,0.8460223273996348
3021099,0.2768047451420466
3021100,0.8714658589141004
3021101,-0.0022867416741315094
3021102,-0.2769885734143349
3021103,0.8904921648636195
3021104,0.8289799052475542
3021105,1.2804087305546021
3021106,0.3911504843296032
3021107,0.9302218310525608
3021108,56.127238668724246
3021109,39.82459483585176
3021110,0.06589437221676453
3021111,2.2880289784890624
3021112,37.91036645699636
3021113,11.134464412815843
3021114,1.5362749566392926
3021115,0.7320773016672797
3021116,4.029847449903257
3021117,13.731976788749453
3021118,18.04867072692868
3021119,14.055247329656268
3021120,436.210217871491
3021121,15.952931642856129
3021122,157.74880840211176
3021123,12.157644120789337
3021124,210.6278663355096
3021125,123.88688418185542
3021126,67.51690608522716
3021127,65.53130399778419
3021128,44.38308080517621
3021129,876.5356096752653
3021130,8.921835711924643
3021131,3.2051944856676275
3021132,5.467669908575983
3021133,6.024541296672281
3021134,3.753413586790332
3021135,4.142608571156918
3021136,5.750193975317263
3021137,7.256242456029389
3021138,6.246151574426905
3021139,18.265419386757706
3021140,3.8893563537956215
3021141,64.62500185829415
3021142,46.81842192230509
3021143,4.995694906433121
3021144,10.687595767707595
3021145,65.3244192139144
3021146,23.09876404476293
3021147,8.719087469410216
3021148,3.774089235310523
3021149,10.527525554362976
3021150,14.281832944280906
3021151,16.5651146702934
3021152,13.3182962372998
3021153,319.66296319071915
3021154,16.792605086499826
3021155,152.4073980750887
3021156,16.55372481986269
3021157,221.59948173934956
3021158,84.02645648622479
3021159,69.86121811348195
3021160,49.23818165804485
3021161,20.082084166942174
3021162,950.2450853870545
3021163,7.846568790151771
3021164,6.039638012354783
3021165,5.502905490434398
3021166,5.9384272668798195
3021167,4.536309470474419
3021168,4.193235213793753
3021169,3.7215862719856636
3021170,6.424090209071013
3021171,7.756197994039805
3021172,13.447887086582972
3021173,4.429397250333798
3021174,44.42662901443772
3021175,55.01278977977768
3021176,3.162420543677483
3021177,8.945230568422746
3021178,47.13445470182219
3021179,15.825319131103436
3021180,4.042306043747569
3021181,3.538863217622686
3021182,8.335170729450267
3021183,-5.8489340961813285
3021184,-7.964015186735491
3021185,-4.442099366590555
3021186,37.97999420910739
3021187,-7.281693957632234
3021188,17.612263029110473
3021189,-7.813154523942212
3021190,11.574615394224967
3021191,6.561968752112298
3021192,4.4062498006903486
3021193,2.900758515434495
3021194,-1.7176006988982906
3021195,38.814909260768616
3021196,-2.259080725667325
3021197,-4.2967082748187275
3021198,-2.7946269039927096
3021199,-2.896133434957944
3021200,-1.0174550623376377
3021201,-2.935278200321543
3021202,-4.629198471166662
3021203,-3.4264208088404735
3021204,-0.5116713833662174
3021205,-9.034909010129148
3021206,-2.459800490333353
3021207,4.91453870372375
3021208,13.664519018998991
3021209,-1.951937573122366
3021210,-3.557165531630119
3021211,6.004115837875809
3021212,2.7486818625323695
3021213,-1.0037573563647562
3021214,-1.3082723856858753
3021215,-5.546786114941267
3021216,2.4671995128200797
3021217,6.873388767464344
3021218,-0.7496534275590965
3021219,900.5283972724927
3021220,5.009306929850718
3021221,205.60144328388895
3021222,7.691238441327878
3021223,423.5298880608883
3021224,276.85241997675814
3021225,93.44754245143544
3021226,125.35158147693727
3021227,87.89006425473883
3021228,1527.6078043624257
3021229,14.162309639470188
3021230,1.757761590209848
3021231,3.8139964308458727
3021232,0.39757662632488067
3021233,1.603470352414006
3021234,0.23128824511368296
3021235,5.096271604917274
3021236,3.7835170849891444
3021237,4.6698806050176795
3021238,17.89240925842143
3021239,1.7621069281411474
3021240,160.99097054985862
3021241,88.94457597376822
3021242,5.132199526621116
3021243,4.94499097812964
3021244,131.7089391986192
3021245,78.04725595735232
3021246,3.803999595345304
3021247,2.484089656720389
3021248,23.997350715120266
3021249,-1.9625386025807534
3021250,-3.060237986417783
3021251,-0.5446465747905312
3021252,102.33687657600706
3021253,-1.2954943546159483
3021254,41.45189164814678
3021255,-1.939385397836595
3021256,85.6725815581395
3021257,22.055172094599982
3021258,20.381555469409797
3021259,14.99470791245512
3021260,3.3705163756532643
3021261,332.0209786315494
3021262,1.5633633162040428
3021263,-1.410127310838659
3021264,-0.6442659758612058
3021265,-0.48949254133317266
3021266,1.488059198380281
3021267,0.3943728447007675
3021268,-2.2878947105756446
3021269,-1.2550292996256098
3021270,2.1866481648676492
3021271,-2.2378716502227394
3021272,0.011169187402476854
3021273,13.737733746980986
3021274,28.069668310134176
3021275,0.26638974408305555
3021276,-0.7772258026004534
3021277,16.99763195736191
3021278,5.4728280275828665
3021279,0.0023740481609934028
3021280,0.18759232076007948
3021281,-0.7656886149274649
3021282,3.9178351853551074
3021283,2.978823963144273
3021284,2.9831278946134625
3021285,190.1158275628083
3021286,4.162815089961405
3021287,96.19390093324185
3021288,2.9903313259460624
3021289,243.2400255154065
3021290,54.99351803941947
3021291,43.19088764883516
3021292,26.669138503013635
3021293,9.748397128786383
3021294,885.4190776732701
3021295,3.693934968530842
3021296,1.9207792634244036
3021297,0.18465274436678775
3021298,0.35531717193596024
3021299,0.2303758619833684
3021300,0.7037192512583648
3021301,1.2466177270124104
3021302,1.0185995796939755
3021303,2.631537489943396
3021304,1.550355127718242
3021305,1.5177451414490428
3021306,53.717126101883835
3021307,54.88160052746257
3021308,-0.029201642445157217
3021309,2.330046274982622
3021310,23.005754347968683
3021311,11.595453869395744
3021312,0.37068302972659917
3021313,0.43086395494701035
3021314,2.159690271940119
3021315,-2.567276031752554
3021316,-4.2681634646563955
3021317,-1.0667199551602244
3021318,95.72409191608865
3021319,-2.1739599113045553
3021320,39.742709384236
3021321,-3.008658625122189
3021322,87.52970471527937
3021323,19.95974520658114
3021324,19.91179599145544
3021325,13.71568998829163
3021326,2.4639700338810733
3021327,359.77085973324705
3021328,1.112727408274652
3021329,-1.6671151249968603
3021330,-1.211333967672988
3021331,-1.083518690062199
3021332,1.029818595488389
3021333,0.05422395360197013
3021334,-2.863138922018414
3021335,-1.3814846981442022
3021336,1.6658001300611
3021337,-0.0333228661381213
3021338,-0.2956251547540228
3021339,14.081035596476607
3021340,30.135676977167343
3021341,-0.2895012543102416
3021342,-2.4817660423592427
3021343,16.655943075435673
3021344,5.191709484155429
3021345,-0.7914339920481211
3021346,-0.3743690121161558
3021347,-1.3812023233326614
3021348,3.818880609011152
3021349,2.709516152834011
3021350,4.167820668601393
3021351,151.4885011018694
3021352,2.983204932539423
3021353,66.43263651598002
3021354,2.582572956681979
3021355,230.4538678752087
3021356,38.507239984651385
3021357,38.45478002704605
3021358,30.124265854833038
3021359,6.551773071681163
3021360,764.8650020868455
3021361,4.140022945167577
3021362,1.7830598728466724
3021363,0.8549779554129475
3021364,2.8414558018878653
3021365,1.424877791979809
3021366,2.264724573558808
3021367,2.5315143086566536
3021368,3.0326179157535136
3021369,3.3154185308093713
3021370,6.283714580401325
3021371,2.860845311353653
3021372,42.83604221835605
3021373,51.85509030536589
3021374,1.1938952451691205
3021375,1.5304996875510926
3021376,23.37704572065678
3021377,11.31171497254519
3021378,2.6922480055296605
3021379,1.7177806913541702
3021380,3.1526775609123487
3021381,4.434818142257173
3021382,3.1134714250360003
3021383,3.874798830116524
3021384,289.45525659438255
3021385,4.699041621846882
3021386,161.2333943427807
3021387,2.7969412474030473
3021388,178.7950928086488
3021389,47.49351861558043
3021390,51.184208650074254
3021391,27.997783750345363
3021392,15.955596173916298
3021393,852.0036949728012
3021394,3.167109386570912
3021395,0.7562855505364428
3021396,-0.1740127443826054
3021397,-1.3476815413191505
3021398,-0.36421414501729266
3021399,-0.35685311455174773
3021400,-0.8509496707585344
3021401,1.6930824692228204
3021402,2.0469801449060765
3021403,1.5149463333028257
3021404,0.024101302423689464
3021405,39.97660554111316
3021406,57.21173539665221
3021407,1.1767668493372114
3021408,6.586391782093731
3021409,26.334391808174324
3021410,9.677723007892194
3021411,0.29587723261825205
3021412,-0.0996215978234681
3021413,2.0246370137841523
3021414,-3.3724602892773206
3021415,-6.794111068290468
3021416,-2.0382976267361177
3021417,111.34138189116294
3021418,-2.234615958821911
3021419,34.33271486082541
3021420,-3.9693331656983357
3021421,85.95260463761385
3021422,16.961623057196704
3021423,16.18748989886427
3021424,13.078336679855829
3021425,8.118777343534624
3021426,387.37787907378527
3021427,0.4312209932083283
3021428,-1.9331788629802464
3021429,-2.3162217856823863
3021430,0.4843060607235441
3021431,1.5925770370964822
3021432,0.7639029379995486
3021433,-2.1215850206484608
3021434,-2.3119182117795516
3021435,0.3196402703292245
3021436,-3.708534962866792
3021437,0.7343186870700743
3021438,22.547198296462476
3021439,24.714604764316324
3021440,-1.6374401686322324
3021441,-1.841784214651378
3021442,11.346972758961957
3021443,4.768379122789586
3021444,-1.502231782215198
3021445,-1.0398286265353398
3021446,-1.11437871165493
3021447,7.584463975618419
3021448,6.728366190939118
3021449,5.210489245851932
3021450,175.23052659017398
3021451,7.0065842793222695
3021452,88.45169643355592
3021453,6.947713268736406
3021454,130.21728895341528
3021455,41.061709204400685
3021456,33.62668724102136
3021457,23.432447386736815
3021458,11.095761592750229
3021459,675.8892410027337
3021460,3.940825404587006
3021461,2.178012901090872
3021462,1.7814329229811778
3021463,1.6058452569064978
3021464,1.2815142880243298
3021465,1.2355229487599284
3021466,0.7859965112188662
3021467,0.7288141362111059
3021468,1.9840339507346583
3021469,2.3781199289960133
3021470,2.1323809334426485
3021471,29.388899786753207
3021472,34.24680844431302
3021473,1.0711432471954618
3021474,3.3071305821990133
3021475,20.707893431347504
3021476,9.764134776493549
3021477,2.0908224966077182
3021478,2.650097422665924
3021479,2.524214804079559
3021480,-2.8994997319563116
3021481,-5.065323547910088
3021482,-4.76016692511228
3021483,176.92011864237094
3021484,-6.574815469672176
3021485,85.24256075973943
3021486,-4.057433981177164
3021487,185.9044215918753
3021488,87.4903186058921
3021489,22.29269446027065
3021490,28.658164230080942
3021491,17.23862264236239
3021492,567.6980258750931
3021493,3.9911275324504025
3021494,-1.20951957085749
3021495,-1.3807738197057984
3021496,-1.3193188972939673
3021497,-0.2886828153478631
3021498,-1.3215030874032232
3021499,-0.5405877781466983
3021500,-1.6496956461454533
3021501,-0.4475851144966941
3021502,3.0389122091286054
3021503,-0.6078020619754966
3021504,39.48036985801434
3021505,41.12256277571021
3021506,-2.1674820301001887
3021507,-2.6827778230313672
3021508,19.583709335227205
3021509,19.488424811624675
3021510,-0.8236499479446571
3021511,-1.468061011308389
3021512,0.974976656545216
3021513,5.058784496002627
3021514,2.9480944088203205
3021515,2.714921200400422
3021516,208.02622200308758
3021517,2.5622401326723043
3021518,109.08423228468811
3021519,5.386563811502946
3021520,245.923706726253
3021521,104.5787636089923
3021522,44.93611552866963
3021523,37.21701407644337
3021524,30.2776107295824
3021525,904.2729992126506
3021526,7.521176319540766
3021527,2.3848585265023328
3021528,2.698296345234787
3021529,-0.1982382345990914
3021530,0.5863492110020276
3021531,1.087872583593537
3021532,2.1938024658669315
3021533,1.9269046314004414
3021534,3.5330922752754237
3021535,4.3338806406217305
3021536,1.3982713924407768
3021537,41.30447556851027
3021538,58.96560418644808
3021539,1.595389162671211
3021540,-0.3183132900403985
3021541,25.41056495344342
3021542,24.77187336731114
3021543,2.2535154030401396
3021544,1.6500169524508168
3021545,4.816582596184628
3021546,1.5629508235432148
3021547,-1.1453988218493805
3021548,-0.5290282699164528
3021549,205.08848029388201
3021550,-0.42734796480101056
3021551,151.11420439257068
3021552,-1.202377620152838
3021553,237.08558576635681
3021554,42.22153666272629
3021555,35.18805510815589
3021556,32.17195010784394
3021557,8.82251513280331
3021558,740.9599546964719
3021559,3.710743382438443
3021560,-0.7919336320557046
3021561,-0.8453186020240606
3021562,-1.209783810099441
3021563,-0.9836519772943644
3021564,-0.6084984371423775
3021565,-1.2566604971924678
3021566,0.6266791826010308
3021567,1.3314786216269499
3021568,1.7039993723476003
3021569,-0.20775947730286815
3021570,28.86862091550825
3021571,56.21162999802236
3021572,-1.0741793177100476
3021573,2.267452071954019
3021574,19.59695466838518
3021575,10.89738118734643
3021576,-1.4815626363018306
3021577,-0.6308715676295901
3021578,1.588415235852474
3021579,-2.8715497771459924
3021580,-4.958986745908483
3021581,-4.0967145582391815
3021582,269.32945642673394
3021583,-2.5912492695194667
3021584,83.8300313467793
3021585,-3.109284381772741
3021586,183.27229982259567
3021587,116.6923283419384
3021588,48.578277659712626
3021589,44.48434555971994
3021590,33.93083656133225
3021591,687.6761122126283
3021592,3.8260367026363387
3021593,-1.4056759318329568
3021594,-0.25279156728764074
3021595,-1.1705829035956412
3021596,-0.6373868421839143
3021597,-1.0286184552959459
3021598,-0.1747889829403721
3021599,-0.35971437325555605
3021600,1.1979284662654393
3021601,0.43367624990514747
3021602,-1.3059112851326062
3021603,87.96798382008652
3021604,47.34135255495988
3021605,-1.2587100695853586
3021606,-2.234539688007794
3021607,69.54714926882473
3021608,28.642579651298
3021609,0.9444870789266859
3021610,0.1408890351278387
3021611,6.163376474365213
3021612,1.7572161946699394
3021613,1.2609595515919945
3021614,3.417938148823354
3021615,151.84894479328466
3021616,2.8830936847485042
3021617,72.34267329713082
3021618,2.9774563243265764
3021619,205.44468318869025
3021620,36.55575784733242
3021621,36.544761219821005
3021622,26.406545545211387
3021623,9.503132564002371
3021624,775.7969845098564
3021625,3.1767907282480268
3021626,0.05417175128602368
3021627,0.08970436414076742
3021628,-0.3455450325307118
3021629,0.8080009237389573
3021630,0.504974895274911
3021631,-1.7715875691141696
3021632,0.8533083840040001
3021633,2.4620086140443767
3021634,0.940267449375666
3021635,0.32501125196530894
3021636,23.607925248700514
3021637,45.48905432433016
3021638,0.7308108420376322
3021639,-0.7387731062645241
3021640,18.362097178594006
3021641,9.646176140285583
3021642,-0.11244639303822063
3021643,0.24452464663493287
3021644,0.8210754589012562
3021645,4.762922900298485
3021646,4.291606237158165
3021647,5.769125138535068
3021648,160.93726005669265
3021649,5.986007848607599
3021650,73.90186702645893
3021651,4.693708004777527
3021652,168.17827127113708
3021653,63.48530731391278
3021654,40.143600092597836
3021655,27.92342753594098
3021656,25.715626258249465
3021657,639.9098682776669
3021658,5.819501765539328
3021659,1.878167553631913
3021660,1.6076651794819794
3021661,1.8981646611030065
3021662,2.7245265572782342
3021663,2.1732977050347584
3021664,1.2091145058596453
3021665,2.2708778359140944
3021666,4.6522179407366515
3021667,4.921655362207518
3021668,2.400942541815432
3021669,33.808963693182044
3021670,43.892800866488344
3021671,2.6424284547285297
3021672,1.857979645343622
3021673,23.025427010339804
3021674,14.610665186641612
3021675,2.9408236789581554
3021676,1.7500337057905255
3021677,4.6454126820751895
3021678,-7.496466099917452
3021679,-11.317215659738872
3021680,-5.306689167865698
3021681,4.782843056218263
3021682,-3.6339948826002364
3021683,7.245378919117794
3021684,-9.680274814853911
3021685,-6.9243529979044975
3021686,0.5209950505888266
3021687,-1.9914119426381511
3021688,-0.0972098315944504
3021689,-0.9735141727970769
3021690,-42.53859904177676
3021691,-0.9946467601144902
3021692,-4.522420056288508
3021693,-2.532880915755675
3021694,-1.9704776255844332
3021695,0.33951711725035455
3021696,-1.0124382175379718
3021697,-5.885892416958784
3021698,-4.137938356375568
3021699,0.5233809145211784
3021700,-8.329750917833596
3021701,-1.915133583163231
3021702,-0.9629103276184174
3021703,8.700318636493424
3021704,-1.0981910294112165
3021705,-4.8901901897165345
3021706,2.6694636614261547
3021707,2.1643145667340584
3021708,-1.7605130247127159
3021709,-2.0424679887168966
3021710,-3.3037793097085952
3021711,1.0509527001628884
3021712,0.059896120014159115
3021713,0.2229821836126209
3021714,393.0604677736052
3021715,0.7851883569045458
3021716,66.85169523583734
3021717,-1.1690395421009998
3021718,169.7603403214537
3021719,25.756051927041995
3021720,33.4926327270111
3021721,20.491327939475376
3021722,8.510069426019495
3021723,602.1116954887053
3021724,1.8600993768736338
3021725,-0.4960656793907651
3021726,0.940685333665108
3021727,0.7034266607427275
3021728,0.6382946131003813
3021729,-1.1139078901385324
3021730,-0.7363611368882699
3021731,-1.0293914583223045
3021732,1.6753416034665247
3021733,3.8777173232289464
3021734,-0.5997781031060981
3021735,29.72219391308815
3021736,35.885361191870956
3021737,0.9290266844960684
3021738,2.768267704323941
3021739,22.03990437519812
3021740,9.787364471983832
3021741,1.3525248858650525
3021742,0.35110001832609894
3021743,1.681534522934992
3021744,1.2863868037879367
3021745,-5.291113394931712
3021746,-10.10708692309996
3021747,1121.0299616075056
3021748,-8.052473747384319
3021749,267.70371175790365
3021750,-9.518060745771017
3021751,585.4487199265284
3021752,393.9467556506127
3021753,148.58085753440258
3021754,151.73053544067068
3021755,124.64110587165058
3021756,1935.3945530838828
3021757,9.888082031316788
3021758,-5.905961851218835
3021759,0.4568656120384368
3021760,-6.252451971662268
3021761,-1.6267267949169946
3021762,-4.375949316811838
3021763,-5.382131422404091
3021764,-2.499949996702944
3021765,-1.815081134135853
3021766,9.933157970138145
3021767,-3.630588239068547
3021768,223.66096856180053
3021769,117.02456278642215
3021770,-4.001444266085327
3021771,-5.502327328602737
3021772,166.3362474828309
3021773,109.69609883341914
3021774,-0.09089181371109589
3021775,-6.030190655775914
3021776,21.37910642114217
3021777,-2.0119418799758932
3021778,-2.5964071114679608
3021779,-4.936263110160326
3021780,864.3101573485578
3021781,-4.315550080966895
3021782,210.78670396916465
3021783,-3.7617797266005253
3021784,552.697369384705
3021785,271.28775709396
3021786,145.47235046482288
3021787,107.2307219390207
3021788,95.98610764612756
3021789,1970.5016472827401
3021790,11.205310911524922
3021791,-1.5559810597980868
3021792,0.7941475705465384
3021793,-0.4657950491419979
3021794,0.31082644335814635
3021795,-2.1521001895405245
3021796,0.05424503966616612
3021797,0.01206280146512656
3021798,-0.5138758648721158
3021799,3.934555134588827
3021800,-0.42816276391751673
3021801,251.28320159886994
3021802,119.03643440292149
3021803,-0.5227710974206456
3021804,-2.5315664728098275
3021805,182.75058469432048
3021806,73.89870949633453
3021807,4.080358154489622
3021808,-2.777426030617171
3021809,21.02969196620925
3021810,-8.570019459703
3021811,-13.231479145831944
3021812,-4.830270830261543
3021813,696.9636518577641
3021814,-12.085841551706654
3021815,158.81249210083638
3021816,-9.714323616281636
3021817,561.5293017020995
3021818,210.2324164576689
3021819,172.62061950165042
3021820,62.03797163037551
3021821,69.00903214394165
3021822,1885.265075798363
3021823,4.245719301963745
3021824,-3.0160424376423363
3021825,-2.031782868306709
3021826,-6.989722028773068
3021827,-2.6742429325323065
3021828,-3.9055288203702547
3021829,-3.660234066091034
3021830,-0.41123733387046746
3021831,0.5942757655482092
3021832,-7.498370836258891
3021833,-4.412581544976147
3021834,274.1535043781813
3021835,140.69921468930482
3021836,-2.789170062420035
3021837,-9.98938416140798
3021838,215.47126204282588
3021839,52.482601167739105
3021840,-1.2178483525930277
3021841,-5.296222386735136
3021842,10.95915078196329
3021843,-4.320151197674677
3021844,-8.33547117202408
3021845,-6.590969963999487
3021846,805.6756065386038
3021847,-12.5980339882099
3021848,211.79401204622366
3021849,-8.825426009849199
3021850,534.198782837371
3021851,253.16078270625326
3021852,157.85537898038245
3021853,85.42528865864932
3021854,68.09510463553997
3021855,1863.330552718833
3021856,3.339065397228751
3021857,-6.175888563964854
3021858,-0.6401619755378668
3021859,-6.823926559241045
3021860,-3.2862510183669835
3021861,-6.175691749612616
3021862,-5.853055455261165
3021863,-2.0303729881125943
3021864,-1.4254460482282045
3021865,-1.9461143901361173
3021866,-6.338500410482101
3021867,200.62780219958313
3021868,130.89513189866432
3021869,-2.7702384781147886
3021870,-7.981567879901886
3021871,198.25784268144423
3021872,64.18346376408901
3021873,-3.172108392104164
3021874,-4.933622581571799
3021875,12.687022505740206
3021876,-6.637154669970732
3021877,-15.213910969401296
3021878,-4.0587485907078005
3021879,516.6840848573639
3021880,-8.759527052281884
3021881,170.64293945379802
3021882,-7.4039838249539205
3021883,506.3629472463007
3021884,177.5362130870391
3021885,156.955586034434
3021886,51.36792009056746
3021887,55.583718017301216
3021888,1722.9028849234596
3021889,4.645425188577556
3021890,-1.099135974353867
3021891,-3.175360001294266
3021892,-5.79894189560695
3021893,-2.415792416697459
3021894,-1.8122262049537856
3021895,-3.348871955075556
3021896,0.10280649074285975
3021897,2.0550164045626116
3021898,-2.4538782985897525
3021899,-0.9762672459824717
3021900,232.09514886502092
3021901,132.05273865286077
3021902,-1.1369881057788915
3021903,-7.999608095761541
3021904,198.04605204477167
3021905,45.3255938229351
3021906,-3.4047810509008194
3021907,-4.440202998028944
3021908,8.35217692541195
3021909,-7.567537507788329
3021910,-10.328998643978666
3021911,-8.655359621086355
3021912,548.2847616226504
3021913,-9.952146543584059
3021914,136.13119858377394
3021915,-13.420510311245472
3021916,264.5156504157074
3021917,185.2302165954025
3021918,69.89292589664916
3021919,69.0189083490564
3021920,53.09488642696778
3021921,900.2795733880964
3021922,5.123826695534281
3021923,-4.659633118914953
3021924,-2.935330712228261
3021925,-5.397123624237976
3021926,-0.7291681100765164
3021927,-3.329178833752976
3021928,-6.951310823739295
3021929,-5.478694833391727
3021930,-3.0067525477682833
3021931,-2.1225326579539434
3021932,-3.9233481906233827
3021933,119.26081669932731
3021934,64.59960522188562
3021935,-1.4868575538754703
3021936,-4.071529103015965
3021937,76.0741891675587
3021938,55.10678223859321
3021939,-1.9646255807992201
3021940,-3.151626987257587
3021941,9.46364921472621
3021942,0.44290109092980845
3021943,-0.4850662447694095
3021944,2.331711516949726
3021945,207.73546122886984
3021946,-0.21147530933259995
3021947,85.16367710419472
3021948,-1.0897459324549708
3021949,235.99692832784245
3021950,77.59517725156678
3021951,55.28059431312525
3021952,38.17719789268798
3021953,27.868219991824084
3021954,754.032733428676
3021955,2.092973604774015
3021956,-0.8622205383276015
3021957,0.18151778424857185
3021958,-0.46565055718674564
3021959,0.7343511644060345
3021960,1.7290563826090513
3021961,-1.6373586291640825
3021962,0.9113287795971701
3021963,6.233570905333545
3021964,1.9126389662401562
3021965,0.9101636745698487
3021966,71.39047504196365
3021967,53.224073274597245
3021968,-0.41320663197693647
3021969,-0.7235408545017754
3021970,43.07965303876481
3021971,22.67639522892234
3021972,1.480185686005061
3021973,-1.539222748102693
3021974,2.217579605208157
3021975,-2.4792996383893118
3021976,-7.4364147304766455
3021977,-3.6828795594871555
3021978,388.972875072817
3021979,-5.415917234174958
3021980,114.78926522770007
3021981,-4.107165680056514
3021982,369.4207564566816
3021983,127.94708250385304
3021984,93.93027940189121
3021985,33.394951831633335
3021986,25.24921606070784
3021987,1291.2707305049764
3021988,6.774521784042062
3021989,-1.8000543489883603
3021990,-1.4885400504297466
3021991,-5.008873878034465
3021992,-0.9464824278331252
3021993,-3.217707130434592
3021994,-3.387261291398718
3021995,-0.9586919585328177
3021996,2.53350478243583
3021997,-0.9852586009299011
3021998,-2.017110787148722
3021999,146.66991521209758
3022000,92.38873853150469
3022001,-0.6608155965998777
3022002,-5.535093530502018
3022003,79.52973404118795
3022004,36.138571672403394
3022005,-0.0059334036885048125
3022006,-3.3209907419441516
3022007,3.4156578224465557
3022008,4.229993856296533
3022009,3.8494747492742682
3022010,1.463353569263454
3022011,652.0659920535882
3022012,2.951999432145858
3022013,193.9316774434837
3022014,0.7756682444598482
3022015,312.12335480396365
3022016,214.82746477475365
3022017,76.19156045419946
3022018,80.22694505497256
3022019,70.59557674575728
3022020,1101.1874853443392
3022021,5.138326169958782
3022022,-1.5798524729626662
3022023,1.5554242533595608
3022024,-0.35726849838742053
3022025,1.563363143884235
3022026,0.019237232371378865
3022027,-0.04076198826398468
3022028,0.34081857459932496
3022029,1.0200608820153503
3022030,7.475449421107005
3022031,0.2948466374487907
3022032,133.40530965236502
3022033,63.12650412919375
3022034,2.5961061111927486
3022035,1.4355157761030206
3022036,94.57175172774096
3022037,47.85437492174172
3022038,2.9968884704117587
3022039,1.5517961032658423
3022040,13.194408175526078
3022041,-3.8402098467738566
3022042,-11.253196764525116
3022043,-4.813427308601155
3022044,-3.67896842026929
3022045,-4.403031794644981
3022046,9.2028347987193
3022047,-9.024169800434775
3022048,-10.297388314328238
3022049,6.125668790900564
3022050,-1.5751390688833329
3022051,-0.6442621535422097
3022052,-1.5218831908844004
3022053,-38.20100094552719
3022054,0.3366871857893967
3022055,-3.563724217548752
3022056,-4.6821531386006665
3022057,-2.526007735101508
3022058,2.144895600218715
3022059,-2.249007656389458
3022060,-5.299067148350405
3022061,-4.620110636312935
3022062,-1.5776167075591059
3022063,-11.074289745876346
3022064,-2.3787908491253806
3022065,2.018012189248002
3022066,5.164407009959063
3022067,-2.2726893605880525
3022068,-4.307765368414318
3022069,-0.8483374674856532
3022070,7.598504408506069
3022071,0.8459389706955096
3022072,-2.4558392949659775
3022073,-3.0395421053024494
3022074,-0.07848798784058664
3022075,0.35508647860018194
3022076,1.2165537875151984
3022077,-7.813391128706957
3022078,1.3352507827723945
3022079,3.1740103495506573
3022080,-2.2432849100545535
3022081,3.2230649545077172
3022082,-2.532916367667494
3022083,-0.14925090199431545
3022084,0.33757570316954455
3022085,1.3419994989973203
3022086,-0.0602055245089288
3022087,1.3184545991936285
3022088,0.14529744158988245
3022089,-0.23427238708089704
3022090,2.506063480348288
3022091,2.212559040943506
3022092,1.0375153306198808
3022093,0.06394293911536808
3022094,-1.2045363626253005
3022095,0.8577173512844035
3022096,-3.4029087832225984
3022097,0.6597216650234805
3022098,-0.9628126125400014
3022099,4.117794120388493
3022100,-0.171703868868068
3022101,0.30570454974645483
3022102,-1.5689599908492529
3022103,2.1527904693359052
3022104,2.0978496647357074
3022105,0.9060608894298764
3022106,0.6315419835541013
3022107,4.011905086733895
3022108,3.523591210708255
3022109,3.909287273912633
3022110,134.40228897587366
3022111,5.355028704391007
3022112,59.392590863588644
3022113,6.025048160376119
3022114,254.90404297666203
3022115,16.407782828269553
3022116,32.14822444037827
3022117,18.130144884406548
3022118,10.246349655366139
3022119,747.7103723021883
3022120,5.789855352836177
3022121,3.547603099509554
3022122,2.551285597636681
3022123,1.2979805972146572
3022124,1.8735589563700454
3022125,2.001794099916126
3022126,2.1161342421562885
3022127,2.8002578141366143
3022128,3.794908851306693
3022129,2.7952776874404415
3022130,2.2939700537702925
3022131,12.863574558126158
3022132,43.12695134479281
3022133,1.9149826634610987
3022134,1.8716439625206043
3022135,10.160392714319052
3022136,13.239639841546353
3022137,2.6379092507751123
3022138,2.5751246775105323
3022139,3.1387228645409344
3022140,1.9201539609441536
3022141,5.519343564470177
3022142,0.9228452946244216
3022143,371.53630459619717
3022144,5.092474450071459
3022145,97.51539504054512
3022146,3.9875982068361195
3022147,273.4603599324165
3022148,131.29005117939377
3022149,65.14973059508935
3022150,57.73342165930895
3022151,51.673914173425366
3022152,968.3652183723634
3022153,7.666808984786912
3022154,3.5638847660832105
3022155,2.1972686105270984
3022156,3.800102626237494
3022157,0.349157544059126
3022158,1.8639088708309282
3022159,6.441099165870256
3022160,3.135887940092798
3022161,2.0794220447199767
3022162,6.480279321815215
3022163,2.516652300743881
3022164,105.39165032766353
3022165,56.26601976625054
3022166,3.091122062975337
3022167,4.217852492627713
3022168,106.03134550478805
3022169,32.33263265133093
3022170,6.306834228778099
3022171,2.49173813807829
3022172,13.114335792976197
3022173,-9.62808170411925
3022174,-12.961981207630165
3022175,-9.706674462490337
3022176,348.6705960353611
3022177,-13.129154809175816
3022178,97.99000681096354
3022179,-14.836264415057375
3022180,148.37263998265203
3022181,137.9041418237919
3022182,34.44765965967628
3022183,47.6256349682511
3022184,32.29640000701576
3022185,470.4595629659119
3022186,0.8595458101436086
3022187,-6.596198181300425
3022188,-3.724541241459519
3022189,-6.609467376519605
3022190,-1.871524019036151
3022191,-3.4912426703493114
3022192,-8.675717876288545
3022193,-4.119412309070613
3022194,-0.04726066317743971
3022195,-0.04992101939624266
3022196,-3.6846379646845167
3022197,92.72130816540957
3022198,37.46374445052454
3022199,-3.7352370818819325
3022200,-8.111519778249354
3022201,50.1165833143481
3022202,32.96440423154432
3022203,-2.0617918651614313
3022204,-4.603462849981515
3022205,1.685391571741493
3022206,1.3772182285442252
3022207,2.3328694200154816
3022208,-0.6401871585530171
3022209,472.28938968688874
3022210,-0.08796858888090342
3022211,121.40550677961801
3022212,-4.694717241930048
3022213,262.50931281716083
3022214,178.63683266993263
3022215,57.90396121552868
3022216,70.19631221147195
3022217,36.423858535078544
3022218,851.114675410533
3022219,5.735785622574003
3022220,-0.7065149488415046
3022221,1.6559813937288346
3022222,0.19246426316778525
3022223,0.9559671682049157
3022224,0.8748591137182666
3022225,0.25806604007986617
3022226,-0.09260983412445059
3022227,3.7878824229175736
3022228,6.284184763048724
3022229,0.7191870795754949
3022230,106.04968932983857
3022231,55.37594599842327
3022232,-0.011999121434673687
3022233,-0.5080115870990676
3022234,65.05973598136283
3022235,43.34236835603569
3022236,1.7434157003391375
3022237,-0.9744451409403336
3022238,10.726662100727989
3022239,2.6805309487026903
3022240,1.0712714720559913
3022241,3.3031132246161357
3022242,331.53164683348155
3022243,3.309378677551176
3022244,118.01383698282359
3022245,3.6035610455359355
3022246,345.78965538733354
3022247,80.29487214288343
3022248,98.65507510465943
3022249,42.241106836872454
3022250,14.489738299825621
3022251,1222.3415384463847
3022252,2.393990675541427
3022253,0.8916255347326296
3022254,1.8735853442540975
3022255,-1.9433745722163804
3022256,-0.573076508980157
3022257,1.964466585771188
3022258,-0.6179976956336395
3022259,3.4087947530510068
3022260,4.764816741748874
3022261,0.43585213653714194
3022262,-0.14109152463159252
3022263,73.36125449489136
3022264,77.29953394920402
3022265,2.3194558724345553
3022266,-1.7160073979396886
3022267,90.50368713460466
3022268,18.519671041535332
3022269,2.0354567016725196
3022270,-0.624965877190043
3022271,3.7790057799446006
3022272,-0.04837386219260224
3022273,-1.5773924499515581
3022274,-0.9737607843701335
3022275,172.38903234318153
3022276,-0.8603729827308415
3022277,58.463825803237526
3022278,-1.0796408821298973
3022279,133.47678987923734
3022280,83.38142909817202
3022281,26.293350712209612
3022282,30.076038228198996
3022283,15.483594478248342
3022284,397.09706969199397
3022285,3.2604985429061344
3022286,-0.606139040614289
3022287,-0.7238796949135577
3022288,-0.22003161481116873
3022289,-0.9206692770761947
3022290,-0.2984672885647524
3022291,0.14190934098328395
3022292,0.3555182215332752
3022293,0.2412082557724716
3022294,11.895301780801564
3022295,-0.5631807550069425
3022296,63.98220532753801
3022297,20.39206952938548
3022298,-0.9043388220431371
3022299,-1.1211939446556518
3022300,39.15276030791465
3022301,12.471744269007614
3022302,0.33388050396216384
3022303,-0.49101289138903664
3022304,3.894928374333058
3022305,-0.2067764145037655
3022306,-1.3073142868254675
3022307,0.6374997814202289
3022308,96.7408477315308
3022309,-0.4035781126790243
3022310,30.128679277157538
3022311,0.27719602622877576
3022312,148.83337103253712
3022313,19.12790818245987
3022314,38.10451212555013
3022315,9.666799836561003
3022316,2.099291928085732
3022317,457.9622160447302
3022318,1.5991159437199531
3022319,0.04106176457949914
3022320,-2.750258308059638
3022321,-0.08266341031377125
3022322,-0.09025089099053729
3022323,-0.6188559420282764
3022324,-0.4163956542914548
3022325,-0.5609236670312385
3022326,-0.2824128200719497
3022327,0.8215421234993483
3022328,-0.23058631980409702
3022329,46.31407322836195
3022330,27.027716672827882
3022331,-1.050774691818151
3022332,0.668066942735486
3022333,24.95855648446057
3022334,4.170451115359028
3022335,0.1628810368478571
3022336,-0.6829146368400689
3022337,1.4341401692168712
3022338,-0.0997429678434491
3022339,0.5143755022020562
3022340,0.48873736727273354
3022341,443.3874933768562
3022342,1.0805554488327835
3022343,110.793407043972
3022344,-0.5260927621138762
3022345,323.4735064676645
3022346,36.80752252127324
3022347,55.22358586351194
3022348,21.044237650064495
3022349,13.65745928321332
3022350,1097.7502534844991
3022351,2.7700321346021157
3022352,0.3707893959776629
3022353,-0.014546263422125755
3022354,-0.43115977729819865
3022355,0.25804629288777503
3022356,1.4561607312290654
3022357,0.8579704287078129
3022358,0.757637574866858
3022359,2.7158544237105886
3022360,3.9771793036199963
3022361,0.8482657523056333
3022362,120.70840212588537
3022363,54.106167944580264
3022364,0.5730320233660677
3022365,2.673992883113351
3022366,65.02914255718312
3022367,6.720819358774788
3022368,-0.384673975918231
3022369,-1.507984943534866
3022370,2.999024514689481
3022371,0.43952639886905687
3022372,-0.6994612292969395
3022373,-0.5880854380672826
3022374,132.81387790710602
3022375,0.13151606641680708
3022376,40.947514648097936
3022377,0.6198681095916981
3022378,139.00749878427865
3022379,21.674324488696147
3022380,28.298178999236697
3022381,9.337533786008208
3022382,4.2127390336945245
3022383,474.3204685798162
3022384,1.0037741393080069
3022385,0.7283359330362146
3022386,-0.42541648097248974
3022387,-0.2880516860145144
3022388,-0.31213667606098167
3022389,-0.21379440603726838
3022390,0.19257662730400626
3022391,0.040396155200796785
3022392,0.5947190070743817
3022393,3.4611508553314705
3022394,-0.22223080535542977
3022395,30.813078541124778
3022396,23.953627169559404
3022397,-0.19159635929943758
3022398,-0.03207046391020407
3022399,13.917469039739299
3022400,2.7808408506884734
3022401,-0.4238915808166347
3022402,-0.45332759779921616
3022403,0.3808755094917433
3022404,-0.36983148796221943
3022405,-1.629752546891177
3022406,-1.650474838247246
3022407,131.34534482145617
3022408,-1.0357555700305965
3022409,38.352082239166265
3022410,-0.6542874749517794
3022411,135.09071445402842
3022412,19.86480906779805
3022413,25.639111358890222
3022414,7.697205064114024
3022415,3.104068097506097
3022416,463.99366722798584
3022417,0.7254109324953607
3022418,0.3507695350579888
3022419,-0.8966192203588434
3022420,-0.7735033751430456
3022421,-0.7698832051023055
3022422,-0.6078288082226209
3022423,-0.15370084709960793
3022424,-0.29725248138383903
3022425,-0.18992890455665473
3022426,2.541173809103457
3022427,-0.5568491613982042
3022428,30.38543584767969
3022429,24.570320310165336
3022430,-0.4895893771512783
3022431,-0.4598004690562083
3022432,12.582041282694044
3022433,2.3920349079737933
3022434,-0.8439613711757555
3022435,-0.7707700130277954
3022436,0.08342564853126538
3022437,0.5847051384453517
3022438,0.5235760300879337
3022439,-0.4023797780572931
3022440,87.61278660397736
3022441,0.18040527057375585
3022442,40.44917531679188
3022443,2.424609904551908
3022444,195.48777893663106
3022445,21.600026386033058
3022446,25.262972116216044
3022447,10.809538572996754
3022448,2.3137195873979364
3022449,529.039357757407
3022450,2.8542623274105723
3022451,1.3378015671499748
3022452,0.5015769196967744
3022453,1.1086419227852027
3022454,-0.40339442575536616
3022455,0.9898881363401165
3022456,2.1024204861912152
3022457,1.390982278948534
3022458,0.875164936306203
3022459,4.142303443658522
3022460,0.8893188165117614
3022461,75.45587867224206
3022462,41.91749064664447
3022463,-1.2440663334788837
3022464,-0.5295984715743247
3022465,15.047102737763156
3022466,6.176544646204595
3022467,0.15618466122595465
3022468,-0.4346378410833563
3022469,1.716564729812701
3022470,1.0694574510521488
3022471,0.8223872082926664
3022472,1.6040745188552683
3022473,138.40764807179679
3022474,1.1573056117452507
3022475,35.9735634894437
3022476,1.8971382603912934
3022477,159.4943203772221
3022478,23.026787942422818
3022479,36.97714310651427
3022480,10.587590491385416
3022481,5.346257195212479
3022482,568.712103076869
3022483,3.092948865250146
3022484,1.5166901321135084
3022485,0.5706045390924556
3022486,0.37045225265038423
3022487,0.890448522257284
3022488,0.05500582066750209
3022489,0.6341442874358018
3022490,1.0909587115175237
3022491,2.29487663353073
3022492,3.297811801309254
3022493,0.25341136803333936
3022494,27.362882403028514
3022495,27.83265033540949
3022496,0.5108150002904586
3022497,0.5696037642367718
3022498,11.544826624503258
3022499,3.2858759920053853
3022500,0.3875700932118616
3022501,-0.31769766772355074
3022502,0.6052969328396557
3022503,3.305691749407488
3022504,5.322251337539418
3022505,3.920042200562129
3022506,106.78243025324882
3022507,3.3045113561584003
3022508,48.662216265328276
3022509,3.9010335458107877
3022510,180.1060028327405
3022511,22.74909050222712
3022512,38.397885003208465
3022513,23.343320117396907
3022514,5.223645871884605
3022515,572.9273537059535
3022516,3.1644237669994615
3022517,0.5157570577196747
3022518,1.1673698001075536
3022519,1.0993125106717707
3022520,1.1655734634559123
3022521,0.4334400420676321
3022522,0.9494499560948315
3022523,1.9530371355953686
3022524,3.2881465053724606
3022525,6.045070353534575
3022526,0.23619794088848722
3022527,24.966326447977593
3022528,34.125806653739716
3022529,1.1364086314650192
3022530,1.9265555593349564
3022531,18.471911733857198
3022532,7.0848907460812915
3022533,2.4100898715924997
3022534,0.21994689811370335
3022535,2.8407705254619944
3022536,0.8889827731661354
3022537,2.739496405415657
3022538,2.5913164498728656
3022539,187.08741974396298
3022540,1.5339082602163399
3022541,44.778720150496696
3022542,1.2105025872093393
3022543,170.87311775580878
3022544,38.304114727250344
3022545,44.62370098824369
3022546,23.019607278879015
3022547,5.4594156498983155
3022548,589.6804263909709
3022549,3.922443935360643
3022550,-0.26758111916176863
3022551,1.1217132983315243
3022552,0.24355515450376514
3022553,1.5439972122051768
3022554,-0.31001354017698757
3022555,0.154386510609429
3022556,-0.40551197230342945
3022557,1.9710540619173482
3022558,3.8975965519960667
3022559,-0.29809722388028614
3022560,48.12274974069223
3022561,25.670114493646324
3022562,-0.1701721732359874
3022563,1.3275531524794042
3022564,36.44995159872313
3022565,8.276186692400223
3022566,0.993731249210714
3022567,0.14357403202920976
3022568,1.4255291315827616
3022569,3.622654377660037
3022570,0.7285608362811672
3022571,2.246890217605978
3022572,157.14020121915144
3022573,3.0608191096501467
3022574,131.8033922121118
3022575,1.8188023776782576
3022576,109.02071046182132
3022577,41.98518913690114
3022578,32.5679629123566
3022579,24.023548369034692
3022580,5.215641546235662
3022581,417.3406956822745
3022582,2.0488045979500384
3022583,-0.28565434910928156
3022584,-0.47424850613821035
3022585,-0.1745979707677634
3022586,0.2734418795831152
3022587,0.34033956343628247
3022588,-1.4229054498344431
3022589,1.0080435798751204
3022590,0.283812706890385
3022591,6.024589101399834
3022592,-0.5933117878435586
3022593,19.133147069535145
3022594,20.045805694570046
3022595,0.10206390769762952
3022596,-0.04477054567848429
3022597,20.403354154129303
3022598,5.515612083569541
3022599,-0.4343068044005577
3022600,0.38374123190940734
3022601,1.4579550773698338
3022602,0.034207921769193496
3022603,-0.2492667040552351
3022604,-0.12582541617186505
3022605,175.51912243693891
3022606,0.13251924656149644
3022607,34.68786064804641
3022608,-0.9942834697529908
3022609,136.24230889202852
3022610,14.830651447259225
3022611,28.440702176072808
3022612,8.128304748140945
3022613,4.69144212909945
3022614,467.73583083520793
3022615,0.9288711848192907
3022616,-0.2931893752988981
3022617,-0.10852027999659182
3022618,-0.13705185283089122
3022619,0.11750204426309208
3022620,-0.6844853763954597
3022621,-0.44653590422855816
3022622,-0.054113730918979856
3022623,1.1862052921274882
3022624,2.402430077305289
3022625,-0.5884697133042938
3022626,31.009845678158847
3022627,24.28850908177126
3022628,-0.42689644244943337
3022629,0.32473493633292494
3022630,10.67104868883922
3022631,3.0416493949550203
3022632,-0.54472332137183
3022633,-1.02270428085787
3022634,0.10206252352730194
3022635,-0.3479895983332972
3022636,-2.6785017235112627
3022637,-0.6508353274783076
3022638,215.45525282709735
3022639,-0.12335330064168365
3022640,64.01226992761363
3022641,-1.6220755391215789
3022642,158.53487146735236
3022643,88.11749901980285
3022644,33.4717799481755
3022645,32.049875453943784
3022646,17.6468144428527
3022647,545.5337493875872
3022648,3.619227330828653
3022649,-0.5367290376321034
3022650,-0.824419683807355
3022651,0.41166017105016184
3022652,-0.5664917124448766
3022653,0.17299096327387814
3022654,0.3565721882353228
3022655,0.23823268810781878
3022656,1.189333685501806
3022657,8.970067684465793
3022658,0.09812592303958806
3022659,85.76213839946699
3022660,31.999651473215202
3022661,-0.6396160937222884
3022662,-1.0245402091050801
3022663,51.34833798028158
3022664,17.188618333152046
3022665,1.052275577405335
3022666,-0.4944610975460091
3022667,4.656977010706132
3022668,-1.1316611237523102
3022669,-7.2996249353184615
3022670,-0.02707821632575358
3022671,3.779988613125862
3022672,-2.05111726391453
3022673,9.517230915349066
3022674,-3.5174888659974024
3022675,1.099537195355115
3022676,8.964970461324665
3022677,5.458848989429244
3022678,-0.1510775842433214
3022679,-2.9262950570171005
3022680,35.23567223064224
3022681,0.028153551215327755
3022682,-2.6892940566027024
3022683,-1.8042579761093294
3022684,-0.7632974528152408
3022685,0.06565909752534935
3022686,-2.1669094174433847
3022687,-3.560194085151343
3022688,-3.340905067668755
3022689,0.10566158065637868
3022690,-3.5027702144269277
3022691,-1.4454575164652488
3022692,4.071058508582209
3022693,2.8487751802952337
3022694,-0.11247537080587788
3022695,-2.161568018384096
3022696,7.227468333298421
3022697,3.8415683069030275
3022698,-0.5622405792434803
3022699,-0.34983257089126707
3022700,-1.1608389564514436
3022701,1.4005535342794246
3022702,-1.461483265618044
3022703,1.1449437875702277
3022704,0.24822232237620478
3022705,1.6230968460462099
3022706,2.3038062553014607
3022707,0.6771276095239228
3022708,4.088754516368827
3022709,-1.345998811538484
3022710,2.9046991028357296
3022711,2.457032301775034
3022712,-1.350934934929005
3022713,26.467034727081046
3022714,-0.15433474224108068
3022715,-1.0516118124476999
3022716,-0.23026109428781638
3022717,1.9278210465027221
3022718,0.6628562506315938
3022719,-0.7685581356594048
3022720,-0.5951054734413992
3022721,-1.0119059628228932
3022722,0.9938278046360212
3022723,-1.765726125527217
3022724,0.14144635624295915
3022725,-1.3329830442489765
3022726,2.836058385536053
3022727,0.4730696767634436
3022728,-0.2821636335627045
3022729,0.35732919557307474
3022730,-0.5827358629703303
3022731,1.0780898371669536
3022732,0.5466656852185043
3022733,-0.1937435495617319
3022734,-1.3059455423415056
3022735,-4.376672898982651
3022736,-1.0208198304336111
3022737,1.3888546594022775
3022738,-0.08565265460987581
3022739,2.6075003747864685
3022740,-1.4907284283012996
3022741,5.580807517656285
3022742,1.0801381203018536
3022743,4.340183459890322
3022744,-1.2078889648118638
3022745,-4.852955612656587
3022746,25.411793502923537
3022747,0.5958791754714184
3022748,-0.9793648435237993
3022749,-1.1947131509077735
3022750,0.39157059769066116
3022751,0.04069015263703478
3022752,-1.5989824672706892
3022753,-1.153580411850271
3022754,-1.7659275248525956
3022755,-0.8062745464499312
3022756,-2.719160359182242
3022757,-0.389980399463966
3022758,5.663572584827198
3022759,3.0143226475027047
3022760,-0.8269577594404109
3022761,-0.03253477700127405
3022762,0.32719205753412095
3022763,0.07284573706310771
3022764,-1.1875255627334265
3022765,-0.4299155213923951
3022766,-1.5615718937885685
3022767,-0.6096747322103329
3022768,-1.087263684858117
3022769,-0.6221119349728542
3022770,110.82712841914508
3022771,-1.112269563986265
3022772,53.89414705730232
3022773,0.5840738645882811
3022774,109.78277736887277
3022775,52.164761616097465
3022776,24.326329396451836
3022777,12.519377092311988
3022778,7.489459254052805
3022779,373.8618522370848
3022780,3.9239163349265436
3022781,0.8188009857416909
3022782,0.3789597975693323
3022783,0.5471719207124262
3022784,-0.21633879129331032
3022785,0.16833074987349392
3022786,1.5684143318456338
3022787,-0.043770218482095516
3022788,0.9524247407983057
3022789,5.09987905614762
3022790,0.20147296789262337
3022791,167.19546157333673
3022792,20.57548893738829
3022793,-0.6516019570155185
3022794,-0.6008597148978878
3022795,30.020062301748915
3022796,9.885003748400267
3022797,0.5552337753694154
3022798,-0.02962944726641581
3022799,3.626039912641427
3022800,2.608136233238256
3022801,1.6299883520487493
3022802,-0.7276507244175446
3022803,334.0201047444916
3022804,-0.13805705232669407
3022805,114.4333248805975
3022806,1.635936948908493
3022807,213.898301868079
3022808,122.11733691102526
3022809,47.443737029605764
3022810,44.256634348102736
3022811,23.346229983246033
3022812,721.4451373470099
3022813,2.1717169619314087
3022814,1.2629671159618305
3022815,1.7832476438758318
3022816,-0.4175215497576278
3022817,-0.7519311524602812
3022818,1.1709614204811374
3022819,2.1432855453078377
3022820,2.5524275641977443
3022821,0.7664930790738003
3022822,13.927008411076159
3022823,1.5020046901500903
3022824,79.16200551508354
3022825,36.91513397077975
3022826,0.31079112508737355
3022827,0.636520009769622
3022828,57.87015961590437
3022829,23.54618760070374
3022830,-0.3996388118809113
3022831,0.7567118834324651
3022832,6.859098078236741
3022833,-2.5210744127051297
3022834,-4.11463487859226
3022835,-1.7456989577260174
3022836,119.27305278249077
3022837,-2.523903850178249
3022838,40.22849089943436
3022839,-3.4147966103791263
3022840,63.30909337412828
3022841,46.85042787827486
3022842,16.050740001775665
3022843,14.980952823082589
3022844,6.940983592126286
3022845,238.41832694133933
3022846,0.38360469543287756
3022847,-1.8718765472088856
3022848,-0.3855137674984144
3022849,-1.9612542213187774
3022850,0.2779671448035878
3022851,0.006295241381412742
3022852,-2.9644017428530063
3022853,0.3600240824252251
3022854,1.3802589884954433
3022855,7.82820761254221
3022856,0.23809292498390278
3022857,32.60635902056292
3022858,12.837465418800857
3022859,0.08443311252376584
3022860,-2.8070988708303046
3022861,16.234889428412643
3022862,9.943473501200934
3022863,-1.440409715922069
3022864,-0.6291040380937194
3022865,-0.062235915713099554
3022866,-2.1882047424466147
3022867,-4.090463566602484
3022868,-2.3644403903230704
3022869,96.46774480248547
3022870,-3.1400721038184565
3022871,55.57597325166426
3022872,-2.2514594108847086
3022873,77.90720797121584
3022874,31.197962356771388
3022875,20.650959001390074
3022876,9.968835927460532
3022877,1.5683728427483086
3022878,286.29659234681526
3022879,0.9350958304587698
3022880,-0.7319828183167261
3022881,-1.9551726289586506
3022882,-1.0721447474695447
3022883,-1.0205910005309557
3022884,-1.2434478381905207
3022885,-0.9053623927203149
3022886,-0.9759201964823001
3022887,-0.44682071580381255
3022888,3.117129668339833
3022889,-0.49511607653429346
3022890,45.86720598987242
3022891,25.736605812948138
3022892,-0.8639038785994194
3022893,-0.9296312424425264
3022894,25.475256981900706
3022895,6.207731982062279
3022896,-1.0903500207479078
3022897,-0.7513105230954238
3022898,1.5973743905038578
3022899,1.218477374531867
3022900,0.21822965832303443
3022901,0.580368453399642
3022902,230.38585886584792
3022903,2.170802176804791
3022904,95.0295500082201
3022905,0.48558163390349357
3022906,118.40381208380363
3022907,79.8481099877043
3022908,37.513432499297416
3022909,35.39383744385246
3022910,17.596969435221766
3022911,507.8093644171605
3022912,2.7415259333006836
3022913,0.1158756352820205
3022914,0.5769600417321931
3022915,-0.46073952749703295
3022916,0.953124130151366
3022917,1.6169344714829208
3022918,-0.7535618019516254
3022919,2.397993484077481
3022920,2.213880840415834
3022921,15.899532989482317
3022922,1.2285592908000695
3022923,42.91951094918574
3022924,26.994394405818195
3022925,1.8354264332157915
3022926,1.2831369149544776
3022927,42.04337366465592
3022928,15.507431636262584
3022929,1.6326039449428504
3022930,0.9438768329789604
3022931,2.748597259310511
3022932,3.228096261761602
3022933,3.2129826778718416
3022934,2.260493560084651
3022935,166.70946607737545
3022936,2.0504814998244547
3022937,85.21187031767796
3022938,3.365282798059634
3022939,121.3409510044512
3022940,44.25985106911183
3022941,37.98122283478347
3022942,23.40382488429059
3022943,5.3947722415017285
3022944,543.5720402979317
3022945,1.7312338947806278
3022946,1.061463234282885
3022947,0.06585891563826633
3022948,0.7027981420788569
3022949,0.4741068995646788
3022950,0.05503492050989059
3022951,-0.5794960992239498
3022952,2.650305972052331
3022953,2.144350514916689
3022954,10.894982228307992
3022955,0.31858689298201404
3022956,28.040143152636404
3022957,31.542360858235362
3022958,0.9686897594402695
3022959,2.3818847296186436
3022960,26.910833405395927
3022961,7.72844054245131
3022962,0.42480448664234477
3022963,0.39453804949126836
3022964,2.4098550588329384
3022965,-4.195603329590304
3022966,-6.397474807007457
3022967,-3.681572534498482
3022968,15.609128209212578
3022969,-5.3999409771119105
3022970,8.96867190443445
3022971,-5.045485939268838
3022972,4.26847368943767
3022973,1.042851788767366
3022974,2.214909455427769
3022975,0.16559661441577192
3022976,-4.996284873290328
3022977,14.322326391659008
3022978,-1.5124719248678298
3022979,-3.359148946462926
3022980,-1.8828050124059952
3022981,-1.9542825145912934
3022982,-0.21979109327058494
3022983,-1.7715842294895698
3022984,-3.2689815607291965
3022985,-2.6631126671812373
3022986,0.29843898245143696
3022987,-2.5255381820358958
3022988,-1.763156977769802
3022989,3.087295722528754
3022990,7.211784225610638
3022991,-0.9583225874862251
3022992,-2.8676724607837674
3022993,3.234901977068468
3022994,1.5542285683987145
3022995,-1.3166418735850745
3022996,-0.8735909625503405
3022997,-4.261611139957065
3022998,1.9494641044380114
3022999,4.864852245778384
3023000,0.9936971113219261
3023001,597.9442782265563
3023002,2.9102032325954497
3023003,156.85090768835926
3023004,5.456781777577853
3023005,334.8251439065646
3023006,218.44856884973436
3023007,66.34112883843159
3023008,91.25432616964736
3023009,57.1427496988621
3023010,1142.917775436965
3023011,12.98546871100967
3023012,1.7412497757173697
3023013,2.994531162002968
3023014,0.541597553778447
3023015,2.678234603005949
3023016,0.29182993682286906
3023017,2.4619945564242514
3023018,3.2518797020311463
3023019,5.5365023503464545
3023020,26.486574439764553
3023021,1.4057000364955095
3023022,127.85809833282892
3023023,54.97487635118101
3023024,2.601261998750415
3023025,2.9295370364934206
3023026,90.81062756901308
3023027,58.65778562884857
3023028,1.9493934021399761
3023029,0.6790887464626576
3023030,17.88283204006497
3023031,-0.9300671420030268
3023032,-0.7086347052420752
3023033,-0.1541037917898938
3023034,72.19207468596179
3023035,1.2411407353899995
3023036,30.728257642219685
3023037,-0.47447484549717045
3023038,69.69718496128336
3023039,16.85271979025325
3023040,16.390387328645808
3023041,12.091005088111924
3023042,3.3948407125604216
3023043,290.2598899680558
3023044,1.6712774179377017
3023045,-0.6848827069872709
3023046,-0.182770940567832
3023047,0.7335038319652016
3023048,1.0091434725668227
3023049,0.4028681877062558
3023050,-0.28952186965813553
3023051,-0.48178448916297156
3023052,1.8396683033459271
3023053,3.7476823271660327
3023054,0.10018115786747553
3023055,14.032184345338276
3023056,20.162063937052473
3023057,0.25660085109509284
3023058,0.7623035254246793
3023059,13.711047854011806
3023060,3.843560729853082
3023061,0.6829569342472973
3023062,0.08647321704370595
3023063,0.6251550884206085
3023064,1.2623431620893464
3023065,1.1633691893243303
3023066,0.2639557411872011
3023067,138.19642427274772
3023068,1.7441661667749213
3023069,74.30239857584125
3023070,1.2076501213552908
3023071,172.47885517422463
3023072,40.65951019989839
3023073,32.30633070485677
3023074,18.39249518032073
3023075,1.5369861189185035
3023076,622.9166078624928
3023077,1.8802551628834705
3023078,0.9932611693196599
3023079,-0.5006813476785533
3023080,-1.002126658149798
3023081,-0.9113455496682651
3023082,-0.46357280168100945
3023083,0.2694976346154659
3023084,0.4155599251646277
3023085,1.4835055379001938
3023086,5.190371411459885
3023087,-0.730670522513326
3023088,44.84286889201342
3023089,36.59999864372853
3023090,-0.9025830951536842
3023091,2.035650115758174
3023092,15.7635712702338
3023093,8.670455356079977
3023094,-1.2231665951248647
3023095,-0.5371872433251041
3023096,0.485010140224615
3023097,-1.628273382363186
3023098,-1.796891940225687
3023099,-0.6021420160627895
3023100,64.92162434222999
3023101,-0.9835243944024114
3023102,28.51469123084695
3023103,-1.0983049885148648
3023104,72.51819729614421
3023105,14.654084482281394
3023106,15.671296460157391
3023107,10.668798073260186
3023108,0.3385243660738573
3023109,310.4741004515621
3023110,1.2678271932459326
3023111,-0.8745047864355797
3023112,-0.6923811849330082
3023113,0.2532317119723234
3023114,0.6240661835277865
3023115,0.15472004108297596
3023116,-0.8626418930218711
3023117,-0.5835656507744056
3023118,1.361374604120749
3023119,4.875502806055658
3023120,-0.06074851767713654
3023121,14.13694959450072
3023122,21.546761657276974
3023123,-0.2165447716777703
3023124,-0.839925603850395
3023125,12.959348810147887
3023126,3.123778565464047
3023127,-0.09296382360310189
3023128,-0.3924340549093609
3023129,0.16594271099765368
3023130,3.8597644398406317
3023131,4.503406271710604
3023132,4.586222202101757
3023133,122.92476993621447
3023134,3.618873138919274
3023135,53.740010673160555
3023136,4.080097927121097
3023137,181.76718161304015
3023138,32.50203845098018
3023139,32.226424770438726
3023140,25.187493152647995
3023141,2.292020306920604
3023142,626.5671321999525
3023143,2.3810134791448516
3023144,1.600450317863972
3023145,0.5908549718734196
3023146,2.2622717164068367
3023147,0.50114527428271
3023148,1.435344357509705
3023149,2.0720099357878214
3023150,2.6822988123128804
3023151,2.876142473055303
3023152,8.139335435412764
3023153,1.710045896992917
3023154,33.79784109136485
3023155,36.439595503138634
3023156,0.9435244908024891
3023157,1.9517784217649081
3023158,18.27612524595442
3023159,8.63437732692909
3023160,1.7450353460270036
3023161,0.831819731031652
3023162,2.439205150544591
3023163,3.3038327611209026
3023164,3.135446223262588
3023165,1.0232946641630043
3023166,227.86677552235912
3023167,2.507453572835402
3023168,138.3377119027732
3023169,3.464898544730058
3023170,155.19928627127487
3023171,39.843076224410794
3023172,42.38805775889774
3023173,21.470707931670223
3023174,10.729026164242264
3023175,704.8942208040539
3023176,2.9389373433260264
3023177,2.203586095907988
3023178,0.5485236392563024
3023179,-0.961641853416993
3023180,-0.8989504267185907
3023181,-0.5421497835994228
3023182,1.0324525283606203
3023183,2.4870438338969256
3023184,1.0229478677365773
3023185,7.070412376917623
3023186,0.11743186419148732
3023187,37.158977320603796
3023188,46.33360630003175
3023189,1.3006721503232552
3023190,5.149120498405966
3023191,21.242403679539485
3023192,7.628803211998413
3023193,0.6187912700126549
3023194,0.15576298105486108
3023195,3.4588223499280804
3023196,-1.193497858907309
3023197,-2.3115694747885085
3023198,-0.7665180066741106
3023199,77.20300354153898
3023200,-0.4708489988173334
3023201,23.86971130406067
3023202,-0.8994763892271294
3023203,73.57478782847764
3023204,12.573733732191613
3023205,13.054337405300586
3023206,10.603773091707748
3023207,4.506627104333624
3023208,342.8837837487958
3023209,1.0597607358849495
3023210,-0.7207116630895757
3023211,-1.2069879143559898
3023212,1.9402388732855675
3023213,0.8165803267222076
3023214,0.6966379032472036
3023215,0.315310921544035
3023216,-0.3988846401235002
3023217,0.6928697402269666
3023218,2.1518226005373853
3023219,0.8558811882643499
3023220,21.66877161579719
3023221,17.593541892616273
3023222,-0.8275590825084816
3023223,0.14338471924566537
3023224,8.670363079575502
3023225,2.7642501885485333
3023226,0.052163809545096446
3023227,-0.6971871388587112
3023228,0.7976267590918054
3023229,3.5244615331370737
3023230,2.918701805299643
3023231,0.5655331858000137
3023232,110.89614215234542
3023233,2.4634864240484604
3023234,61.09696898749739
3023235,3.8340037112060963
3023236,90.93628482390784
3023237,26.48508098053513
3023238,22.62994532590463
3023239,13.259863784145708
3023240,-4.13514044955727
3023241,439.74201071747996
3023242,1.7723909849567576
3023243,0.7580088446496234
3023244,0.09162383960948545
3023245,-0.5020154688839533
3023246,-1.028357072439801
3023247,-0.9489378932989779
3023248,-0.30228733893480914
3023249,-0.40977582712523825
3023250,-0.615141582643671
3023251,4.7488660823050965
3023252,-0.1563967705338723
3023253,23.10827265522111
3023254,22.66495643223726
3023255,-0.11575364984456193
3023256,0.2830934569869282
3023257,13.74891565643225
3023258,5.570159632781354
3023259,-0.31191960718319695
3023260,0.6199608972041029
3023261,0.9845720562889915
3023262,3.1832836340673385
3023263,2.572364181608136
3023264,0.39209262439573656
3023265,157.55148893543722
3023266,1.3004944319761125
3023267,81.09621520235028
3023268,4.7362168550473145
3023269,182.8479116857415
3023270,93.37426113763111
3023271,25.488335806556204
3023272,29.571979481151942
3023273,25.604622638455986
3023274,613.7375461540198
3023275,7.610531288747326
3023276,2.7436934948691056
3023277,1.9090416270237915
3023278,0.49160407900805925
3023279,0.7200872380721853
3023280,0.13671957654444897
3023281,3.5097718766793267
3023282,1.258036529403355
3023283,1.3166648161119088
3023284,12.395596985455553
3023285,0.7478485363861842
3023286,44.253799636481155
3023287,35.14717034373726
3023288,0.49493815522276463
3023289,0.6232072196076774
3023290,20.483843457493233
3023291,20.097905730632547
3023292,1.546156617797126
3023293,0.9839763041476113
3023294,4.803282060463346
3023295,0.48521097022719917
3023296,-1.1398285987912096
3023297,-1.427751431476936
3023298,126.721458841196
3023299,-1.326329490881326
3023300,77.55294990678811
3023301,1.631089583859648
3023302,170.29063370401994
3023303,81.55038166123865
3023304,30.685862473837986
3023305,23.726254480637
3023306,26.562444541538447
3023307,621.0772052631386
3023308,4.088300029367703
3023309,1.8754357347532937
3023310,0.9339643616882245
3023311,-1.6429313949359199
3023312,-0.09143486275669371
3023313,0.18017593134954268
3023314,0.6702811480991955
3023315,1.0585094085584865
3023316,1.8707730939283214
3023317,9.069816601323176
3023318,0.6310253427372958
3023319,32.83917852677684
3023320,37.88854495314506
3023321,0.7716048150263237
3023322,-1.8974264764997204
3023323,17.558332029711487
3023324,18.67447681020148
3023325,-0.7851383853293077
3023326,-0.2906792698108325
3023327,2.249652450400274
3023328,0.0850945256472914
3023329,-1.8803964038296546
3023330,-1.5533105379006884
3023331,149.11548772932335
3023332,-1.8516868000251996
3023333,122.59986093209227
3023334,-1.0192210508697463
3023335,186.95440238360192
3023336,35.1709400167597
3023337,28.320688710732426
3023338,24.471279701448367
3023339,12.913373201920402
3023340,633.022078656685
3023341,2.2408592512968175
3023342,-0.0315388477171359
3023343,-0.6085127893540335
3023344,-1.249630136608655
3023345,-0.72313550386182
3023346,-0.13487891527850254
3023347,-0.7853292853617746
3023348,1.865042152958224
3023349,1.1037643823775876
3023350,5.9977831453286425
3023351,-0.03047695393671121
3023352,24.694163561726047
3023353,42.64283687699094
3023354,-0.5212896624986092
3023355,0.6347572144449374
3023356,15.329138823216228
3023357,9.05019029988754
3023358,-1.458393266036553
3023359,-0.8011598215814297
3023360,1.0002892262032697
3023361,-1.5147525980656065
3023362,-5.233138020072293
3023363,-2.4437710702937694
3023364,175.2062946494329
3023365,-3.3234760196583375
3023366,60.85606399121647
3023367,-2.5369661750279193
3023368,153.98901370966342
3023369,84.30035177948412
3023370,33.09520565393726
3023371,29.50750332512045
3023372,15.907951634428246
3023373,516.1130194984585
3023374,2.8792641809120685
3023375,-1.6992012027320018
3023376,-2.016489011121303
3023377,-2.1527588914152513
3023378,-1.7411120720822144
3023379,-1.8696381077509796
3023380,-1.75169524494886
3023381,-1.0441503156398542
3023382,0.175022244775937
3023383,7.701396988137458
3023384,-2.236719074682805
3023385,69.86802193316424
3023386,30.10050313987333
3023387,-2.0469014764281748
3023388,-3.2367646666523076
3023389,46.009641769509685
3023390,19.59177355274609
3023391,-1.2811717928196595
3023392,-1.4819783753860976
3023393,3.380404789821477
3023394,3.172499560349146
3023395,3.766731579703022
3023396,4.535720851554556
3023397,117.28133473958397
3023398,4.36490721294734
3023399,58.22942189480824
3023400,4.571489322423513
3023401,168.79950864074863
3023402,31.894394700801133
3023403,31.19063243676804
3023404,23.349121980912873
3023405,5.673217641181473
3023406,662.7439594497038
3023407,3.092689843068249
3023408,1.0259661120797978
3023409,0.7017993426011583
3023410,0.4684032879459176
3023411,0.768959370257246
3023412,0.7808809152014442
3023413,-0.32611883601832914
3023414,1.7720672980853909
3023415,2.8969012178089963
3023416,5.60877910413427
3023417,0.7537047285055747
3023418,20.543010995383185
3023419,32.536594980587765
3023420,1.002298926509726
3023421,0.5309320316125433
3023422,15.762998672095303
3023423,8.242794894824977
3023424,0.7095937073817242
3023425,0.7171668289131833
3023426,1.4780992572460003
3023427,0.6086520502999828
3023428,-0.2190733776964281
3023429,1.2271617711533813
3023430,103.4734791211988
3023431,1.5673966201772906
3023432,48.69409300174082
3023433,1.4581623174389826
3023434,110.27609571541812
3023435,45.72781301249742
3023436,26.438069577901892
3023437,16.914430344967382
3023438,10.1849750856225
3023439,413.04556839798886
3023440,2.0927838080500374
3023441,0.07592479450609288
3023442,-0.30652420310652245
3023443,-0.5787178679089209
3023444,0.4861699245489149
3023445,0.12617068673319637
3023446,-0.6590627505271255
3023447,0.5329947153184968
3023448,2.2213018883790268
3023449,6.3931727186651965
3023450,0.20985881880023277
3023451,23.933768211334204
3023452,25.38026641385354
3023453,0.5807106289995556
3023454,-0.6909704222792004
3023455,15.24875097497151
3023456,9.513483737979907
3023457,0.023369208144946488
3023458,-0.3419885452940014
3023459,1.4430740143814966
3023460,-1.4595176133343921
3023461,-3.8717411584530783
3023462,-0.10660833065267078
3023463,3.7006829135508457
3023464,0.07285114536447501
3023465,7.761606319855564
3023466,-3.8508972587643076
3023467,0.9811791035769424
3023468,4.53131104375374
3023469,1.269921026669981
3023470,1.8949145097913425
3023471,-1.4540323675849505
3023472,16.650848779245425
3023473,0.490211477472069
3023474,-1.8487400721310836
3023475,-0.9514165138804379
3023476,0.06405701208018626
3023477,0.6886904114930371
3023478,-0.12856340346207396
3023479,-2.6800801512302566
3023480,-1.994284721481424
3023481,1.0721695520167418
3023482,-1.8438375973867438
3023483,-0.6660078897509516
3023484,1.939778536772167
3023485,5.196637960616311
3023486,-0.10690698732942797
3023487,-2.106960773457438
3023488,3.244005375318841
3023489,2.0990637203252778
3023490,0.32463334680639716
3023491,-0.4086409104313202
3023492,-0.8548258519073421
3023493,1.9051028666640195
3023494,2.6901369360077663
3023495,0.9355312119195879
3023496,345.3721645607306
3023497,1.1258874141619164
3023498,53.80448076245732
3023499,0.5546176073919924
3023500,150.6361065872656
3023501,21.286765766889218
3023502,27.526506449145018
3023503,16.545606751561063
3023504,4.667140134541283
3023505,543.7870159093839
3023506,2.091219800824067
3023507,0.99814249829152
3023508,2.1620422813594202
3023509,1.2436694369982002
3023510,0.5808003218188537
3023511,-0.4731628414027068
3023512,0.7574897389878902
3023513,1.1426679272730984
3023514,1.6079400220580577
3023515,14.735336634996486
3023516,-0.055508088543617766
3023517,29.837896951069517
3023518,28.473293200217405
3023519,1.3137107963287713
3023520,3.4415926565943966
3023521,19.482154997508072
3023522,8.053459918971669
3023523,1.58979357736421
3023524,0.5994324432305734
3023525,2.6551807670382845
3023526,4.40777044894563
3023527,1.7678687442829326
3023528,-1.6231945675955648
3023529,667.6166755622863
3023530,0.9309305441181279
3023531,169.61813078533044
3023532,2.1880189589065777
3023533,418.33953544644845
3023534,279.83305617621846
3023535,92.92436396972326
3023536,104.25185795322133
3023537,82.62235105986824
3023538,1342.373651497298
3023539,12.148372070760487
3023540,1.0330034322652135
3023541,3.2270673734839876
3023542,-2.5752791000250728
3023543,0.3802465677770669
3023544,-0.3499182478984585
3023545,-0.3524560675587782
3023546,1.1444206973825566
3023547,1.2014813474098627
3023548,35.79460566212379
3023549,0.015963080618821512
3023550,153.43734917420267
3023551,68.26518280233645
3023552,-0.33335123240398384
3023553,-2.2595193344845392
3023554,96.59868957960822
3023555,71.92818346927899
3023556,1.097750602898559
3023557,-0.20429969344684648
3023558,17.639083528893497
3023559,4.9463764481588814
3023560,5.1785169125673205
3023561,2.9793530929722327
3023562,473.7744851893153
3023563,6.062432322842978
3023564,137.2203839097417
3023565,7.986131510235173
3023566,358.2513336954871
3023567,185.08148654779527
3023568,89.04425353250284
3023569,71.54922013482827
3023570,65.54087232565647
3023571,1338.4797848770456
3023572,12.193063328022799
3023573,3.6306596884498505
3023574,1.95660383034814
3023575,2.7245942614434897
3023576,1.4049341940155138
3023577,1.5958158028792968
3023578,4.206750410044515
3023579,3.071103346437485
3023580,2.0261647630164226
3023581,22.16682899235624
3023582,2.3547794421268193
3023583,171.23545271731993
3023584,65.57881760626991
3023585,1.9789996998727655
3023586,1.2554286963243428
3023587,104.94370093051916
3023588,48.04750114803606
3023589,3.6593857470896545
3023590,1.4089176839163335
3023591,15.938634712094828
3023592,1.0298785904520262
3023593,-3.0287616421469647
3023594,3.863335321323466
3023595,336.97607668739556
3023596,0.37017066563425033
3023597,97.11165909542535
3023598,1.167807269225341
3023599,335.19400021308394
3023600,132.7474238678422
3023601,108.64720318331987
3023602,36.39291524116612
3023603,43.457274530793875
3023604,1174.2464215957468
3023605,6.528234081266382
3023606,1.6138150653020784
3023607,-0.6175027959175714
3023608,-0.0539592027050822
3023609,0.5784497640065092
3023610,1.316340590012478
3023611,1.641526646887396
3023612,2.5935974532006734
3023613,2.4982500764363795
3023614,13.04599900546753
3023615,2.2344087076794676
3023616,208.5504329476567
3023617,78.23601649559282
3023618,0.11424261515068793
3023619,-1.478601426323039
3023620,117.29105866826957
3023621,30.300277049110555
3023622,1.7110516117566656
3023623,-0.2854571681845482
3023624,9.088341998962168
3023625,6.205735851115933
3023626,4.326546130835813
3023627,4.798271189798033
3023628,438.62180992264945
3023629,2.969863947493323
3023630,135.7355406020415
3023631,4.555502623051615
3023632,339.6271932904813
3023633,169.14081426980152
3023634,96.34964337376098
3023635,57.76225870205649
3023636,46.14815310820784
3023637,1234.6270562891991
3023638,7.654667775783274
3023639,0.04612650435581603
3023640,2.2594597041813174
3023641,0.912090543368613
3023642,1.3886484853060392
3023643,0.2967102827791678
3023644,0.7363088341312323
3023645,1.9429896331564305
3023646,1.7482966842483438
3023647,15.323944704998212
3023648,-0.2800558360518335
3023649,135.71342156605365
3023650,71.29215560917645
3023651,2.679828353813464
3023652,2.652175802624952
3023653,113.51768929121612
3023654,40.33070168374786
3023655,3.425780645910672
3023656,1.7322545509178235
3023657,11.718155276966026
3023658,2.156455011906255
3023659,-2.7326411623856623
3023660,4.424080612906619
3023661,245.93575881006842
3023662,1.3257676815854575
3023663,96.46574735020484
3023664,-1.2154093113159978
3023665,285.12612743533964
3023666,103.57205346795791
3023667,87.59881025984338
3023668,27.63025219565352
3023669,30.50939842478161
3023670,1018.9437783433548
3023671,5.978862429978726
3023672,0.48904513256322385
3023673,-1.0534899939559181
3023674,-2.0904886727520355
3023675,0.09490027200474282
3023676,0.23757043340439848
3023677,-1.3426344119892384
3023678,0.6368948508854737
3023679,2.1991325239917203
3023680,9.803638708542493
3023681,-0.031057240649024584
3023682,150.09621953131958
3023683,68.99605633171876
3023684,0.3783469451253404
3023685,-1.3922165389250223
3023686,102.23865069748547
3023687,24.342708469903265
3023688,-0.17831365654568804
3023689,-0.09598712123308359
3023690,4.719406164597348
3023691,3.7656800123866194
3023692,5.558262640528882
3023693,2.636658346913828
3023694,337.1598612576298
3023695,6.543786213764287
3023696,94.42792778927972
3023697,4.6718834798733955
3023698,205.9785861578066
3023699,139.8566179129278
3023700,50.83468607654744
3023701,54.359404183639924
3023702,40.00046209445187
3023703,748.3349513054106
3023704,9.828699114949814
3023705,1.8262277681174237
3023706,2.2271360514401386
3023707,0.20052458123092953
3023708,1.0609319792382301
3023709,0.21982371292055175
3023710,0.42615708153261944
3023711,0.4281360656423566
3023712,0.27929771139781223
3023713,15.089507957226488
3023714,-0.376059857135333
3023715,85.36541673974564
3023716,34.973505697099064
3023717,2.355176269433978
3023718,3.1506675431597615
3023719,49.95270994893701
3023720,38.38745268131923
3023721,2.34311578398494
3023722,2.9061445111423017
3023723,11.360499710285985
3023724,1.2422971034005603
3023725,-0.036385836674962785
3023726,2.1026049685805264
3023727,149.85540830340668
3023728,1.1569647342427196
3023729,70.51828572114198
3023730,0.7945591621275526
3023731,194.56423584904974
3023732,64.8718956953998
3023733,43.459501932152016
3023734,30.017402703491207
3023735,23.889467894100527
3023736,621.2343878687811
3023737,2.5664634242140894
3023738,0.6006555266267242
3023739,1.0210661011123738
3023740,0.010071272086533911
3023741,0.36486119695236996
3023742,1.9775104884781105
3023743,-0.8799007940456067
3023744,1.759778075498034
3023745,5.952210821317021
3023746,10.03185505790465
3023747,0.882151260667415
3023748,60.77691616354245
3023749,40.20521108912551
3023750,1.100100147915655
3023751,-0.2584813519076852
3023752,33.79878590319924
3023753,19.723052856366337
3023754,1.4182728576174122
3023755,-0.5635440677647422
3023756,3.406736085235462
3023757,3.0585148349138946
3023758,0.4283376277052049
3023759,2.3765452560434097
3023760,240.10125949456926
3023761,1.774322038514747
3023762,87.2841263423407
3023763,4.028922907422475
3023764,266.055121170313
3023765,96.34535459081411
3023766,68.62922332460893
3023767,25.34697099504747
3023768,23.63235344737761
3023769,984.80209498302
3023770,7.302281985226236
3023771,1.20721482989773
3023772,1.269653911471487
3023773,-0.8106489070581848
3023774,0.3855074031838194
3023775,-0.3833534683585276
3023776,1.2175428770901273
3023777,1.3662282921404039
3023778,1.8884875480148549
3023779,15.84309911766275
3023780,0.9982496785930015
3023781,162.81166315010066
3023782,56.58191163066378
3023783,1.3317776552714715
3023784,0.28029446221686155
3023785,54.29327019296896
3023786,23.77357688246633
3023787,1.6503464203003024
3023788,0.09445323603158609
3023789,4.850132912066438
3023790,2.0539615019350097
3023791,3.918480540265482
3023792,-0.6875611131000551
3023793,479.9203218688499
3023794,1.903207821320284
3023795,139.7252022693509
3023796,2.8013604763306286
3023797,258.215199152513
3023798,170.4639151144811
3023799,53.519136319255374
3023800,60.752461190053474
3023801,41.8829726258912
3023802,878.371182247951
3023803,4.548827634885856
3023804,-0.1392315234644775
3023805,1.4073142998991899
3023806,1.864929568538937
3023807,0.34692148783262383
3023808,0.11963637705754082
3023809,3.3678290028273477
3023810,0.932299056708216
3023811,-1.1346167688945936
3023812,18.37233644482545
3023813,0.7174350532101381
3023814,121.22834654777984
3023815,40.42923337403666
3023816,0.5304134761692332
3023817,1.2137366005266448
3023818,74.71886796737559
3023819,32.54111076686913
3023820,1.56330724507181
3023821,0.9799599739982296
3023822,13.13306493515778
3023823,0.9004279428633106
3023824,-2.2443142441716244
3023825,0.461812197226967
3023826,1.271016774711529
3023827,0.08742380664377719
3023828,5.4292567929527955
3023829,-0.989832656026465
3023830,5.567707529533018
3023831,5.356863552544546
3023832,1.3729977083388927
3023833,1.1633140231816594
3023834,-3.0457940668604713
3023835,42.098154002509546
3023836,1.7768061774481068
3023837,-0.8176830505420913
3023838,-0.8661761678030655
3023839,0.2746415047291464
3023840,0.9250787440406021
3023841,-1.2373110777298097
3023842,-0.9743561695827885
3023843,-1.52237595932295
3023844,-0.7412825693721845
3023845,-1.45251094703474
3023846,-0.888763643081602
3023847,0.8832646967556683
3023848,0.11944615506917566
3023849,-0.7412951664680679
3023850,0.18947155740016913
3023851,1.8072946029018566
3023852,3.313398652262331
3023853,1.7744419902697095
3023854,-0.2671249855554799
3023855,-0.18089912085035958
3023856,-1.0000176731768133
3023857,-0.7229275858906168
3023858,-1.0204811494493753
3023859,6.56175690929052
3023860,-0.42415944644428805
3023861,1.2948224424777015
3023862,-1.1853735297472485
3023863,0.4297341209486152
3023864,-2.699707260436644
3023865,1.6655661607286798
3023866,-0.11963485770819375
3023867,-2.973203263727773
3023868,2.719878992534505
3023869,0.03545274069661902
3023870,0.09879400409748997
3023871,-1.1818751393873812
3023872,1.3740788875348824
3023873,-0.08782558100096138
3023874,-0.128360216266974
3023875,0.3762114913880214
3023876,-1.101370142019829
3023877,-0.9809352801174338
3023878,-1.2146982638307473
3023879,-0.2856569543455589
3023880,-0.3150996143411794
3023881,0.15091310498949836
3023882,-1.005039551567885
3023883,-0.9254500519360284
3023884,0.16205814041524716
3023885,-0.28166960332007873
3023886,-0.38344897301317016
3023887,-0.6966338985155982
3023888,-0.18019677103470372
3023889,0.9319924895780243
3023890,1.0645513511834546
3023891,0.7376842127086093
3023892,95.21138563925501
3023893,1.209632945098183
3023894,38.67254816446736
3023895,3.0434880798995985
3023896,149.47047411079728
3023897,10.941351005410525
3023898,21.993740659484466
3023899,11.17476837368462
3023900,1.312213287446357
3023901,440.19394199153396
3023902,2.1777284994009936
3023903,1.181195612087479
3023904,0.5535080434232191
3023905,-0.12356382737830013
3023906,0.12921473701965852
3023907,-0.14797770365111088
3023908,-0.08585194713564076
3023909,0.7520873853843227
3023910,1.630276277847836
3023911,4.0698549391596615
3023912,0.29014831508161704
3023913,8.339319853858989
3023914,23.590496691063116
3023915,0.35284129060105673
3023916,0.31052755782345465
3023917,7.725234825465115
3023918,7.6033469466913015
3023919,-0.4379803684331705
3023920,0.3546262737745861
3023921,0.3652940772140868
3023922,0.959522220068102
3023923,-1.179891732981314
3023924,0.4933907115614785
3023925,228.03060138663298
3023926,0.3705684322107846
3023927,72.26377356587906
3023928,1.670783535509254
3023929,192.91232727434442
3023930,92.8455932204007
3023931,44.57255236423047
3023932,36.24970683108706
3023933,25.70336833964211
3023934,675.0763254092708
3023935,5.398623037068683
3023936,1.1509787235933617
3023937,0.3252251495124074
3023938,-0.3337886052113117
3023939,-0.32465206963290255
3023940,0.3874095536578898
3023941,0.7653577243670862
3023942,0.9588437275635079
3023943,1.4934049812564991
3023944,11.42082251736214
3023945,0.4767133804814876
3023946,82.1827630850976
3023947,34.70492576819408
3023948,0.9512224057552521
3023949,-0.3976290453771526
3023950,63.56742046691542
3023951,22.00844957877249
3023952,1.3154099379314994
3023953,0.24525676926932646
3023954,5.564097020059226
3023955,0.8764140906469401
3023956,2.9974499494306657
3023957,-1.5945865949563813
3023958,317.87349394101454
3023959,0.8832720270609571
3023960,95.7049576306481
3023961,-0.533989171760768
3023962,201.20075834542308
3023963,139.95213536126562
3023964,38.60264584196146
3023965,54.18578655280373
3023966,32.30675918796296
3023967,627.2885613788914
3023968,6.746189688693921
3023969,0.7518865678746807
3023970,1.2312719614339587
3023971,1.6904048346278797
3023972,0.888328493161207
3023973,1.3410920643874489
3023974,2.6016261062336707
3023975,0.3436042893875855
3023976,1.6939945480801182
3023977,17.66922312291328
3023978,2.0139628328194883
3023979,103.44588412778884
3023980,34.303625274174266
3023981,-0.3121718627533119
3023982,0.96620510679757
3023983,51.503346958917604
3023984,30.760824842298973
3023985,1.9429738336023001
3023986,-0.08657107386243301
3023987,10.613676435684027
3023988,0.9649063530323476
3023989,3.442599669328847
3023990,-0.41162443447599795
3023991,325.0086315318937
3023992,0.786124684033057
3023993,98.59238136100143
3023994,-0.17083485791663403
3023995,215.7843069870671
3023996,148.95061730448907
3023997,45.27609555673316
3023998,53.57068349130172
3023999,26.499554216487088
3024000,706.6994888366542
3024001,6.851507036246549
3024002,0.8194135264171201
3024003,1.6486470793270567
3024004,-0.5431279734632335
3024005,0.13061913272420503
3024006,0.4206122122535817
3024007,0.5882598428635538
3024008,0.3877360886741372
3024009,3.0128285945643802
3024010,17.31329193879359
3024011,0.8572538037428968
3024012,98.04087777909965
3024013,38.96317609878694
3024014,0.017491949898685577
3024015,-0.5514662592983222
3024016,50.75806613990098
3024017,33.89717393910825
3024018,0.4650245045036718
3024019,-0.7700767328447546
3024020,8.96510496921168
3024021,3.66548317222183
3024022,0.9917630120884495
3024023,3.239467924623896
3024024,228.60158015976424
3024025,0.6988198894390008
3024026,100.06537893618705
3024027,3.9213517860033975
3024028,268.2612591288942
3024029,56.93270855317107
3024030,75.43124647407981
3024031,31.085197124950938
3024032,8.150600464008821
3024033,961.7920813162373
3024034,3.118440111464988
3024035,2.386393041993251
3024036,1.4809523905946478
3024037,-0.6281739785797982
3024038,-0.6610231323487824
3024039,3.0619282991491494
3024040,0.7595716685936714
3024041,3.6910105670903066
3024042,3.6678435039197943
3024043,7.6820418995878565
3024044,1.2227856730861821
3024045,69.38866632874269
3024046,56.59146747211173
3024047,1.5048328627086085
3024048,-0.33034808507505664
3024049,66.40508412573803
3024050,13.357712579395702
3024051,2.3023225119024935
3024052,-0.04482067859844392
3024053,3.6485564633677496
3024054,-0.35274754170743106
3024055,-1.7147324536918038
3024056,-0.9470574754281916
3024057,163.61027240044882
3024058,-1.682311834635402
3024059,52.77732759805859
3024060,-1.6087607449003554
3024061,125.5099851014861
3024062,80.67038026234157
3024063,23.10229425993453
3024064,26.954848485080547
3024065,17.010372902437155
3024066,374.2029942448597
3024067,3.7367065403438753
3024068,-0.39950941440380117
3024069,-0.6784384745933493
3024070,-0.8810924745666944
3024071,-0.8690861502101689
3024072,-0.2422143576374583
3024073,-0.329900824754559
3024074,0.4920637406405876
3024075,0.17233395934799772
3024076,13.550870907525715
3024077,-0.7831968098435391
3024078,61.785390736124306
3024079,19.171904747607186
3024080,-0.8200389618251211
3024081,-1.5320100787788122
3024082,33.87511460954288
3024083,12.602698884306882
3024084,0.36286661023160377
3024085,-0.3522412654698564
3024086,3.6960055622158237
3024087,0.03797574297008399
3024088,-1.1452265067767167
3024089,1.3398856233241168
3024090,82.1942107123221
3024091,-0.28630969105222914
3024092,23.335339443596204
3024093,0.17516163416337793
3024094,134.05804683589145
3024095,18.092412748602875
3024096,35.10055738995743
3024097,7.09579725500098
3024098,3.1023420685714522
3024099,417.72777684794147
3024100,2.3935445503039228
3024101,0.5398046208079904
3024102,-2.3700513901323577
3024103,-0.07454879713165607
3024104,0.3087700034903901
3024105,-0.30063842504747307
3024106,-0.3857509573770676
3024107,-0.4105748304315057
3024108,0.18392485435626438
3024109,2.138433163918053
3024110,-0.12020689215987657
3024111,44.044621183987175
3024112,26.076850003876537
3024113,-0.7937820002072111
3024114,0.7345360407598764
3024115,22.498466211808264
3024116,4.475470808483806
3024117,0.5650481470443174
3024118,-0.33001265962775506
3024119,1.7482197939236628
3024120,-1.0853653822196794
3024121,0.4185995111389639
3024122,0.15234473174881713
3024123,423.7798651004207
3024124,-0.09414776692086893
3024125,106.6929214665779
3024126,-1.4086387581964663
3024127,300.56892167294416
3024128,35.94718601333479
3024129,52.311928000928816
3024130,19.105893517267177
3024131,10.298521994683107
3024132,1013.6034331062899
3024133,2.5757923320597182
3024134,0.03894560608991021
3024135,-0.4837429884003359
3024136,-0.9850853609853949
3024137,-0.06082043829759648
3024138,1.1428201993151017
3024139,0.5460791522255023
3024140,-0.11087692415589118
3024141,2.1953086811173126
3024142,4.586806004107675
3024143,0.41944431351796085
3024144,119.7255919023518
3024145,52.21817628957186
3024146,0.26950583690413626
3024147,2.8804785837330567
3024148,62.95027842995572
3024149,6.3790340647857375
3024150,-0.2172630356482113
3024151,-1.9823661214228196
3024152,2.3518976463108263
3024153,0.528865535133009
3024154,0.22021598707040538
3024155,-0.04958431274892064
3024156,124.8771464316963
3024157,0.397833014783173
3024158,36.542264907246576
3024159,0.47361000029777645
3024160,128.8327415308454
3024161,21.22518899382667
3024162,26.343735542207284
3024163,8.474390841073909
3024164,4.382354609089598
3024165,436.6324930181029
3024166,1.5053725670474523
3024167,1.1129377971067151
3024168,-0.24081335934977688
3024169,0.12175813604852011
3024170,-0.10091367944769444
3024171,0.08121884227148257
3024172,0.6776762813390815
3024173,0.060058970126337964
3024174,1.0409517772340768
3024175,4.448844547261215
3024176,0.26753193714743245
3024177,30.0082808665614
3024178,23.537918931862734
3024179,0.10993451747453944
3024180,0.5375228906134
3024181,12.99176265132948
3024182,3.0373415299000044
3024183,0.23251017485185005
3024184,-0.2130107881810545
3024185,0.970800476992954
3024186,-0.3890277825580415
3024187,-0.802277143219544
3024188,-1.2277277805589255
3024189,123.4128500189443
3024190,-0.9663544934934908
3024191,33.84501707770687
3024192,-0.9022193853656062
3024193,124.63951624859635
3024194,19.318690399860426
3024195,23.599029620535
3024196,6.777639716588747
3024197,4.1442923927708035
3024198,427.88314776700463
3024199,1.1025825683922448
3024200,0.683356411485147
3024201,-0.7646206859888479
3024202,-0.37088571319000035
3024203,-0.611909240718669
3024204,-0.3631454332079738
3024205,0.30009458554995944
3024206,-0.3870660493653122
3024207,0.13921251769956144
3024208,3.4514783104078015
3024209,-0.11430487251171143
3024210,29.615023466619604
3024211,24.115189629380986
3024212,-0.2407527974464028
3024213,0.0989018423007656
3024214,11.774391276507377
3024215,2.594053253350576
3024216,-0.2322825804455351
3024217,-0.5764696558967262
3024218,0.6386508444535867
3024219,0.04607597481204723
3024220,0.28589447464510165
3024221,-0.5889853634201426
3024222,78.74943453890862
3024223,-0.7480546279371629
3024224,35.47691123105243
3024225,1.1536336526187372
3024226,180.91693374221387
3024227,19.80112350009811
3024228,22.411280500893845
3024229,8.850333956172618
3024230,1.784690848808241
3024231,472.36834539980305
3024232,2.6034273074327507
3024233,1.2529483365518832
3024234,0.3931638997389678
3024235,0.9314653641815245
3024236,-0.4117113277561725
3024237,1.1475086716402008
3024238,1.9050263821880369
3024239,1.1919067773748544
3024240,1.1213754743350297
3024241,4.380739809733125
3024242,0.6887022064794587
3024243,71.72883135346139
3024244,40.590991687466186
3024245,-1.2038006452238619
3024246,-0.5715803229794687
3024247,13.45186212375945
3024248,6.134005393434374
3024249,0.1917253912456659
3024250,-0.5414601582233877
3024251,1.5550533154643493
3024252,0.9094986822162903
3024253,1.6692025768570147
3024254,1.9553049494598238
3024255,128.71524654875654
3024256,1.0163837341864563
3024257,31.955278826525024
3024258,1.4811253854315147
3024259,146.1663728314104
3024260,22.576074012039683
3024261,34.65380027616935
3024262,9.814426086904714
3024263,4.141291674093542
3024264,519.8385602322704
3024265,3.268256750251312
3024266,1.594104286791262
3024267,0.5201197968808264
3024268,0.3192281579420069
3024269,0.9243619090339054
3024270,0.0653618108468072
3024271,0.6259247456505093
3024272,0.6907946401535446
3024273,2.381714029128998
3024274,3.7926099828874795
3024275,0.4034010381977714
3024276,26.747609893724974
3024277,27.06406894677486
3024278,0.5187750319041516
3024279,1.067577765000342
3024280,10.623371791030658
3024281,3.33568405938684
3024282,0.9725544056752096
3024283,-0.3606680133924965
3024284,0.7464312201824488
3024285,2.2379745845034633
3024286,4.4644477051428835
3024287,2.9888650722064996
3024288,94.76365790138058
3024289,2.147081027544409
3024290,43.01910448776365
3024291,2.323494781340851
3024292,163.06635605608187
3024293,20.486768551267815
3024294,34.825346547819024
3024295,21.025491722968983
3024296,3.7013389416138898
3024297,500.1989247302388
3024298,2.416279507789077
3024299,0.024892244895090693
3024300,0.5363220215153706
3024301,0.6264662406359639
3024302,0.8199162987112867
3024303,0.24754265904030037
3024304,0.5508306034425187
3024305,1.2432195967213193
3024306,2.6504326437144843
3024307,6.069215158881016
3024308,-0.27853273538192297
3024309,22.52497531448429
3024310,32.28367793125217
3024311,0.7670545595315343
3024312,1.4956598082042183
3024313,15.949754295699169
3024314,6.615211005397214
3024315,2.0018528884017726
3024316,-0.3238121597810823
3024317,2.240610291608755
3024318,0.45152522700642295
3024319,2.7289667211148028
3024320,2.497776633005451
3024321,173.74708371216457
3024322,0.730087620737977
3024323,38.79402882897023
3024324,0.36787545616374695
3024325,152.98974343387178
3024326,36.44171895572545
3024327,41.17864849207068
3024328,20.486340896502842
3024329,5.040947622968401
3024330,521.5386046126757
3024331,4.009751385670679
3024332,-0.22652685183522409
3024333,1.0128818083176885
3024334,-0.2331309131479884
3024335,1.483466012545723
3024336,-0.43223710624046363
3024337,-0.22008576869634455
3024338,-0.723849894832456
3024339,1.805444323661468
3024340,4.789311488281928
3024341,-0.5686684692446944
3024342,45.92490848848959
3024343,23.87212553159283
3024344,-0.2582542053305224
3024345,1.0962787764682707
3024346,32.809445676826726
3024347,8.353452698651235
3024348,0.9846051964114576
3024349,0.14613505727284065
3024350,1.2019625744698261
3024351,3.560290648080045
3024352,1.2553971152214491
3024353,2.643010443827916
3024354,140.64119648464364
3024355,3.224751064628144
3024356,124.96896612282535
3024357,1.688417944990506
3024358,100.180502623051
3024359,41.27549728158418
3024360,29.67669188740267
3024361,22.192778311810798
3024362,3.3053422571405333
3024363,387.0503428827062
3024364,2.831116757306809
3024365,0.3763146065305773
3024366,0.19470839855188388
3024367,0.2863235517895282
3024368,0.8043340381439702
3024369,0.8820134086132384
3024370,-0.9219880813364307
3024371,1.4329689549769684
3024372,0.7765207533682769
3024373,7.947462837110397
3024374,-0.020367204249087056
3024375,18.54008575241335
3024376,19.50360644800632
3024377,0.5461066132117414
3024378,0.45450873516044343
3024379,18.352745738844604
3024380,6.067465881420285
3024381,0.38212141995357346
3024382,1.091993884119438
3024383,1.9937634334073937
3024384,-0.3777537383287563
3024385,0.36000376528117156
3024386,-0.043759839340273166
3024387,170.16743933106807
3024388,-0.2425946662183559
3024389,30.73564849988994
3024390,-1.636684138108467
3024391,131.04625557744998
3024392,14.592676947093713
3024393,26.586977425347868
3024394,7.5075666649646156
3024395,1.564221130351725
3024396,427.2416873599451
3024397,1.19491934437312
3024398,0.0631581629732682
3024399,-0.10676158725727869
3024400,0.12988404290687872
3024401,0.20792059716688532
3024402,-0.4565863560376601
3024403,-0.2488069887792243
3024404,-0.22570409214436948
3024405,1.5209395097537344
3024406,3.287791093239175
3024407,-0.20508990395726867
3024408,31.27221121308731
3024409,23.901186037160734
3024410,-0.488754371371906
3024411,1.038832901041924
3024412,10.11410053086227
3024413,3.0928583413325397
3024414,0.05089779726989038
3024415,-0.9368130436410865
3024416,0.4787867415912752
3024417,-1.2573454343688355
3024418,-3.443758063257528
3024419,-1.3443669022829634
3024420,200.90896706595151
3024421,-2.058371799586239
3024422,57.08983067384423
3024423,-3.0414925366993706
3024424,144.26374134305487
3024425,84.98577881384051
3024426,28.98136449603855
3024427,28.055146505154518
3024428,18.388732582098385
3024429,504.0293105903428
3024430,3.4211395168740273
3024431,-0.7886926266189402
3024432,-1.246953062649263
3024433,-0.6996902686798512
3024434,-1.022020629758663
3024435,-0.23558474323672274
3024436,-0.5772753797170026
3024437,-0.16107653978455347
3024438,0.618134276017845
3024439,10.402586019268384
3024440,-0.6576779367153722
3024441,82.59663876179583
3024442,29.90642191109684
3024443,-1.0974514270407962
3024444,-1.9667107922121523
3024445,46.166407268224795
3024446,16.93685276411583
3024447,0.48015999340243976
3024448,-0.9266467857101816
3024449,3.7753399164916024
3024450,-0.6007029903417425
3024451,-6.068521079333223
3024452,1.0582614177897265
3024453,-4.427427681100307
3024454,-1.195793816517762
3024455,4.859029032880462
3024456,-2.795352916745324
3024457,-4.070165393059288
3024458,8.413722404204673
3024459,3.3582377538254877
3024460,-1.2933047673025067
3024461,-5.214676286679291
3024462,15.65483804512085
3024463,0.44828708680470297
3024464,-2.2383474500981535
3024465,-1.7970303597803288
3024466,-0.8409579529707482
3024467,0.17736837497282978
3024468,-2.1115435476776114
3024469,-3.435766130972552
3024470,-3.2746323511682567
3024471,0.24832371865781172
3024472,-2.035513068868859
3024473,-1.585193059386693
3024474,3.626452250875846
3024475,1.6575440437023645
3024476,-0.0021037256723502873
3024477,-2.048128115101863
3024478,5.095055078296209
3024479,4.017965072713487
3024480,-0.1861485939307022
3024481,-0.05139703132852445
3024482,-1.019999398211512
3024483,1.6287241559512768
3024484,-0.8713256994587575
3024485,1.7592754848199184
3024486,-3.2930929391891555
3024487,2.1698461428180598
3024488,-0.8099655951706882
3024489,0.5469326477317372
3024490,2.201070730451029
3024491,-2.3901389907176056
3024492,0.8963698049987943
3024493,1.4438252978231687
3024494,-3.369861328862221
3024495,11.113884927527106
3024496,0.04376038902228174
3024497,-0.5647408509015075
3024498,-0.16653519548068288
3024499,2.255308755870101
3024500,1.0903202977188267
3024501,-0.21453725064744505
3024502,-0.2950930570104538
3024503,-0.852226128190814
3024504,1.216837395536022
3024505,-0.22011234121378948
3024506,0.49062862482252984
3024507,-1.362296925784067
3024508,2.0171452036510162
3024509,0.5358967183346978
3024510,-0.11647961666225462
3024511,-0.7272517123714352
3024512,-0.3768805678803619
3024513,1.2964883734965407
3024514,0.8796779181083548
3024515,0.0760850479881629
3024516,-0.8682174753204891
3024517,-3.4514299916390883
3024518,-0.058136721501141436
3024519,-1.551019953619907
3024520,0.37989289336059284
3024521,0.7783574267163202
3024522,-1.4956066746832222
3024523,1.944564013303607
3024524,0.6653038515336085
3024525,3.3296495254518956
3024526,-1.5873047170414796
3024527,-4.660313893524726
3024528,8.670408006484212
3024529,1.030948635229579
3024530,-0.31237060690524227
3024531,-0.8930156179944607
3024532,1.034674769575213
3024533,0.6069255726636038
3024534,-0.8860576845553443
3024535,-0.6706137888591184
3024536,-1.3812687449196528
3024537,-0.003140520848755844
3024538,-1.306301908221758
3024539,0.0443703336167528
3024540,6.367664170966819
3024541,2.9811671398143513
3024542,-0.4701800508012093
3024543,0.4720117035030125
3024544,-0.5327498693504458
3024545,0.5246520287032763
3024546,-0.626234447823008
3024547,0.061666640477124016
3024548,-1.0015647689341858
3024549,-1.2613664604145742
3024550,-0.6262439895015267
3024551,-1.0662358603948086
3024552,102.40757877537864
3024553,0.1556376611806627
3024554,51.7625891452375
3024555,0.6949863098038621
3024556,104.84472511009918
3024557,51.98086545055208
3024558,21.851274207130118
3024559,11.874869467753598
3024560,8.212942197891484
3024561,345.2612683145303
3024562,4.169851654142404
3024563,1.7559220658931736
3024564,0.4143991879507667
3024565,1.9779668771541765
3024566,0.13772227176319585
3024567,1.3248333487990023
3024568,3.352427648381563
3024569,0.5012366629909958
3024570,0.9892619271573494
3024571,18.289919221045565
3024572,12.540455389552735
3024573,280.0974676578195
3024574,20.194023625936097
3024575,-0.619455784007514
3024576,0.7025489398672653
3024577,30.391902841188127
3024578,10.00700091189239
3024579,2.122074746323924
3024580,0.2115491024289804
3024581,4.694833881802842
3024582,1.4286410519214403
3024583,0.2778495623887285
3024584,-1.9402474958871605
3024585,325.19371653086245
3024586,-1.3919826171740715
3024587,110.86797468693513
3024588,0.5247830513410009
3024589,211.00414119429195
3024590,121.08679445407165
3024591,45.01520906375612
3024592,42.565306074645775
3024593,20.573875564572322
3024594,677.9858415315451
3024595,1.372004523993776
3024596,1.1801227467349533
3024597,0.7994542804892558
3024598,-0.5828244293322926
3024599,-1.4565965250377917
3024600,1.0132355152696548
3024601,2.0274912858658656
3024602,1.998057594656741
3024603,-0.13398566170556248
3024604,14.617525654083213
3024605,1.2662587817811732
3024606,79.59715508839133
3024607,36.00229960784246
3024608,-0.4577589161022911
3024609,0.22140400612562416
3024610,56.01507590216457
3024611,22.830030199592247
3024612,-0.6802482840492006
3024613,-0.10990609789853575
3024614,6.468234691160135
3024615,-2.764571408033735
3024616,-4.20865504465306
3024617,-1.9393058042315898
3024618,111.85876945107164
3024619,-3.271979267381175
3024620,38.026544079872366
3024621,-4.054672701934033
3024622,56.86981900219355
3024623,45.72893577015238
3024624,14.0330159679196
3024625,13.556947137939387
3024626,7.925900016380911
3024627,205.78556962942065
3024628,-0.0636218592751539
3024629,-1.497858817486049
3024630,-0.9305701000046247
3024631,-1.5763061611134255
3024632,-0.03372572638440033
3024633,0.3669597347486342
3024634,-2.486970625028698
3024635,0.45966677905118547
3024636,1.1425830402297652
3024637,8.881211937648077
3024638,0.14379460351086887
3024639,32.54493431853272
3024640,12.354014298939
3024641,-0.015301960948199883
3024642,-2.6444228069121163
3024643,14.47002559959692
3024644,9.607244961353427
3024645,-1.2725250959822008
3024646,-0.9581832128858515
3024647,0.43111845132050797
3024648,-2.530826840826048
3024649,-4.594999354107713
3024650,-2.655978846498765
3024651,85.9860093672709
3024652,-3.8380781587646924
3024653,50.95595592128819
3024654,-3.130531498591081
3024655,71.98780177380549
3024656,29.67777242383672
3024657,18.126010694791987
3024658,8.055573462919273
3024659,0.7467656574285002
3024660,260.0379132348206
3024661,0.5097354099395603
3024662,-0.7390190021985177
3024663,-2.4430792380148048
3024664,-1.361273354929333
3024665,-1.4143577825741227
3024666,-1.1966493311164663
3024667,-1.0348402873080045
3024668,-1.322955062413646
3024669,-1.0688702503966192
3024670,3.7284218847787205
3024671,-0.5650869034577477
3024672,45.69072240697281
3024673,24.400542145290267
3024674,-1.2727935058052822
3024675,-1.522332380228952
3024676,23.54644346345932
3024677,5.808233532492843
3024678,-1.6758546022470249
3024679,-1.1926376630188749
3024680,1.2712212552940332
3024681,-0.8246255668957019
3024682,-2.3514596518941104
3024683,-1.4804521060569096
3024684,213.5825585431259
3024685,-1.0216940386874194
3024686,87.08162024399549
3024687,-2.198051921825172
3024688,108.50771574078863
3024689,76.31859400173781
3024690,33.32531056007785
3024691,31.361330986442916
3024692,12.553804337879555
3024693,453.1210939148767
3024694,1.1989800754814064
3024695,-0.6205989056418616
3024696,-0.8976892244620536
3024697,-1.5441442986477774
3024698,-0.29135134813329155
3024699,0.9396233908660657
3024700,-1.726493535841553
3024701,1.4676518587216858
3024702,0.7482712952871521
3024703,16.482240655532
3024704,0.5236688808539044
3024705,41.48015540089854
3024706,25.441002768945502
3024707,0.6333792272301366
3024708,-0.31807366337100346
3024709,38.480984100257075
3024710,14.161776974921551
3024711,0.2159677637041318
3024712,-0.47211744375363873
3024713,1.5336671731751563
3024714,2.7117040712478047
3024715,2.872819039715687
3024716,2.045186943656008
3024717,156.520756162099
3024718,2.064676629285095
3024719,80.95333465960378
3024720,2.432286184302575
3024721,117.262999730433
3024722,42.89818556835482
3024723,35.7885640308963
3024724,21.9010954877059
3024725,6.285215509321156
3024726,520.9060275528382
3024727,1.544472743602048
3024728,1.2805221441226173
3024729,-0.11522897217296077
3024730,0.8374534641207289
3024731,0.43694171558581046
3024732,0.42625296306624716
3024733,-0.29656902543629937
3024734,2.7769523100767697
3024735,2.0739107162103325
3024736,11.900919393819851
3024737,0.6234826840603933
3024738,28.014379672011593
3024739,30.902947449709057
3024740,1.0665766372975782
3024741,2.4387754130658434
3024742,25.678486114078872
3024743,7.65231125968344
3024744,0.4921632013641216
3024745,0.2530089093771971
3024746,2.471636539537824
3024747,-3.65708717491143
3024748,-5.590861461258028
3024749,-2.8480718248002814
3024750,7.638927213227289
3024751,-4.5559127420629375
3024752,5.574060848649024
3024753,-4.7913693128136945
3024754,1.258282769271537
3024755,0.826171980455547
3024756,0.9527118778139266
3024757,-0.347235764429206
3024758,-4.213393868783873
3024759,-6.6079821736557625
3024760,-1.3081117533754583
3024761,-2.8184348966628456
3024762,-1.7279365250560363
3024763,-1.6059927043393396
3024764,-0.0015826885794080758
3024765,-1.1844821269210366
3024766,-2.738783974826336
3024767,-2.449555084503634
3024768,0.3809064039634109
3024769,-1.5613698866169647
3024770,-1.2055143337104959
3024771,2.8311117069206673
3024772,6.729216906708199
3024773,-0.68429067362257
3024774,-2.662797621351972
3024775,2.3444513077460876
3024776,1.7583972440439835
3024777,-1.1026960905458396
3024778,-0.6792171332649446
3024779,-3.821446934002204
3024780,-0.01137719772108542
3024781,2.5321168365896303
3024782,-1.2869301776825521
3024783,573.2754824313527
3024784,-0.32073394410334
3024785,147.17607503278685
3024786,3.124547055328149
3024787,316.553923368439
3024788,214.3488874320937
3024789,60.780791198461046
3024790,85.85928145876339
3024791,53.49781426325724
3024792,1079.751468828637
3024793,11.505481926866414
3024794,0.816040849782512
3024795,1.8263529076462148
3024796,-1.3635476387512973
3024797,1.263746719860901
3024798,-0.6089516653321697
3024799,1.0373034307795024
3024800,2.432501849216642
3024801,3.5396354855028402
3024802,27.86264880153456
3024803,0.2028292577259344
3024804,124.08748974755025
3024805,52.31209763694817
3024806,1.4679131209624758
3024807,0.44006852714825073
3024808,86.24230042867921
3024809,57.80199633665565
3024810,0.3456217102261143
3024811,-0.5149878212487966
3024812,15.970381306962082
3024813,-0.8728761326038514
3024814,-0.5025493138331514
3024815,0.23991103783788278
3024816,63.79263567050817
3024817,0.6750020703849441
3024818,26.46193478074587
3024819,-0.7735969348136131
3024820,63.18866377577601
3024821,15.742906405558896
3024822,14.661353803400052
3024823,10.651260036251625
3024824,0.7446489324412916
3024825,256.3924634771346
3024826,1.5361454569750208
3024827,-0.42637295052024227
3024828,-0.31428776772406086
3024829,0.5506013665239811
3024830,0.8863291529821731
3024831,0.644017980911733
3024832,-0.36956907002168693
3024833,-0.34836101610636205
3024834,1.7155259022944234
3024835,5.083085364814535
3024836,0.17949117922594499
3024837,13.137939548847818
3024838,19.619038358694116
3024839,0.3404950148816283
3024840,0.46046631438769736
3024841,12.130855366674835
3024842,3.701440101711589
3024843,0.44439249030673866
3024844,0.011257474300903125
3024845,0.43784448619854854
3024846,1.29661432568013
3024847,1.568202656934227
3024848,0.5453976419384707
3024849,127.4176834046527
3024850,1.8889222244455595
3024851,70.27120569418221
3024852,0.7575388543240115
3024853,161.85621895408775
3024854,39.90814963377059
3024855,30.111615868084115
3024856,16.939038316743314
3024857,3.4484657983214126
3024858,589.2967750286643
3024859,1.9096425085392117
3024860,1.2717778657906023
3024861,-0.6412969012569079
3024862,-0.9766512198850682
3024863,-0.9196835121294566
3024864,-0.23625993784674165
3024865,0.36790827759537253
3024866,0.16459884800878402
3024867,1.2024278729009825
3024868,4.35471326116741
3024869,-0.02952214292080274
3024870,45.4170285210141
3024871,35.28958978386308
3024872,-1.1360345976589885
3024873,1.8602161833965807
3024874,15.312800560336067
3024875,8.55988038820647
3024876,-1.2682497122382914
3024877,-0.5770039739337949
3024878,0.751070294824342
3024879,-1.6584050658351046
3024880,-1.9138825681038725
3024881,-0.4471468092377472
3024882,56.23948299523341
3024883,-1.345488559895748
3024884,24.10215567711239
3024885,-1.6990788417473233
3024886,65.67544790018763
3024887,13.429742975638801
3024888,13.940187052953625
3024889,9.19665922257176
3024890,-1.1061113837718357
3024891,271.9910489606409
3024892,1.0055265005937986
3024893,-0.7291757245486292
3024894,-0.9694799823040807
3024895,-0.0431206130880378
3024896,0.3931746239529025
3024897,0.28748497711071874
3024898,-1.0430150211197975
3024899,-0.5422777978349836
3024900,1.0848292489676827
3024901,6.165977712600645
3024902,-0.08574956199249528
3024903,13.121781336096204
3024904,20.917033960998697
3024905,-0.2701298559381098
3024906,-1.3037286046822987
3024907,11.423818493221074
3024908,2.859705880437789
3024909,-0.45713648287569186
3024910,-0.5880050222615387
3024911,-0.19523248473026567
3024912,2.9964066022287934
3024913,4.141742385361043
3024914,3.8247120290675722
3024915,108.73129112758664
3024916,2.4479735636048767
3024917,46.99181253535859
3024918,2.300503508619586
3024919,164.69462972338704
3024920,30.003496505345396
3024921,28.038858532696878
3024922,22.68176061780459
3024923,0.39792724918108435
3024924,554.2955859506524
3024925,1.7137604699763622
3024926,1.0768287360580442
3024927,-0.044947449860404665
3024928,2.0382231497330996
3024929,0.20558041464489413
3024930,1.2776650950459159
3024931,1.8748386397757282
3024932,2.2509958298288315
3024933,2.297991137900323
3024934,9.403701674937734
3024935,1.4189426519603443
3024936,34.91382909028808
3024937,34.18934934698926
3024938,0.4426989026863577
3024939,1.6687412355763138
3024940,16.1408521300158
3024941,7.898633298830822
3024942,1.5538365528850466
3024943,0.26381842549170526
3024944,2.0372566021028673
3024945,3.085044896171821
3024946,3.1831550517571303
3024947,1.2075382721175993
3024948,216.46823534851669
3024949,2.2884392682674664
3024950,131.56756073432996
3024951,3.088103119981388
3024952,147.35667068859897
3024953,38.43298430147675
3024954,39.38850308014989
3024955,19.67347659253886
3024956,9.706174168998064
3024957,671.7742212976373
3024958,2.8795523263190557
3024959,2.232046353134858
3024960,0.4672423810798796
3024961,-1.1764828347714569
3024962,-1.0716677987660366
3024963,-0.39392326679859935
3024964,0.8756856912242734
3024965,2.390863083141151
3024966,0.9007257460622645
3024967,7.892467572142261
3024968,0.08177941159701044
3024969,35.84081839238158
3024970,44.61471354063137
3024971,1.3106671183897491
3024972,4.878387237283489
3024973,19.591698174156292
3024974,7.554138686969521
3024975,0.5199697229826711
3024976,0.18565081876647357
3024977,3.015225869194721
3024978,-1.7433786320640015
3024979,-2.5274916483405345
3024980,-0.7683324667223734
3024981,66.75113026335892
3024982,-1.126674932400225
3024983,17.85996937113768
3024984,-1.9924499726812064
3024985,63.58255039645665
3024986,10.510421934042897
3024987,10.273610551306168
3024988,8.467669812451325
3024989,1.5916502481650467
3024990,283.62980504735987
3024991,0.3370089855340052
3024992,-1.2045168391404582
3024993,-1.8863843391552595
3024994,1.4195642345304862
3024995,0.27853233280412726
3024996,0.3927832443188095
3024997,-0.236236420797984
3024998,-1.010064248704506
3024999,0.030469938424581733
3025000,2.4538217724875415
3025001,0.25271226737352886
3025002,19.97421478823187
3025003,15.943137706583443
3025004,-1.277338393615968
3025005,-0.30062211027972235
3025006,6.196981399158351
3025007,2.030048150019859
3025008,-0.44220935559707303
3025009,-1.2571771630824458
3025010,0.08478585721670813
3025011,3.7826232789184004
3025012,3.7993633250018317
3025013,1.1727597569535284
3025014,103.27151698795082
3025015,3.4110193917300062
3025016,57.60458620554993
3025017,3.9622517075722863
3025018,86.68093638155275
3025019,26.215606453447325
3025020,20.714494554129708
3025021,12.665987657981386
3025022,-2.7105374526363217
3025023,424.7126470651949
3025024,1.9520881338869662
3025025,1.2872905073311562
3025026,0.251170299491671
3025027,0.21542550199086014
3025028,-0.6911430830062157
3025029,-0.28001580811604754
3025030,0.523642047006099
3025031,-0.17719605976028788
3025032,-0.40742403487962975
3025033,5.746540204989499
3025034,0.5128555900265497
3025035,23.062929341335938
3025036,21.87323351535309
3025037,0.19785939248620027
3025038,0.9078718742933711
3025039,12.824056992697981
3025040,5.8622968388201775
3025041,0.3888681142829888
3025042,0.9401743506330535
3025043,1.6704165812152794
3025044,1.7429609005191742
3025045,1.8110197549193254
3025046,-0.8898466261616704
3025047,148.35801032166907
3025048,-0.40501312926753585
3025049,74.33311020424263
3025050,2.507705339940149
3025051,175.3095145264824
3025052,91.00489061639405
3025053,22.01572203943149
3025054,27.0280630750415
3025055,25.16691802489164
3025056,579.3512076191639
3025057,6.590424360561112
3025058,2.21726867643137
3025059,1.0194618879931228
3025060,0.1877979588075256
3025061,0.07921100810558757
3025062,-0.20229480130296668
3025063,3.171889265962484
3025064,0.6600527465627534
3025065,0.5127762601571454
3025066,12.721481585817305
3025067,0.2814533460551617
3025068,43.930760301926746
3025069,33.333897716295645
3025070,-0.09209065273659461
3025071,0.11313765729081987
3025072,18.92012292131981
3025073,20.04255524023479
3025074,1.0164168218041891
3025075,0.3064083355844491
3025076,4.197631336536172
3025077,-0.7624059544226474
3025078,-2.143056769902687
3025079,-2.5138404533919676
3025080,113.10661531115119
3025081,-3.4013987774222185
3025082,72.00124602370364
3025083,-0.29670290070207556
3025084,156.81668016155803
3025085,78.91950705225076
3025086,26.932248545924743
3025087,20.85165916471793
3025088,22.09981143154563
3025089,562.3818996296891
3025090,3.3657573732046444
3025091,1.2652500110771074
3025092,0.3372504115307242
3025093,-2.0815128111728405
3025094,-0.6082672808207712
3025095,-0.04387476737222415
3025096,0.3698185464636049
3025097,0.6873635171506908
3025098,1.1697375716587999
3025099,9.17675598795576
3025100,0.09862199925653159
3025101,31.29388154285592
3025102,36.321938708347176
3025103,0.3050740956809318
3025104,-2.344601214240945
3025105,15.058979980330143
3025106,18.011890176787816
3025107,-1.0729756388145029
3025108,-0.841063803697732
3025109,1.5332775521533337
3025110,0.268478581694726
3025111,-1.019725539127321
3025112,-0.8796603197188961
3025113,145.04511769131517
3025114,-1.7955211654303276
3025115,117.75664384121168
3025116,-1.4756387130680377
3025117,182.5876070821783
3025118,34.413894574967486
3025119,26.38357938736641
3025120,22.984189554712138
3025121,13.772891447206202
3025122,623.559499792486
3025123,2.4763991317763727
3025124,-0.1417660964944366
3025125,-0.24023071967717213
3025126,-1.0492602161923128
3025127,-0.5047720233833093
3025128,-0.12421309372952921
3025129,-0.604178171341671
3025130,1.5167972861916064
3025131,1.3152841008788094
3025132,6.5863305905092355
3025133,-0.29222937790608516
3025134,24.041480374099148
3025135,40.90489254430434
3025136,-0.32629741403122126
3025137,1.1410038294180709
3025138,14.553968941116572
3025139,9.19006004734517
3025140,-0.9703716462843
3025141,-0.3940649182235643
3025142,1.1409471448521367
3025143,-2.6917291055578243
3025144,-6.403418084923542
3025145,-3.240570248417098
3025146,159.6212885463662
3025147,-5.079617573617653
3025148,53.9293068981035
3025149,-4.214264067560725
3025150,138.64002621307662
3025151,80.86719800053491
3025152,28.77385766225718
3025153,25.63067609800473
3025154,16.835545699476427
3025155,461.0773899663359
3025156,2.4049318168743774
3025157,-2.061364991353839
3025158,-2.702599178112287
3025159,-3.2789122138119637
3025160,-2.2697486457691776
3025161,-2.2143799057367506
3025162,-2.5640572175426493
3025163,-1.45386478684959
3025164,-0.37640884552918574
3025165,8.870238230144787
3025166,-2.875368822880591
3025167,67.28051553366556
3025168,27.90869309670932
3025169,-2.4251515835824833
3025170,-4.15852580503517
3025171,41.73382138115769
3025172,19.001629199534147
3025173,-1.8535993812204106
3025174,-2.1111640687151523
3025175,2.3917153216940643
3025176,1.5284983611145924
3025177,2.5402391236986057
3025178,3.004084420828125
3025179,102.78795001484968
3025180,2.0987236884896756
3025181,51.463433297474666
3025182,2.0703578156989533
3025183,150.84562488513242
3025184,28.69407251399869
3025185,27.072198077418264
3025186,20.01446341900524
3025187,3.0356778971568565
3025188,579.1474196915649
3025189,2.0403543166267197
3025190,0.388578933948113
3025191,-0.07696006176228708
3025192,-0.011760939107474541
3025193,0.13443110619143453
3025194,0.32894980055799583
3025195,-0.7429272055496108
3025196,1.2039961618922153
3025197,2.139917615828532
3025198,5.553025237241788
3025199,-0.011698515531941178
3025200,19.25978878736703
3025201,30.559344739419398
3025202,0.400978125125954
3025203,0.060887235679844
3025204,13.123881510935565
3025205,7.421472613548533
3025206,0.3680935666832431
3025207,0.037727918142851424
3025208,0.8132158030633638
3025209,-0.7398844387744121
3025210,-1.1240433387644826
3025211,-0.02246895704115215
3025212,91.64400392897613
3025213,0.10103013651508605
3025214,43.31936032499715
3025215,-0.5815755244198226
3025216,98.8915809566922
3025217,42.98893163252156
3025218,22.572489735491374
3025219,14.346977105900926
3025220,7.891313646546914
3025221,360.28185545163285
3025222,1.6777596848010878
3025223,-0.2868622713783111
3025224,-0.9192957753148892
3025225,-0.7235394919438056
3025226,0.07496926475457488
3025227,0.05566517556423839
3025228,-0.7276851299129771
3025229,0.20070801628346657
3025230,1.6554502948970968
3025231,6.8742028253147565
3025232,0.043223896145530044
3025233,23.8224719259782
3025234,23.981850070883965
3025235,0.23570001197160878
3025236,-0.7731787009160995
3025237,13.200508943739653
3025238,8.962925782635132
3025239,-0.059825527673450556
3025240,-0.7960045726207989
3025241,1.165346503758343
3025242,-1.948981682460726
3025243,-4.49880101406794
3025244,-0.4203782409958512
3025245,-3.8752803780424436
3025246,-0.7831554401213362
3025247,2.1829879037826325
3025248,-4.971551443856079
3025249,-4.259934161933051
3025250,2.5071197859631504
3025251,-1.4179662476199884
3025252,-0.14194361708418002
3025253,-0.195767078290228
3025254,-10.38330438807374
3025255,-0.12866991893305338
3025256,-2.1212694362645266
3025257,-1.3741374696445996
3025258,-0.14968900544849703
3025259,0.338990419260474
3025260,-0.08979839262564154
3025261,-2.9651386158584208
3025262,-2.5242638126560335
3025263,0.550548827565392
3025264,-1.4522212338651366
3025265,-0.8064589603389026
3025266,0.861821732105775
3025267,3.783578611213118
3025268,-0.5239564033432612
3025269,-2.6390305829468415
3025270,1.4254081938774767
3025271,1.3552702672130477
3025272,-0.17157030533181344
3025273,-0.7686854435890268
3025274,-1.2456620525879112
3025275,0.9987405245864647
3025276,1.5132191313064687
3025277,0.017270803145438524
3025278,316.67725791286495
3025279,0.28051787093558234
3025280,46.02971816208723
3025281,-0.415929307023398
3025282,136.35858904590393
3025283,18.347969107021637
3025284,23.759026094978687
3025285,13.750125457308023
3025286,3.2771970912040933
3025287,491.6454644218413
3025288,1.814146284104893
3025289,0.824761315900862
3025290,1.9910237764004273
3025291,0.41826369386001944
3025292,0.3244181606861388
3025293,-0.6717884624961585
3025294,0.4230044218946136
3025295,0.7596592604416516
3025296,1.0535614607895263
3025297,12.942026049454864
3025298,-0.3628465190896236
3025299,27.641861644206976
3025300,26.72449972886413
3025301,1.1407603179937291
3025302,2.720966148397595
3025303,17.529827132671592
3025304,7.941802014577072
3025305,1.3118765958420704
3025306,0.4736907497600191
3025307,2.0354350418148828
3025308,0.526277372147524
3025309,-3.4772166004934113
3025310,-5.7466919801072445
3025311,635.2156029879573
3025312,-3.818172085953047
3025313,156.44378896518185
3025314,-2.6705320737409783
3025315,389.01240101913294
3025316,270.9491879038713
3025317,82.19111356609243
3025318,94.98093384038711
3025319,78.08051004451816
3025320,1207.6229789609924
3025321,10.409656154972108
3025322,-0.3974381182769868
3025323,2.0976658866942306
3025324,-4.354344061639458
3025325,-0.40900402665301955
3025326,-1.206465381902126
3025327,-1.915460035690339
3025328,-0.13453298397878843
3025329,-0.4727583993514782
3025330,36.59332436929279
3025331,-1.0769891741119864
3025332,147.73474870692817
3025333,63.48291429849364
3025334,-1.427748344195934
3025335,-3.480156627440374
3025336,90.05348771073682
3025337,70.64794763430844
3025338,-0.3076714349013494
3025339,-1.648193231798432
3025340,15.216248519147411
3025341,0.7760851988618378
3025342,0.09001998848543746
3025343,-1.1225594467229896
3025344,435.2869181621156
3025345,-1.2657872412509459
3025346,120.53096697433841
3025347,1.3722291316393238
3025348,327.13310999210677
3025349,175.0801641252023
3025350,76.326183643945
3025351,60.90746459553342
3025352,57.182846079139495
3025353,1184.86043066428
3025354,9.964211301889227
3025355,1.6546376437148136
3025356,-0.12352192850630675
3025357,-0.11149264827556188
3025358,-0.1872515048327114
3025359,-0.18772731433633455
3025360,1.6530598569041468
3025361,0.8474756165676809
3025362,-0.7394343797807597
3025363,21.70898793238335
3025364,0.383220917128674
3025365,163.0240255535048
3025366,60.19326298722969
3025367,-0.21762407441092366
3025368,-1.7484133626594123
3025369,94.65594629641447
3025370,45.896000507278444
3025371,1.2216900759083364
3025372,-0.7408116042777692
3025373,13.28895186524911
3025374,-2.103153379371797
3025375,-6.361366180052574
3025376,0.8742596233741277
3025377,304.47020859004783
3025378,-4.908770382051153
3025379,81.6185375900839
3025380,-4.177123876624246
3025381,307.34282296855804
3025382,124.49663829801925
3025383,97.14471173960952
3025384,28.12239718289584
3025385,39.24881133776704
3025386,1052.6237526777163
3025387,5.176487368027956
3025388,0.41483895418990874
3025389,-1.81546534369445
3025390,-1.4831357589675103
3025391,-0.1937418600340971
3025392,0.707209614744388
3025393,0.444010735226766
3025394,1.0496518655019462
3025395,1.0185899927529316
3025396,13.564573059534197
3025397,1.3606039394959588
3025398,205.22272662138437
3025399,74.34783750016896
3025400,-1.4495935475850275
3025401,-3.0160996378465645
3025402,107.46530480975183
3025403,28.576719845771947
3025404,0.516063960294923
3025405,-1.3993107819221768
3025406,7.44932777735201
3025407,2.6907244121334224
3025408,0.9794449204763804
3025409,1.654237601091336
3025410,405.92447554835564
3025411,-2.365044941524393
3025412,120.7741429430788
3025413,-0.9408634017144504
3025414,311.00458929333354
3025415,160.67040690545443
3025416,85.70966795419594
3025417,49.45732095919219
3025418,41.31862200565251
3025419,1110.246519970038
3025420,6.188044723775166
3025421,-1.307057152801426
3025422,0.6820395073141117
3025423,-0.7915885422490465
3025424,0.3890465789590598
3025425,-0.5952994270514682
3025426,-0.7973922875808787
3025427,0.1942960290434712
3025428,0.1305179937777211
3025429,15.657019037928002
3025430,-1.4541621712720008
3025431,129.48833784299893
3025432,67.16191933220165
3025433,0.9256445042533596
3025434,0.8949479169386176
3025435,103.03083043635895
3025436,38.47860029777621
3025437,1.9120394250224488
3025438,0.2874164936562738
3025439,9.899467838712589
3025440,-0.7981424620009785
3025441,-5.551653135173401
3025442,2.0173400074478196
3025443,216.37143312372717
3025444,-3.3596682146628156
3025445,83.30156095922754
3025446,-6.004357094036386
3025447,259.79646195841576
3025448,96.43881020080168
3025449,78.25696202152426
3025450,20.413540020262772
3025451,26.23885209623979
3025452,901.4831255383426
3025453,4.801702517431041
3025454,-0.70583788313088
3025455,-2.4317382377568717
3025456,-3.5737178496167687
3025457,-0.7964903256571053
3025458,-0.4207540308913667
3025459,-2.6245607375353575
3025460,-0.8413661201474315
3025461,0.7865308693603947
3025462,10.306180038030762
3025463,-0.5759296242796336
3025464,147.12992831894476
3025465,65.34459169568639
3025466,-1.0583454258244456
3025467,-2.81387862157666
3025468,92.76703360018743
3025469,22.78598216849896
3025470,-1.4758463578079681
3025471,-1.2922730614565807
3025472,3.2974072176990736
3025473,1.624106737672264
3025474,2.870560402030096
3025475,0.3652264788833054
3025476,307.0478648422232
3025477,2.112748170423438
3025478,82.79591601693774
3025479,0.10222825715623896
3025480,175.869775825985
3025481,133.47917088790666
3025482,42.209444266902175
3025483,47.39607185937715
3025484,34.81658441182772
3025485,641.7739582161707
3025486,8.398691679658732
3025487,0.26509533729273244
3025488,0.9921885752109665
3025489,-1.1501396416852006
3025490,0.30018898527643606
3025491,-0.6426526728768295
3025492,-0.9209402574914568
3025493,-0.4327294978807916
3025494,-0.6807439957310636
3025495,15.28450724838185
3025496,-1.4667849725919588
3025497,79.45462028634302
3025498,30.959207623816475
3025499,1.1661087560082524
3025500,1.7094700380718133
3025501,43.226259685430264
3025502,36.917687968842586
3025503,1.5195511477294348
3025504,1.790389352588463
3025505,9.97123267627234
3025506,-0.8934466534945387
3025507,-2.3106856858828544
3025508,-0.011607628248202662
3025509,134.23512806188148
3025510,-2.001162794020565
3025511,62.97083061228415
3025512,-2.1224987282989605
3025513,177.77229056875834
3025514,59.95757428368081
3025515,38.481466899288755
3025516,25.138113692492734
3025517,19.642087026496156
3025518,545.3252930148367
3025519,1.124116362037821
3025520,-0.5130281833012851
3025521,-0.3646752452815417
3025522,-1.5080656955300582
3025523,-0.7058917464517072
3025524,1.2109590773764285
3025525,-2.118078958507904
3025526,0.619990420460381
3025527,4.597620518847143
3025528,10.384905967170816
3025529,-0.32836007502108255
3025530,56.83672053292856
3025531,37.6114100074592
3025532,0.0020488098645000674
3025533,-1.781305203282682
3025534,29.736227050500965
3025535,18.318415237230003
3025536,-0.03637083508787327
3025537,-1.8728487488618704
3025538,1.787541358288727
3025539,2.0707036837575106
3025540,-0.5632980493411197
3025541,1.3104211211634358
3025542,222.54010909921868
3025543,-0.5201185693971093
3025544,80.3390704078727
3025545,2.146848562057112
3025546,249.51776203486818
3025547,92.50052394964833
3025548,62.573582898622846
3025549,21.797814821023184
3025550,24.67583780034147
3025551,910.5194140763642
3025552,6.5860897493171615
3025553,0.6719994361624958
3025554,0.5388627017973886
3025555,-0.9670361335977394
3025556,0.09091763898633873
3025557,-0.1701232927950514
3025558,1.4008657282294734
3025559,0.3966574127607601
3025560,1.150903712862637
3025561,17.668277964985098
3025562,2.4116066008631423
3025563,179.6697414504751
3025564,53.92360655790857
3025565,0.31564720938389657
3025566,-0.12843842272372058
3025567,49.92142701149831
3025568,23.04095637946528
3025569,1.5412349816658388
3025570,-0.48208561696752444
3025571,4.803834181579077
3025572,0.16780233370271175
3025573,2.253565786410327
3025574,-2.5714231663911775
3025575,457.16253127298216
3025576,-2.0622630830531126
3025577,129.88623408340587
3025578,0.1591034976669472
3025579,241.07412442833927
3025580,165.68631005760062
3025581,47.68589496995483
3025582,55.400899024190295
3025583,38.01065378547551
3025584,801.6755903688061
3025585,3.221127313026518
3025586,-0.9299636002267289
3025587,0.20030101229567665
3025588,0.778528762378519
3025589,-0.6760265182246803
3025590,-0.3827417463269011
3025591,2.6412799683537376
3025592,0.4336059168030988
3025593,-2.193342875346425
3025594,19.43286935917851
3025595,-0.09639031181588509
3025596,114.16722419395504
3025597,37.93559860353875
3025598,-0.34891235064656934
3025599,-0.043713801459962176
3025600,68.72570173308677
3025601,31.2690547975972
3025602,0.8703222457444646
3025603,-0.35721419606663407
3025604,12.158374082994996
3025605,1.4792637455126842
3025606,-1.6089191830175391
3025607,1.3711592688363032
3025608,-4.3064716236124205
3025609,0.16556625674969266
3025610,1.1341696798734064
3025611,-1.3204196422112908
3025612,-0.5379707154989046
3025613,3.051737372092303
3025614,-1.182488221380869
3025615,-0.11853573829340014
3025616,-2.627117656289265
3025617,13.896777247795836
3025618,2.1692931835762828
3025619,-0.7734899292988302
3025620,-1.0554219499633892
3025621,0.4217325894011026
3025622,1.164215321954016
3025623,-0.868530927442498
3025624,-1.030114286882381
3025625,-1.4725488437120169
3025626,0.009563406881546777
3025627,-0.3740788592079719
3025628,-1.1265986191042068
3025629,-2.636591068280122
3025630,-1.2059652065501962
3025631,-0.7401920341235256
3025632,0.28726959050228623
3025633,-0.9914302372376551
3025634,2.984608012235876
3025635,2.250555556353478
3025636,-0.43964663640125423
3025637,0.26195707992691836
3025638,-0.06046925157822097
3025639,0.06474120865440791
3025640,-0.03241357875817466
3025641,3.737318246070166
3025642,0.407876581899576
3025643,-1.0308147804349266
3025644,-0.5338729289471849
3025645,-1.6147689936655842
3025646,-3.157437080169857
3025647,0.2579121291239186
3025648,-0.3534001721529478
3025649,-1.0928384935647772
3025650,-7.5414301833178605
3025651,0.5411548840992145
3025652,0.4057916104102879
3025653,-0.8434770003074357
3025654,1.8007685997708482
3025655,0.3669194836247881
3025656,0.4494380223594453
3025657,0.8948796348443284
3025658,-0.7147028385119722
3025659,-0.36423641033473014
3025660,-0.3413305473999446
3025661,-0.006954122037222954
3025662,-0.9692395547029629
3025663,-0.4111054140419094
3025664,-0.441874839112121
3025665,-0.39467555909676433
3025666,-0.49577066396661396
3025667,0.20665702217924264
3025668,0.40097795007180487
3025669,-0.27044567032224787
3025670,0.3739974844293954
3025671,0.4691939899750832
3025672,0.5733016439110907
3025673,0.19854502166073884
3025674,80.96793365597519
3025675,-0.3321534437617266
3025676,33.24973773265845
3025677,1.1021387989288451
3025678,132.88171681315657
3025679,8.702236204873461
3025680,18.49096350156629
3025681,8.911662329988157
3025682,-0.12297802552362547
3025683,372.52941765919644
3025684,1.8504975500864498
3025685,0.7207169196658766
3025686,0.12746906283079856
3025687,-0.17569193915310044
3025688,0.13216461028453758
3025689,-0.11097091879228854
3025690,-0.2157148474141718
3025691,0.16215904054911567
3025692,1.3162893370021926
3025693,4.005708604975181
3025694,0.12523583436007585
3025695,6.7855352654258
3025696,21.737843946441238
3025697,0.024082206464365763
3025698,-0.030357691635351805
3025699,6.200056547716333
3025700,7.432491981567575
3025701,-0.6460742833197287
3025702,-0.046209127887020696
3025703,-0.0008850862069516019
3025704,-0.3796166404538235
3025705,-2.396331430547261
3025706,-0.6383536095387898
3025707,212.1810989876613
3025708,-1.9647960363250603
3025709,65.09598463441911
3025710,-0.17324931418072087
3025711,177.42751239511068
3025712,89.28212682889884
3025713,39.91473948256138
3025714,32.22205032885129
3025715,25.564535237180316
3025716,619.0468278463077
3025717,4.873864234258871
3025718,0.5422657710171916
3025719,-0.38385241114694507
3025720,-1.7181218431926482
3025721,-1.0691916050196233
3025722,-0.3101652713922157
3025723,-0.35254296068375884
3025724,0.2779352653483511
3025725,0.7014536749064064
3025726,12.420995310468898
3025727,-0.5321282941020399
3025728,79.04784062555241
3025729,32.398731731583254
3025730,0.3269555512466469
3025731,-1.4001407114946505
3025732,58.499849120043436
3025733,21.378136030467793
3025734,0.6697323499083996
3025735,-0.39082661633729004
3025736,4.430681683963294
3025737,-1.4160796364634736
3025738,0.6314099381770211
3025739,-3.561751484136803
3025740,299.5830641650233
3025741,-2.0354878382974855
3025742,86.95900193013436
3025743,-3.1515189167889184
3025744,185.30146982455466
3025745,135.31819011318737
3025746,33.515158822969205
3025747,49.030549466692435
3025748,29.537993685885816
3025749,563.722681337788
3025750,5.660276043580453
3025751,0.03322036203251627
3025752,0.04661468817736025
3025753,-0.09760786595285037
3025754,-0.10131048562794603
3025755,0.5829074205516008
3025756,1.1342287405307434
3025757,-0.1979339198500384
3025758,0.6865905285060945
3025759,18.665824353601963
3025760,0.9321344469394172
3025761,100.09623782415056
3025762,32.03265183899494
3025763,-1.1124184060188418
3025764,-0.7125769112004491
3025765,47.09046271133913
3025766,29.648586755485233
3025767,0.7547287702490577
3025768,-1.16419651521006
3025769,8.980463619771326
3025770,-0.3711529189273279
3025771,1.9802209681571548
3025772,-1.678611071849773
3025773,309.2658715775035
3025774,-0.5890393236160889
3025775,91.68555623087329
3025776,-2.00806875863389
3025777,201.85326160650277
3025778,145.4741882482041
3025779,40.748138952921984
3025780,49.63560287801458
3025781,26.172625531469606
3025782,649.0784413420197
3025783,6.275334024296681
3025784,0.48453028126365094
3025785,1.0278203192609363
3025786,-1.4797221534260823
3025787,-0.3714673692509314
3025788,0.1792323336943446
3025789,-0.09282149528597072
3025790,0.011590794866060655
3025791,2.1931282663108504
3025792,18.190528246001378
3025793,0.356271168246858
3025794,95.66057205418471
3025795,36.92671841586911
3025796,-0.47928964879931296
3025797,-1.4368797063933743
3025798,47.40846195954808
3025799,33.15254025498936
3025800,-0.19128819178178674
3025801,-1.2735461910312005
3025802,7.899987966008629
3025803,2.8204763870289753
3025804,0.40215393640821273
3025805,2.9225692719335714
3025806,211.38769355641523
3025807,-0.6990201295159205
3025808,91.89158671617446
3025809,3.0664673309341017
3025810,248.94730762600273
3025811,53.94289214626254
3025812,71.58108157522274
3025813,27.642784570341135
3025814,8.20069544939346
3025815,888.6097724543974
3025816,2.920242635086397
3025817,2.243684282539689
3025818,1.058778980475181
3025819,-1.6788763285148525
3025820,-1.0020002817143177
3025821,2.8707146013379314
3025822,-0.046446128063471426
3025823,3.339549611005932
3025824,3.2252811087260853
3025825,8.140270303887265
3025826,0.6951299865686087
3025827,65.85529334514355
3025828,54.41813050413839
3025829,1.3225446226689384
3025830,-1.1909807270398598
3025831,62.558800152521506
3025832,12.807234488475006
3025833,1.6540552107295659
3025834,-0.41070888873277
3025835,2.592286501544295
3025836,3.0498101201763346
3025837,3.0888819188752947
3025838,1.79602741633189
3025839,178.57171810684733
3025840,3.126089750819883
3025841,59.19212010441345
3025842,2.4867469759864615
3025843,145.84913069270564
3025844,89.53015342967942
3025845,27.288958790856668
3025846,31.58373997642917
3025847,20.784725140451265
3025848,453.76196435947975
3025849,5.5609010056036645
3025850,1.1529887371382936
3025851,0.8397135409637849
3025852,0.9954179686921908
3025853,0.3336549308179019
3025854,0.7894410969620731
3025855,1.9817118422650948
3025856,1.7425846469767565
3025857,1.1054477916705583
3025858,15.855509950760789
3025859,0.29651029219687186
3025860,67.49613744670764
3025861,21.2001992651583
3025862,0.010141271910324545
3025863,0.7912395256183209
3025864,36.83245291596825
3025865,14.904838947644166
3025866,2.6220495436758484
3025867,1.1435033245546946
3025868,6.3107576242960475
3025869,-0.08339578842620576
3025870,-1.379824805596045
3025871,0.5936991922840024
3025872,84.38547407603124
3025873,-0.9781076729646159
3025874,23.352685255701545
3025875,-0.49470599319145553
3025876,137.4568287752215
3025877,18.830359116791442
3025878,34.30363459814038
3025879,6.775168927422092
3025880,1.732681094449217
3025881,408.811108504317
3025882,2.0170683970364918
3025883,0.1495379065108136
3025884,-2.551249598192153
3025885,-0.1084772175229683
3025886,-0.09595294478331196
3025887,-0.6423754199500763
3025888,-0.5259119146448665
3025889,-0.5688790950373368
3025890,-0.3556692052673679
3025891,1.9895290566321273
3025892,-0.5232879360556763
3025893,44.08345922085077
3025894,26.13972802924407
3025895,-1.323048982998953
3025896,0.7668264208472373
3025897,21.572117266080458
3025898,4.14072657202676
3025899,0.5741858562082326
3025900,-0.44638431176957966
3025901,1.892050079806968
3025902,-1.2396698635363284
3025903,-1.159025132599709
3025904,-0.7413263669152366
3025905,423.9920281918969
3025906,-1.4782863123293646
3025907,106.21899124759301
3025908,-2.294848159822286
3025909,305.29004616639287
3025910,35.16358416508905
3025911,52.798346388991845
3025912,16.98277552788575
3025913,9.967596076720074
3025914,986.3039704457772
3025915,2.3885804562534756
3025916,-0.2939585598352278
3025917,-0.441573601574637
3025918,-1.5841680977396024
3025919,-0.3014003278416203
3025920,0.6799026897770092
3025921,0.008949869338030214
3025922,0.1705014758674952
3025923,2.148095647933369
3025924,4.709476221458208
3025925,-0.8740096795830321
3025926,116.9637530487893
3025927,53.287626500247285
3025928,0.20885257105706845
3025929,2.107836324529053
3025930,63.05275080670391
3025931,5.985754289362012
3025932,-0.37662327123165595
3025933,-1.9113586095727808
3025934,1.9985839650292472
3025935,0.6621829804458684
3025936,-0.17561484270263464
3025937,-0.3347006436105585
3025938,124.98807663693674
3025939,-1.1038223237648344
3025940,35.805382617826695
3025941,-0.264802396447194
3025942,129.5429739470419
3025943,20.826192654429832
3025944,25.936252616642015
3025945,7.434093112537958
3025946,5.237829041483274
3025947,428.8834620852756
3025948,1.4804840797411454
3025949,0.8432371091544337
3025950,-0.00024412312959612437
3025951,-0.30075803702413395
3025952,-0.3630672535400663
3025953,-0.31021530909114514
3025954,0.23826675013464416
3025955,0.12777167568849107
3025956,1.1040095036981075
3025957,4.2429757199172675
3025958,-0.36215568770334355
3025959,28.762850757593114
3025960,23.976036666746438
3025961,0.1893766105882969
3025962,0.3033774964887562
3025963,12.32230287621016
3025964,2.937419213528192
3025965,0.12631170346758164
3025966,-0.019155955764799726
3025967,0.8366719662343531
3025968,-0.28501442616274286
3025969,-1.2788804382132366
3025970,-1.5339035944634816
3025971,123.44348307024339
3025972,-2.6068619556270276
3025973,33.0457842821331
3025974,-1.6923406561843874
3025975,125.03652975792181
3025976,18.800997805408333
3025977,23.129822371739863
3025978,5.619475124477031
3025979,3.1687632931273404
3025980,415.90792468372604
3025981,1.0394026949668478
3025982,0.3673504444297578
3025983,-0.5736050429190072
3025984,-0.9342065244966216
3025985,-0.9185033403344278
3025986,-0.8062489383807405
3025987,-0.2661326148943044
3025988,-0.3787249676098145
3025989,0.16343296011829805
3025990,3.1971433158001674
3025991,-0.8016860210945015
3025992,28.26121028924157
3025993,24.535203974710967
3025994,-0.2147832122779073
3025995,-0.26777901753281186
3025996,11.14386293922129
3025997,2.4497160462210017
3025998,-0.45466162811142563
3025999,-0.43112807239253015
3026000,0.3900766432149249
3026001,-0.2918685781468957
3026002,-0.6040680047153001
3026003,-1.3125196162083739
3026004,78.77628836404656
3026005,-2.153416147897442
3026006,34.50250579893247
3026007,0.3606913023865492
3026008,180.93347952380296
3026009,19.25388933910355
3026010,21.729814468279145
3026011,7.543158398143351
3026012,1.4652091030207521
3026013,453.4991579530971
3026014,2.2892987746603035
3026015,0.7422639753121917
3026016,0.24774557792067983
3026017,0.08859504497787618
3026018,-0.9819603190532938
3026019,0.49579183687058725
3026020,1.1424254975879307
3026021,0.912601837635623
3026022,0.8578737625279905
3026023,4.429947653910269
3026024,-0.08992360592838622
3026025,70.0366504178561
3026026,40.493072482327435
3026027,-1.408346970730097
3026028,-1.3384200139166638
3026029,12.749782601441797
3026030,5.835608443526464
3026031,-0.45690007111251124
3026032,-0.7168658215221217
3026033,1.0134615550386956
3026034,0.8501235119385091
3026035,1.2364535832535601
3026036,1.4262626180816733
3026037,128.8129182888643
3026038,-0.44089043298045
3026039,31.344270346649864
3026040,0.6454351069826226
3026041,146.18745527580236
3026042,22.33184311033525
3026043,33.77774526295237
3026044,8.679056842247956
3026045,2.949826004389638
3026046,508.282353644786
3026047,3.0860475874670374
3026048,1.1558639103769384
3026049,0.5860082807187428
3026050,-0.126994842648246
3026051,0.5072738349228166
3026052,-0.5047185292998619
3026053,0.1821183992392162
3026054,0.5194003970227642
3026055,2.2999351259586547
3026056,3.529361196596692
3026057,-0.31515341752688986
3026058,25.892176038586143
3026059,27.245598959039853
3026060,0.3053874371146231
3026061,0.7452429395632043
3026062,10.108102595131058
3026063,3.018095761140576
3026064,0.846998611929621
3026065,-0.3412322451260843
3026066,0.5813348285173107
3026067,1.7410801510781313
3026068,3.211459706600217
3026069,1.8227258434160833
3026070,93.706350670287
3026071,0.10125447544567578
3026072,41.66789590986224
3026073,1.2306379088130779
3026074,162.8590736989165
3026075,19.94721725508942
3026076,33.70549056817497
3026077,19.38104316973546
3026078,3.038108628132709
3026079,475.736246960842
3026080,2.0313842646145353
3026081,-0.4945288515270658
3026082,0.1944143339600123
3026083,-0.1764168791444899
3026084,0.24638282036303288
3026085,-0.322935884118524
3026086,-0.23716475280794835
3026087,1.0471889730986732
3026088,2.3424176177812117
3026089,5.231655583237917
3026090,-0.9732214388280772
3026091,20.962824540455877
3026092,32.22041854973446
3026093,-0.0001607654507097267
3026094,0.49894311497337185
3026095,15.063681852404335
3026096,6.131358341387749
3026097,1.346029067800846
3026098,-0.7180385404733532
3026099,1.5891036489412365
3026100,0.335485584370108
3026101,2.107065761621152
3026102,1.8276815399632687
3026103,176.0452304153901
3026104,-0.5563295897185889
3026105,39.003281269807665
3026106,-0.29214443912351273
3026107,155.28866626392076
3026108,36.89381559598864
3026109,40.42451525043278
3026110,19.682827839109706
3026111,4.420250250414706
3026112,505.04273367664115
3026113,3.792726111279044
3026114,-0.5928062057662464
3026115,0.9037980691383564
3026116,-0.6049635758374007
3026117,1.2109219196171397
3026118,-0.7749868832040738
3026119,-0.6992929257259402
3026120,-0.8667874476192083
3026121,1.53731893226166
3026122,4.761422438762347
3026123,-1.037672726109704
3026124,45.80180187169826
3026125,24.09228759005164
3026126,-0.8528596248971735
3026127,0.580928202611567
3026128,32.25305318981045
3026129,8.06046012638195
3026130,0.6061801280170313
3026131,0.023438302878130368
3026132,0.975973847551968
3026133,2.6952621812294093
3026134,-0.1591445921821013
3026135,0.9058887146904816
3026136,139.75202111158717
3026137,0.6297098029676274
3026138,123.3067693871869
3026139,0.4103673056427216
3026140,102.44149413700492
3026141,41.22791315464136
3026142,28.496665944380624
3026143,21.001891636965556
3026144,0.26190439351552897
3026145,370.0834673870829
3026146,2.319619444571508
3026147,-0.1000511105615442
3026148,-0.1324309586882009
3026149,-0.36838768076734585
3026150,0.11226411193591068
3026151,0.28756021061326464
3026152,-1.3715569249338024
3026153,1.4152895115409048
3026154,-0.003520068623438344
3026155,7.935062044551923
3026156,-0.7339445666726169
3026157,19.013837174400315
3026158,19.61831206859148
3026159,-0.015062696998793368
3026160,-0.16517410283883688
3026161,17.842051444815805
3026162,5.543496841696542
3026163,0.2716880508537998
3026164,0.8441155920746679
3026165,1.7792301893230889
3026166,0.6161749020268324
3026167,0.98900489966868
3026168,0.4563653839324978
3026169,174.45229442924327
3026170,-0.42743116630867006
3026171,31.420372407117682
3026172,-1.4984720208399087
3026173,133.6870396594822
3026174,15.061510941970628
3026175,26.62994918555851
3026176,6.993909198662223
3026177,2.458072356190023
3026178,428.06345383571124
3026179,1.6163812856743607
3026180,0.16025003130707774
3026181,0.45255010182860134
3026182,0.13033731814396562
3026183,0.28969047096914435
3026184,-0.5591828580448782
3026185,-0.1783076970487036
3026186,-0.11863839764097067
3026187,1.7328786221337942
3026188,3.364650429854337
3026189,-0.4833435947800171
3026190,31.117780156347315
3026191,24.461494560978096
3026192,-0.2381126811279683
3026193,1.2571557033293632
3026194,9.971594526688495
3026195,3.422104492874714
3026196,0.3624005171370209
3026197,-0.4380180664081854
3026198,0.7646316862225194
3026199,2.0602434107384036
3026200,1.3109780381873406
3026201,1.4331175739541868
3026202,215.93776879735037
3026203,2.708552600326584
3026204,63.10785536486739
3026205,0.9440065841219623
3026206,163.89774519727666
3026207,93.76213021488374
3026208,33.209778591389735
3026209,32.65297279826537
3026210,22.127592302704507
3026211,578.8674232133205
3026212,5.201030868182934
3026213,0.6955029297711007
3026214,0.21714715121284825
3026215,1.1910836506576652
3026216,0.1539341226605393
3026217,0.7672955521875338
3026218,1.702089058579468
3026219,0.9992482359685528
3026220,1.5272623778760681
3026221,12.46714882385193
3026222,0.2621652915501545
3026223,87.92220670734045
3026224,31.802444412109182
3026225,-0.2945569586496276
3026226,0.4004123237575823
3026227,49.284658086539054
3026228,19.157216492677033
3026229,2.70373320278838
3026230,0.5058908094734943
3026231,6.339219955929539
3026232,-0.29339769620295564
3026233,-6.211782934444855
3026234,0.5888788330928583
3026235,-0.7508765472174126
3026236,-1.5713773305301586
3026237,5.961580920744418
3026238,-2.838778803407913
3026239,1.2592967411494465
3026240,9.438039288232904
3026241,3.736640717527298
3026242,-1.4935651283705738
3026243,-3.134930716308422
3026244,23.11359618313436
3026245,0.5381373669334425
3026246,-2.1833801887789015
3026247,-1.578607370850368
3026248,-0.7881512657606436
3026249,0.19205697705121566
3026250,-2.131349566618337
3026251,-3.3792762677213615
3026252,-3.330569905235898
3026253,-0.14768267879520858
3026254,-1.9174148527488795
3026255,-1.7191432581152548
3026256,4.861378826130349
3026257,2.3804795688978633
3026258,-0.20102468441269594
3026259,-2.0875550973821375
3026260,5.406417412244555
3026261,4.158905413288521
3026262,-0.1910335058992496
3026263,0.12232874419045411
3026264,-0.7711800894483167
3026265,1.5801904732319965
3026266,-1.4195536896396515
3026267,1.0956679643530154
3026268,-3.458713089266022
3026269,1.0701171215356589
3026270,-1.2083984230696296
3026271,0.010448140755033863
3026272,3.8639244702474387
3026273,-2.2732915209547353
3026274,0.33925877114361364
3026275,0.4734595696879478
3026276,-2.3831040262654053
3026277,8.146092124579154
3026278,-0.033633622101551686
3026279,-0.8449934242736343
3026280,-0.2500985147766187
3026281,1.8900995195033103
3026282,0.7939146541682932
3026283,-0.5480481589955526
3026284,-0.62366158783836
3026285,-1.2599856774846558
3026286,0.7673140610957125
3026287,-1.2093350994692809
3026288,0.05754619837327485
3026289,-1.8034830089319804
3026290,2.1116831110617205
3026291,0.037917697397642836
3026292,-0.5782090968449483
3026293,-1.4324618607878075
3026294,-0.43290449494023053
3026295,0.902741632404068
3026296,0.7056545787712094
3026297,-0.15946208273177026
3026298,-0.8195233864848706
3026299,-3.9335456080620497
3026300,-0.4847978203505772
3026301,-1.3446933470313527
3026302,-0.7313899617169953
3026303,0.4158318163787044
3026304,-1.7881932799749483
3026305,3.4063198525457117
3026306,0.5906177473851859
3026307,3.153547604349515
3026308,-2.5923783552421806
3026309,-3.3146138275002888
3026310,7.553681577050738
3026311,0.9216162503496161
3026312,-0.5801039480715553
3026313,-0.8910700347308739
3026314,0.3628470551398642
3026315,0.11204660328876345
3026316,-1.3977046139789309
3026317,-1.1719373835814622
3026318,-1.7048872952607055
3026319,-0.5153128272741014
3026320,-1.5630718665266976
3026321,-0.6162854057041841
3026322,5.925435120902039
3026323,3.0969888284683114
3026324,-0.668061599480352
3026325,-0.14584558839975215
3026326,-1.0680235390269808
3026327,0.3618449146382046
3026328,-1.1149190300556802
3026329,0.02020828680128034
3026330,-1.3423629275562416
3026331,0.20272715086073734
3026332,0.4230229980403966
3026333,-0.1826871971249056
3026334,103.20677857605973
3026335,1.1342058834388444
3026336,49.26296879945025
3026337,0.6753198840957338
3026338,108.92764887849225
3026339,54.2972549983712
3026340,22.92107519875564
3026341,12.002191892304545
3026342,9.900363078542819
3026343,375.1194514389413
3026344,4.505749279176088
3026345,1.6595176927698048
3026346,0.6024162118505046
3026347,1.4478407385675385
3026348,0.018001097759115542
3026349,0.9217522148341233
3026350,3.022003440972476
3026351,0.301019449938467
3026352,1.015453956482088
3026353,2.5285246044698586
3026354,-0.9383748516208286
3026355,221.0947627988283
3026356,20.278697681543417
3026357,-0.7744379074713652
3026358,0.43027744745748364
3026359,30.533069398840595
3026360,10.401226028556412
3026361,1.9761292902867718
3026362,0.330083675144997
3026363,4.552052631627666
3026364,7.404398357575847
3026365,8.179083868529705
3026366,2.5312680942253794
3026367,342.8233822750434
3026368,5.7118734407796
3026369,119.34424360895085
3026370,7.143628750287244
3026371,233.94312397218243
3026372,134.74896160287813
3026373,51.341648160086265
3026374,49.88300269224594
3026375,32.11119805186152
3026376,826.5146754399523
3026377,5.465871514535204
3026378,4.523488640203534
3026379,3.8963859656330464
3026380,3.3684924225149304
3026381,1.3257932529921095
3026382,3.3835205512463586
3026383,6.8302771146672905
3026384,4.470936712373835
3026385,2.1470189027154563
3026386,18.562435067059624
3026387,3.5530151369134115
3026388,88.36337730504749
3026389,39.78239397580346
3026390,1.404449766264181
3026391,4.860627589608587
3026392,62.6229263097505
3026393,27.640140202855214
3026394,3.9021870084339323
3026395,2.641411519428032
3026396,11.31088080072
3026397,0.1712690339638357
3026398,0.17292561827656758
3026399,0.34042486828398977
3026400,124.6136103909801
3026401,-0.0955447268520222
3026402,42.68087495068157
3026403,-0.5959532276159736
3026404,68.24032962610886
3026405,52.391234722367585
3026406,17.46555014071735
3026407,17.697252879247063
3026408,10.249132316850446
3026409,271.93476614668896
3026410,1.5298574319451292
3026411,-0.506329251287607
3026412,0.1668857620839117
3026413,-0.4285907017085629
3026414,0.5307192160196792
3026415,0.7660727453796062
3026416,-0.954992655960741
3026417,0.9055241415809723
3026418,1.4596748291284531
3026419,10.93582887225075
3026420,0.47838854566765804
3026421,36.726920131286136
3026422,13.515313452057452
3026423,0.37340612319974753
3026424,-0.655356263181384
3026425,17.26315896176464
3026426,11.116537739305205
3026427,0.3272802989390765
3026428,-0.020678750621082154
3026429,2.2710590677487197
3026430,-0.6380144602594373
3026431,-2.174926392576599
3026432,-1.192065993467986
3026433,90.92404620436908
3026434,-1.3545854753715685
3026435,53.954203680270666
3026436,-1.1463428468268102
3026437,80.07383153097697
3026438,33.82802499234066
3026439,20.11398011941703
3026440,9.88581972976157
3026441,3.748843092625343
3026442,305.16370452371297
3026443,1.3818228280951304
3026444,-0.10635876175340628
3026445,-1.8050620455998139
3026446,-0.6042408501349996
3026447,-0.8978271568281775
3026448,-0.8032988343182366
3026449,0.17595569729924368
3026450,-0.8217040216384044
3026451,-0.42994015318404083
3026452,4.744054117050175
3026453,-0.1718353367515807
3026454,49.60284154075433
3026455,25.944663935614983
3026456,-0.9062294763010572
3026457,-0.5055150927261706
3026458,24.81608508718363
3026459,6.9287268208499455
3026460,-0.4807974177392748
3026461,-0.5975469283982671
3026462,2.3492297320832884
3026463,1.618647419065528
3026464,0.9770011256833094
3026465,0.23812366570782606
3026466,221.49257372908409
3026467,1.886214043355867
3026468,90.9132102345497
3026469,0.4330517003330897
3026470,117.80659583637106
3026471,81.58895157427061
3026472,36.4532747411813
3026473,34.27929307376355
3026474,18.46532439910414
3026475,509.22189245961243
3026476,2.3825210349337724
3026477,0.3311671475173648
3026478,0.01186309168525667
3026479,-0.5215593247999346
3026480,0.3514872748439962
3026481,1.606306834051386
3026482,-0.3401639993134881
3026483,2.303588080632501
3026484,1.7149109579527
3026485,19.1937336549862
3026486,1.0497306448223687
3026487,45.13595986221367
3026488,26.969930240061398
3026489,1.1399255489850044
3026490,1.139104812063481
3026491,40.96388739111065
3026492,15.608209154122918
3026493,1.598922090061417
3026494,0.32814243134768956
3026495,2.840885579828712
3026496,2.8444076465761468
3026497,2.7121081761817916
3026498,1.5924420559592547
3026499,155.39535335333215
3026500,1.3397570182321943
3026501,80.85285315328198
3026502,2.4231222326411084
3026503,119.40366142994048
3026504,43.572181017794065
3026505,35.58071975471314
3026506,21.006146709782477
3026507,7.190789467274758
3026508,520.0920667167868
3026509,1.39576434850703
3026510,1.1005617677692068
3026511,-0.3875728284990032
3026512,0.2977436408531071
3026513,0.06790104245427984
3026514,-0.10775406932659051
3026515,-0.5125333848186414
3026516,2.383040321066976
3026517,1.5879407439987268
3026518,11.569576781457938
3026519,-0.14954477608892147
3026520,28.499921123273552
3026521,31.121861654584677
3026522,0.6777945568893051
3026523,1.8662950180991469
3026524,25.458352848624372
3026525,7.595472347696589
3026526,0.29093874188353996
3026527,-0.051396536579165875
3026528,2.3459890463201307
3026529,-3.3663165922900955
3026530,-5.538636640836485
3026531,-3.035293406738201
3026532,7.191627573514269
3026533,-5.060776516825718
3026534,5.74306327920327
3026535,-4.6950730687056055
3026536,3.053091798337628
3026537,1.7060272533498937
3026538,0.9257043229169357
3026539,-0.9015332153535565
3026540,-2.537601859447
3026541,4.085093267255433
3026542,-1.2127297086023168
3026543,-2.9746794364195805
3026544,-1.7737500990662807
3026545,-1.8072080976088616
3026546,-0.2676682919827431
3026547,-1.4983009658063817
3026548,-2.7143311426315337
3026549,-2.5538400797855574
3026550,0.21778825431432103
3026551,-1.6839033399905814
3026552,-1.7350184868269274
3026553,3.519666058721371
3026554,7.1112975340226265
3026555,-0.9514517417482853
3026556,-2.8798294530334965
3026557,2.2910258901177736
3026558,1.9812608019545883
3026559,-0.9345405960934726
3026560,-0.6683180354309002
3026561,-3.6758517730779268
3026562,4.178519992732399
3026563,8.292945342909878
3026564,2.1605828912365173
3026565,588.5106421232974
3026566,4.727636050991496
3026567,154.15413069944753
3026568,7.769660665481789
3026569,333.4339908405324
3026570,223.64441415960022
3026571,65.72700485165402
3026572,91.32505758111785
3026573,62.08722741936414
3026574,1163.8638682568198
3026575,13.81289058132381
3026576,2.94134422452953
3026577,3.912538315229176
3026578,1.361763545442991
3026579,3.047943872679716
3026580,0.9277478312553649
3026581,4.312347721499027
3026582,4.203614475549257
3026583,5.064279129232345
3026584,30.981894278438304
3026585,1.6268453917665102
3026586,130.41905894995125
3026587,54.883383696547824
3026588,3.1194773446836916
3026589,3.9819724637673066
3026590,89.84184223740266
3026591,60.913496884661654
3026592,3.669047608934343
3026593,1.529727628617402
3026594,19.38167720757847
3026595,-0.30418743393762293
3026596,-0.29718933116804697
3026597,0.3366317295546468
3026598,64.98622129460783
3026599,0.5005961938378459
3026600,26.907853261428464
3026601,-0.5490243520223158
3026602,66.7227241461601
3026603,16.711930002087904
3026604,15.001735508798083
3026605,10.203841324176755
3026606,3.234069384124691
3026607,262.38230293097484
3026608,1.7437523937425725
3026609,-0.43099159320271385
3026610,-0.21348749291534436
3026611,0.3438847060911143
3026612,0.7227592651937016
3026613,0.4629064905020573
3026614,-0.40562957638278707
3026615,-0.4174954208375198
3026616,1.547049889718867
3026617,5.355138038643847
3026618,-0.16089662296894636
3026619,13.493719345365708
3026620,20.23418278456712
3026621,0.15940338525021844
3026622,0.23315743180133042
3026623,12.10279989109465
3026624,3.964606812522063
3026625,0.41963317791970667
3026626,0.14307913657666402
3026627,0.5362482797209963
3026628,-0.2088461834509508
3026629,-1.36430933164891
3026630,-1.7809745733666933
3026631,121.8809819730401
3026632,-2.0018844961962894
3026633,66.57997217231932
3026634,-1.3102077438514244
3026635,156.57097639986745
3026636,37.27594370387386
3026637,27.95987612112156
3026638,13.088649229947407
3026639,-1.425667256451852
3026640,541.9929732734074
3026641,1.2833985548048372
3026642,0.4929047686537821
3026643,-1.264928422753917
3026644,-2.419724332304729
3026645,-1.8978256667180244
3026646,-1.1649514402125782
3026647,-0.8669041447782796
3026648,-0.523598279282421
3026649,0.2609524315884778
3026650,2.5444453325293512
3026651,-1.9978382343541738
3026652,39.46448278176288
3026653,34.61904273443407
3026654,-1.8662206162900543
3026655,0.20924069910546006
3026656,14.132751754249796
3026657,7.7751773049779445
3026658,-2.5489915402802286
3026659,-1.2136826206492402
3026660,-0.40346053597558007
3026661,-1.0593381017880166
3026662,-1.6840873132219711
3026663,-0.31393289242332684
3026664,57.44233985956744
3026665,-1.498966854655737
3026666,24.62442997749713
3026667,-1.4704687833700882
3026668,69.21384481842333
3026669,14.412482239892416
3026670,14.291420809132905
3026671,8.753699891600409
3026672,0.5350471965736735
3026673,276.75593968401245
3026674,1.1754898521562724
3026675,-0.7596513008248508
3026676,-0.8892569474855986
3026677,-0.2604169549173889
3026678,0.2217637022288841
3026679,0.0981201602850274
3026680,-1.0896552088773819
3026681,-0.6286569230251258
3026682,0.8912140762358762
3026683,6.490955496293238
3026684,-0.43919293669715215
3026685,13.522118627731281
3026686,21.510028881256467
3026687,-0.45629076047186345
3026688,-1.5393634455206189
3026689,11.363492052064714
3026690,3.1029426290900597
3026691,-0.5019827703603801
3026692,-0.47282566345257465
3026693,-0.12159187480156783
3026694,1.4337878036958627
3026695,1.6756264290921297
3026696,1.7073435200455185
3026697,105.34153337258691
3026698,-1.0890430697675275
3026699,44.342171758471935
3026700,0.3806231615571598
3026701,159.79921360467634
3026702,27.778041857940842
3026703,26.085913119845763
3026704,19.724505434508657
3026705,-0.8713977883706683
3026706,501.5195050636197
3026707,1.1145815768627951
3026708,0.4312826842368964
3026709,-0.6366078249715007
3026710,0.7640091343890584
3026711,-0.6539715204596427
3026712,0.5442660984147665
3026713,0.8905721362936606
3026714,1.5035957633007695
3026715,1.3462069563764876
3026716,8.804467983210166
3026717,0.4672222989318402
3026718,33.38424530724285
3026719,33.62654256511051
3026720,-0.3277570564918585
3026721,0.23941364351500516
3026722,14.835520867866247
3026723,7.135013157787319
3026724,0.2622785907848505
3026725,-0.3438775699084305
3026726,1.0315371498728982
3026727,3.5679739436684033
3026728,3.252995714398057
3026729,1.1139567609651568
3026730,217.49847870965408
3026731,1.806799278201288
3026732,132.11667709857102
3026733,3.0021510221326024
3026734,150.57189501304325
3026735,39.29861991352365
3026736,39.551925344450936
3026737,19.065752026416813
3026738,9.661394110449569
3026739,673.6884539513786
3026740,2.893318892137716
3026741,1.9971498711994287
3026742,0.47835666583257314
3026743,-1.4923576947444304
3026744,-1.3773783821841492
3026745,-0.7746657822578776
3026746,0.7182276218175617
3026747,2.123950930254353
3026748,0.5440980769205203
3026749,7.97760408686015
3026750,-0.5157265576572604
3026751,36.045146310236554
3026752,44.95059904769444
3026753,1.0365798466723142
3026754,4.5812712358631265
3026755,19.401551378948746
3026756,7.729866394018602
3026757,0.4366208487346308
3026758,0.195072257587774
3026759,2.9834754505638856
3026760,-1.3093086503856703
3026761,-2.6335005884511578
3026762,-0.9380136863934114
3026763,67.54504105761791
3026764,-1.6321363081141556
3026765,17.896354858216196
3026766,-1.9877015354688046
3026767,66.50135673789133
3026768,11.078547400614989
3026769,10.261210521957667
3026770,7.8106322561442845
3026771,1.6570154524583862
3026772,277.9287479738613
3026773,0.3016797316798626
3026774,-1.333479496947882
3026775,-1.83796051919045
3026776,0.9636080590489349
3026777,-0.17598136545963597
3026778,0.033683674838787286
3026779,-0.40987564627420164
3026780,-1.2154049579166837
3026781,-0.40208710758778915
3026782,2.5167804067227975
3026783,-0.31111084899913066
3026784,20.018299466872662
3026785,16.298549369235193
3026786,-1.455304142785493
3026787,-0.7592522893170042
3026788,5.991173275045543
3026789,2.05448811234731
3026790,-0.7061810356572766
3026791,-1.1924238806994196
3026792,0.004521114797176984
3026793,3.6616172211262894
3026794,3.4479870488965387
3026795,0.6347959781086684
3026796,102.22590827159053
3026797,2.4045607524035586
3026798,57.10523010010881
3026799,3.537403701795847
3026800,87.38196701935958
3026801,26.384766400681038
3026802,20.376100312324052
3026803,11.715150387853138
3026804,-4.262161987472477
3026805,417.2399177903908
3026806,1.5964909900202042
3026807,0.7984490940905675
3026808,-0.07276019732668598
3026809,-0.4232191466270592
3026810,-1.4423806933073933
3026811,-0.9836670828838101
3026812,0.15995098999187807
3026813,-0.5076825664459899
3026814,-0.8310974445925672
3026815,5.324685724093208
3026816,-0.4189437675269868
3026817,23.019471616322217
3026818,22.182960745277406
3026819,-0.16991927164250903
3026820,0.3424596948386467
3026821,12.581339716821487
3026822,5.733169855551816
3026823,0.2281989343076134
3026824,0.6516978281492197
3026825,1.4442427670854092
3026826,3.8086416011531403
3026827,4.432577694544962
3026828,0.6295872497872188
3026829,153.0161998713
3026830,1.5027621948888554
3026831,76.3313350470701
3026832,4.6775979583492155
3026833,184.72191869211034
3026834,95.33538431367742
3026835,23.78177489121699
3026836,28.953738416106425
3026837,30.235678537663187
3026838,624.063574980134
3026839,7.9363285514800666
3026840,3.1164202092091298
3026841,1.9226395663153677
3026842,1.0648739611296627
3026843,0.7675245409835338
3026844,0.40203202565560103
3026845,4.573887017908522
3026846,1.1954950359913643
3026847,1.1535829334036976
3026848,13.593794810723697
3026849,0.7838374482081714
3026850,45.73437155990318
3026851,34.30021930111575
3026852,0.44255345702701787
3026853,1.219003074004752
3026854,20.469643151712912
3026855,21.506314567014478
3026856,2.1183661011203663
3026857,1.1588558745746855
3026858,5.515323774187447
3026859,1.8797669416480496
3026860,1.2658387152170325
3026861,-0.3975027643109934
3026862,121.75560918079944
3026863,-0.9825301843055786
3026864,75.37334527815598
3026865,2.7284576694598948
3026866,166.78110488316875
3026867,84.44357686945477
3026868,30.24699091650931
3026869,23.636798024261296
3026870,29.261840446754455
3026871,623.4850126895153
3026872,4.542588551579787
3026873,2.173976544546124
3026874,1.3356055188762843
3026875,-1.2438039246597032
3026876,-0.1779652185782174
3026877,0.2581293400161235
3026878,1.6513980557018226
3026879,1.3294361830943968
3026880,1.9158849339843733
3026881,10.332354014077202
3026882,0.2777408464389305
3026883,33.661782108891884
3026884,37.849005022184315
3026885,0.8927296651999064
3026886,-1.002609331049141
3026887,16.81594024106361
3026888,19.64205401601484
3026889,0.48414144284167604
3026890,0.07726614775139069
3026891,3.0818458412426413
3026892,-0.9429255489675417
3026893,-2.6158446207483212
3026894,-2.706190502658501
3026895,142.56132932021012
3026896,-3.8417818760590303
3026897,115.3474470931659
3026898,-2.986025273503619
3026899,184.4688858341362
3026900,33.57434162282814
3026901,24.676858504714836
3026902,20.625364265675525
3026903,8.961884381094714
3026904,577.3559426130332
3026905,2.13844811596525
3026906,-0.8188386959568448
3026907,-0.7681305389290789
3026908,-1.9863094081589656
3026909,-1.2854194904577594
3026910,-0.9441257387238581
3026911,-1.231118493430738
3026912,0.8338976595436112
3026913,0.6317536881300043
3026914,5.758121755277456
3026915,-1.338541646795827
3026916,22.635363726965252
3026917,40.316386882492836
3026918,-1.0026319466193014
3026919,0.31590570803327184
3026920,13.754335049771282
3026921,8.98030873478739
3026922,-1.7239718943166078
3026923,-0.8589927493774735
3026924,0.5627236298479261
3026925,0.5144988272898627
3026926,-1.8390434705952794
3026927,-0.5812012588839934
3026928,171.7260501379461
3026929,-0.5423479118369142
3026930,59.41508967937709
3026931,-0.6375263420223201
3026932,154.62803376754368
3026933,88.8201070526547
3026934,32.63422773844937
3026935,29.966138745409076
3026936,21.417412333173196
3026937,527.7567306127087
3026938,3.9453134569244135
3026939,-0.7645276165044197
3026940,-1.3622588493484362
3026941,-1.4298003017091472
3026942,-1.0921896685089814
3026943,-1.3291439634672497
3026944,-0.4345226038101101
3026945,-0.4451590568949178
3026946,0.5167879707616885
3026947,10.785286188165227
3026948,-2.0475707591415633
3026949,72.05684060937402
3026950,29.749561243085335
3026951,-1.5338706188395739
3026952,-1.901302351617778
3026953,44.08834661058594
3026954,20.910888618245153
3026955,0.35288767963953427
3026956,-0.7746623596063
3026957,4.8145614989925525
3026958,0.5370122414944979
3026959,0.8427305252172426
3026960,1.6176338905060892
3026961,100.61947011525238
3026962,-0.6545586084781335
3026963,49.44422027499937
3026964,0.6781546425026319
3026965,147.820018975227
3026966,27.262540336137462
3026967,25.81013127090509
3026968,17.72649682311419
3026969,3.13302511551301
3026970,542.9801175134494
3026971,1.478532078748933
3026972,-0.31292313600865557
3026973,-0.6036572440610997
3026974,-1.15221339197465
3026975,-0.6896707536779718
3026976,-0.47352253909387176
3026977,-1.639448145218746
3026978,0.5183314329211919
3026979,1.3088381491794339
3026980,4.884022479029924
3026981,-1.069557946444445
3026982,17.808531882822457
3026983,30.152419983585645
3026984,-0.0916184323260984
3026985,-1.1368144048604825
3026986,12.077974117161748
3026987,6.7126491206721335
3026988,-0.6388223516222149
3026989,-0.43306606267905756
3026990,-0.035923946630494974
3026991,0.8263046201120359
3026992,0.6066809654942824
3026993,1.2176851358865441
3026994,95.39196777082614
3026995,0.4069824359488612
3026996,45.00491677086579
3026997,0.9186598742795469
3026998,102.36325764455498
3026999,45.40966499701499
3027000,24.22440611728232
3027001,15.481467674646822
3027002,11.313503524358968
3027003,392.4111485464467
3027004,2.362274261201194
3027005,0.16610113023645
3027006,-0.3284686780108984
3027007,-0.386064735314352
3027008,0.31686806747656426
3027009,0.23642002915173413
3027010,-0.08428199647901005
3027011,0.5280059716647576
3027012,1.9746397235539246
3027013,7.445537505634244
3027014,0.037306417347238024
3027015,24.562068153969552
3027016,24.86014683424139
3027017,0.6985160667277216
3027018,-0.3043544082354436
3027019,14.116643432434314
3027020,9.663969245244946
3027021,0.5337422832329378
3027022,-0.17571333023638885
3027023,1.9283185547957746
3027024,-0.842964401981226
3027025,-2.982778925285602
3027026,0.311832797163588
3027027,-0.4482012569011571
3027028,-0.7352698078685354
3027029,3.4948282928526897
3027030,-3.913237152376241
3027031,2.268810212302633
3027032,5.219511920719305
3027033,-0.5306009161334805
3027034,0.7577326189730229
3027035,1.9993900298766674
3027036,12.513352919089229
3027037,0.6322210576128714
3027038,-1.9216006734950202
3027039,-1.057716470087878
3027040,0.12955026251601567
3027041,0.4145307143745162
3027042,-0.06461562714107233
3027043,-2.4535444266275293
3027044,-2.5217378156110932
3027045,0.5260912293677689
3027046,-1.014460167795703
3027047,-0.8893993329041836
3027048,1.7370649778893426
3027049,4.2153398816882985
3027050,-0.5298081863823677
3027051,-2.420876654997526
3027052,1.925764316474772
3027053,1.873774772975005
3027054,0.17739813927069234
3027055,-0.42866318347337035
3027056,-0.6335685779452319
3027057,0.6034141171183001
3027058,0.7356618930859986
3027059,-0.6604550183624815
3027060,315.2032219799281
3027061,-1.2732750356221367
3027062,45.18897589764056
3027063,-0.8819632367366286
3027064,136.1049937935488
3027065,18.078288293121517
3027066,23.106352041213903
3027067,12.192698740519772
3027068,2.7482212011924507
3027069,485.5368376665293
3027070,1.7584968578037956
3027071,0.4441238349582568
3027072,1.534581879311911
3027073,-0.6444708944775334
3027074,-0.3332523958871457
3027075,-1.3038442069202278
3027076,-0.30804080486462
3027077,0.3848053210095099
3027078,0.5820956087042873
3027079,13.010984156110128
3027080,-1.1994417282281642
3027081,27.343061062787122
3027082,26.691339406368094
3027083,0.6525017238695296
3027084,1.6695598596555943
3027085,16.9263260520677
3027086,7.72919746584342
3027087,0.6724049616244452
3027088,0.1045331883791664
3027089,1.3037305286804919
3027090,13.005027984817861
3027091,11.919568864621105
3027092,5.2123635706195275
3027093,680.9753173160643
3027094,11.276802825596388
3027095,174.79086610381043
3027096,10.010526433016057
3027097,441.5571491305322
3027098,292.6096601588075
3027099,97.00633298855192
3027100,110.06899419583732
3027101,106.84940731329115
3027102,1428.9241489746948
3027103,18.27938204562852
3027104,4.952520126234595
3027105,7.21380337842049
3027106,2.906773767182785
3027107,4.234005106113145
3027108,2.8818553859358143
3027109,6.2621906249132735
3027110,3.349913576674444
3027111,4.128464631128845
3027112,43.904683312003655
3027113,2.4730254521604
3027114,160.82347199542508
3027115,68.88808186955197
3027116,2.7588551473021656
3027117,5.017543930263418
3027118,100.81899822965352
3027119,79.64384047666077
3027120,6.941536072534291
3027121,3.2062652337320467
3027122,23.744020988396805
3027123,6.598103450287891
3027124,7.636762694492646
3027125,2.8313836400086076
3027126,460.5720411238458
3027127,5.577438308251002
3027128,129.8292669612593
3027129,7.705915452545597
3027130,357.70462291319257
3027131,187.34318842858397
3027132,83.79609835183048
3027133,67.99664620987812
3027134,64.60120616789668
3027135,1324.8879048956665
3027136,14.149907998177294
3027137,4.318244935405237
3027138,2.031150054062382
3027139,3.300236362708856
3027140,1.21624448211438
3027141,1.2392037970757883
3027142,6.187918913679022
3027143,2.981288150637556
3027144,0.5119149654186549
3027145,25.53878877443265
3027146,1.7562078965951877
3027147,171.50100321285925
3027148,64.28401738741755
3027149,1.1850039766566625
3027150,2.458649448197902
3027151,100.50029422866471
3027152,50.44687038317388
3027153,5.319352315559299
3027154,1.6224948198883067
3027155,18.097058946036416
3027156,2.244622477397497
3027157,-0.617835353635892
3027158,3.5003116558824328
3027159,325.7766686794479
3027160,0.12578365026958635
3027161,89.20841425911686
3027162,0.2229694175378245
3027163,333.532175774169
3027164,134.551907885487
3027165,103.14631660675516
3027166,33.829000298703946
3027167,43.12795975205569
3027168,1170.4091132639078
3027169,8.011317065606054
3027170,2.0961066809383917
3027171,-0.33127489871265425
3027172,1.4243716503287214
3027173,0.5855365920206168
3027174,1.552465285144608
3027175,4.227224598424946
3027176,2.6029660666614656
3027177,1.1486847237181428
3027178,16.579267261788374
3027179,2.2402661341833663
3027180,212.89087468116475
3027181,77.90828002984883
3027182,-0.816765332071882
3027183,0.6677775240489425
3027184,111.94212410998719
3027185,31.284034524420782
3027186,3.963419477678472
3027187,0.12130881647033678
3027188,11.37674524447677
3027189,7.042321651723323
3027190,6.703329997599794
3027191,4.102257989076497
3027192,427.0279286824078
3027193,2.4525685722159687
3027194,128.27261531744213
3027195,3.285733359411388
3027196,337.0230952832393
3027197,170.6127757387461
3027198,91.817800960754
3027199,55.16158926931054
3027200,46.195169994384855
3027201,1224.2219234218037
3027202,8.922000111217422
3027203,0.33780129066668463
3027204,2.0820578658782325
3027205,2.018291092607433
3027206,1.1057031317666044
3027207,0.21236135215822288
3027208,2.7769357140193462
3027209,1.6786918974474248
3027210,0.1922978770947884
3027211,18.4393161324022
3027212,-0.6369071846696533
3027213,136.7139020265271
3027214,70.69352134895017
3027215,1.39379037944258
3027216,4.453828987743982
3027217,107.1454461865536
3027218,41.59250541848647
3027219,5.180929002683042
3027220,1.7218110881506437
3027221,13.728663659327285
3027222,3.0533440165499632
3027223,-0.7643705183076963
3027224,4.014944763788553
3027225,236.82692057730674
3027226,0.3719711957534312
3027227,90.3704630388605
3027228,-2.207162933549116
3027229,284.58540925027074
3027230,105.71884720371847
3027231,83.9430058124535
3027232,25.339102674932985
3027233,27.577345731898895
3027234,1009.0337786888665
3027235,7.328755838366852
3027236,0.7571027772780509
3027237,-1.2606336644491967
3027238,-1.3898847209640006
3027239,-0.31395996044975616
3027240,0.166512250171254
3027241,0.4015393613767811
3027242,0.4751939964473422
3027243,0.5666224618057822
3027244,12.780685707478007
3027245,0.09561775382408086
3027246,155.11987354753876
3027247,68.7170823258601
3027248,-0.7355375912627642
3027249,0.11557535830819687
3027250,96.59574414056507
3027251,25.07863311088637
3027252,1.278456674586414
3027253,-0.09901255861514069
3027254,6.497227216924511
3027255,6.014811020294584
3027256,8.763076481218304
3027257,3.238738353269764
3027258,327.773365671762
3027259,6.990878312707646
3027260,90.62059636327616
3027261,5.009946295262344
3027262,198.8137833798122
3027263,143.91906069960257
3027264,48.12839490664937
3027265,53.24442425882113
3027266,39.819143110287186
3027267,755.5827293934419
3027268,10.44759666676844
3027269,2.0200145098676145
3027270,2.6606869791671492
3027271,1.4591383743708501
3027272,1.2603882280508332
3027273,0.32669285178231805
3027274,2.412266539507982
3027275,1.0594957271934253
3027276,0.004652557485787856
3027277,18.472581852549922
3027278,-0.46294533819640493
3027279,85.67510104917721
3027280,34.01229858410443
3027281,1.9274710563074766
3027282,5.117219133905674
3027283,47.7725007669456
3027284,39.87987601640147
3027285,4.748968848544682
3027286,3.440531615778818
3027287,13.56771449087042
3027288,1.1747647137827153
3027289,0.75403007375171
3027290,1.8016041781217427
3027291,142.19475059930912
3027292,0.5794743062380439
3027293,66.06716152190984
3027294,0.2784682493741275
3027295,188.84483787981168
3027296,65.79243232694142
3027297,40.52738480194483
3027298,27.801507829209115
3027299,22.114018791214473
3027300,585.0371021444805
3027301,2.2813427199400755
3027302,0.25361183455424907
3027303,0.4300677454922697
3027304,-0.5415312711425577
3027305,-0.04975065745955362
3027306,1.552466012593177
3027307,-0.8815312142234324
3027308,1.0762581470607255
3027309,5.24239597731259
3027310,10.800430361125072
3027311,-0.08097721871385147
3027312,58.872687521867746
3027313,38.78121740878167
3027314,0.3781760444602696
3027315,-0.44856439465540465
3027316,31.010922084100674
3027317,19.605969861347766
3027318,1.334253021626064
3027319,-1.1602254548080964
3027320,3.3241980224792496
3027321,4.898403870346428
3027322,2.94478810773855
3027323,2.942192843309513
3027324,233.7676549073707
3027325,1.6793018244409725
3027326,83.06425961538558
3027327,4.152517121879482
3027328,262.84834761745395
3027329,99.15885909353425
3027330,66.79536896072212
3027331,24.597884070087147
3027332,28.556388565907184
3027333,1007.8413318937147
3027334,7.787233633361302
3027335,1.405947728128722
3027336,1.2983543473182908
3027337,-0.048696397490584784
3027338,0.02014268797609478
3027339,-0.3688107659161506
3027340,3.1018191940256656
3027341,1.447921117932638
3027342,1.4185602476936767
3027343,14.919880256200777
3027344,-2.0125413662271057
3027345,159.20738609897523
3027346,55.872650048147406
3027347,0.6400368751573843
3027348,1.7377474542984965
3027349,51.565417924481736
3027350,24.53700273839022
3027351,3.624642835253835
3027352,0.21449536573083608
3027353,6.777381794464673
3027354,8.317413759755583
3027355,13.153936397181097
3027356,4.46816452616782
3027357,489.9165864896037
3027358,8.152958134006186
3027359,145.2377124619091
3027360,9.158944434802105
3027361,275.82448858298636
3027362,186.2532343259781
3027363,57.489485266890696
3027364,67.52696269126623
3027365,48.40205592542385
3027366,969.1139125573997
3027367,6.5784610661040634
3027368,1.6566825287866596
3027369,3.3307174496202787
3027370,4.628878051573083
3027371,1.15448652260151
3027372,1.0033740086322724
3027373,6.7852464379863155
3027374,2.550303932943243
3027375,0.0056059061764972
3027376,23.461244172867083
3027377,1.2869519442371167
3027378,120.87617719927614
3027379,41.71625421282886
3027380,1.9088119982206262
3027381,5.287646155314433
3027382,77.44391948473712
3027383,35.849566416525484
3027384,6.508045346467698
3027385,2.474672085700295
3027386,17.67243787869578
3027387,2.710379840726486
3027388,0.7771126421972019
3027389,1.8933200537434767
3027390,4.618942607656967
3027391,1.0579371188420499
3027392,4.130074775391507
3027393,0.18206873456108968
3027394,8.764000110329707
3027395,8.123973975921963
3027396,0.8058700260738749
3027397,2.2010856865189576
3027398,-1.7728519820672952
3027399,65.91755403431598
3027400,2.211420759667144
3027401,-0.5997568398536713
3027402,-0.8843641203259597
3027403,1.2229887097626067
3027404,0.7667832949395781
3027405,-1.085255143636623
3027406,0.4350116773159971
3027407,-1.3485008681159765
3027408,-0.24436422891575263
3027409,0.5349473172116029
3027410,-1.3934039862020473
3027411,-0.19101314413042927
3027412,-0.16768813416466058
3027413,-0.9811760892061886
3027414,1.7274558118405126
3027415,0.6888624314693153
3027416,3.8857334891835125
3027417,3.621852078166388
3027418,-0.16848154323287068
3027419,1.8529367055125239
3027420,0.09777296308467498
3027421,0.2433729976969642
3027422,0.007880114477260336
3027423,5.880372550755668
3027424,-0.5078799169896646
3027425,0.011581053708754285
3027426,-0.5021398991096975
3027427,-1.1070425335296932
3027428,-1.9189983608293733
3027429,0.344796447845341
3027430,-0.23124078866476905
3027431,-3.3002774032436717
3027432,2.3154426466213773
3027433,0.21863665551862146
3027434,-0.03706244955343202
3027435,-0.8621720061156941
3027436,1.2882697816794408
3027437,-0.0634156945644826
3027438,-0.013964129614414511
3027439,0.5247869666422048
3027440,-1.0491316176787462
3027441,-0.45721281435313926
3027442,-0.18676841149334564
3027443,-0.5042295920688229
3027444,-1.0567327412957275
3027445,-0.22768875958829665
3027446,-0.7097381172909684
3027447,-0.41411218133984784
3027448,-0.6944273129467183
3027449,0.189635866967401
3027450,0.29767124573537684
3027451,-0.2974249300072791
3027452,0.13033956275624753
3027453,-0.14383939985471433
3027454,-0.3401196973709921
3027455,-0.9272057242196206
3027456,81.62103299729728
3027457,-2.142556605742229
3027458,32.69068002149934
3027459,0.42973147757807983
3027460,129.3242993331202
3027461,9.104900639685493
3027462,18.037841228836186
3027463,7.98628334367253
3027464,-1.1229995528551804
3027465,352.6981876529459
3027466,1.0012150635429249
3027467,0.05860348894698525
3027468,-0.45031201192700565
3027469,-0.7045188849197325
3027470,-0.6729666882498601
3027471,-0.6169829913819445
3027472,-0.5207649480837857
3027473,-0.43306591898279967
3027474,0.6847566443604161
3027475,4.019352377636635
3027476,-0.539239088997699
3027477,5.937849351026464
3027478,21.333864190144624
3027479,-0.7003673648997278
3027480,-0.5308128989967258
3027481,5.912545543024855
3027482,6.855470222629368
3027483,-1.2164098938094388
3027484,-0.6282652297520394
3027485,-0.4508864977153712
3027486,2.6887767327485923
3027487,1.7580716562681755
3027488,1.8680939597592443
3027489,222.31329519975878
3027490,1.8985365250080213
3027491,69.6442621500426
3027492,2.9717671032904764
3027493,191.00818259383394
3027494,96.05389304856456
3027495,43.107023814606904
3027496,35.83273253728865
3027497,28.818987663808876
3027498,679.272552789284
3027499,6.37136235736798
3027500,1.8444378196664186
3027501,0.8699206385726574
3027502,0.0727257560208
3027503,0.07639857083540846
3027504,0.6861142043962537
3027505,1.616388047366518
3027506,1.2323289100696275
3027507,1.5692768250487643
3027508,14.036542101690465
3027509,0.3701869664860352
3027510,83.24569104339585
3027511,34.097675640626264
3027512,1.05145895428941
3027513,0.6069225000649294
3027514,60.52802824474718
3027515,23.09061100325627
3027516,2.6247212540385503
3027517,0.8116760205144239
3027518,6.613170563897393
3027519,2.0617459490482726
3027520,5.097402099565297
3027521,-0.6339447766410378
3027522,310.63056318087496
3027523,1.612295219500156
3027524,92.01255743871863
3027525,0.4595685901319666
3027526,199.6376469112915
3027527,142.44525409195333
3027528,37.206687473058956
3027529,53.09326336214505
3027530,34.343101546139295
3027531,629.5883740103718
3027532,7.335218063149878
3027533,1.4772585429746687
3027534,1.4954655697059933
3027535,1.9880303342643675
3027536,1.320357611324398
3027537,1.7738963355058148
3027538,3.388310940046722
3027539,0.9088287870379281
3027540,1.8262117891137675
3027541,20.790723102112132
3027542,2.020563017466156
3027543,104.71985326632227
3027544,33.92485546572222
3027545,-0.05765956736824593
3027546,1.5365300089206722
3027547,49.82444297265866
3027548,31.631191221965633
3027549,3.0626342514916907
3027550,0.20323903506665375
3027551,11.401175141471176
3027552,3.073010806422608
3027553,6.58308120712776
3027554,1.3017071763630883
3027555,319.5059765470193
3027556,3.2763709365197426
3027557,96.72807790053598
3027558,1.4902971347072163
3027559,214.56672716307952
3027560,152.67168780943516
3027561,44.60252211962968
3027562,54.13039053952609
3027563,32.35190491348047
3027564,726.4137766038261
3027565,8.186000088298387
3027566,2.144373007228933
3027567,2.7567732969796634
3027568,0.8970066941091863
3027569,1.3383147562645537
3027570,1.6837711549998131
3027571,2.3927644069679808
3027572,1.493269431297813
3027573,3.7360497501002463
3027574,20.473199369367833
3027575,1.7903524370380548
3027576,100.57702937308767
3027577,39.1990311484097
3027578,0.8999082698491111
3027579,1.2904759555908096
3027580,50.42541152813378
3027581,35.40069337047047
3027582,2.4707714134821437
3027583,0.40081775809099784
3027584,10.540265455015906
3027585,2.9677218977631856
3027586,0.026490846914748553
3027587,2.6857485385854307
3027588,216.0457602842908
3027589,-1.072003664531876
3027590,92.39004848977285
3027591,2.637244985497382
3027592,256.4728360920079
3027593,54.815220216362434
3027594,74.01827515702487
3027595,27.445814325364445
3027596,7.4193378625160396
3027597,880.5555442416372
3027598,2.903170696052912
3027599,1.806469460769804
3027600,1.1364278965174162
3027601,-1.878829990434424
3027602,-0.9864275019429988
3027603,2.5970796936463376
3027604,-0.6009978857675015
3027605,3.582036725926155
3027606,3.4916428202548198
3027607,8.580526778020321
3027608,0.3356457997076723
3027609,66.42220407322337
3027610,55.72066776131004
3027611,1.0220380283164558
3027612,-1.3869489695536323
3027613,61.857886005660774
3027614,12.790003249184883
3027615,1.8797939434870208
3027616,-0.36579429547651676
3027617,2.518972909433942
3027618,1.4042518340786045
3027619,0.6190046163845818
3027620,1.6775017477754224
3027621,180.71200286927254
3027622,0.7747195683202881
3027623,54.96076827251312
3027624,1.3636852217040722
3027625,138.36632880919046
3027626,81.67676302257489
3027627,26.640680471619305
3027628,27.17878237098357
3027629,18.338614827019555
3027630,394.5999971900911
3027631,4.882598466370255
3027632,0.32973432795035473
3027633,0.03485658046556636
3027634,-0.4666097474416256
3027635,-0.32507865750474596
3027636,0.0041057962872946
3027637,-0.2903881457339321
3027638,0.5644413663176965
3027639,1.1924109397255598
3027640,17.04009651232769
3027641,-0.12412710437511121
3027642,65.14929741641862
3027643,19.516897446884613
3027644,-0.30228088946794746
3027645,0.04397427459985012
3027646,33.96172378085721
3027647,13.712965292417794
3027648,1.3781495540581363
3027649,0.3353866572030529
3027650,4.022953276777434
3027651,1.830453709714202
3027652,1.5464241642949037
3027653,3.5476506382181467
3027654,94.67344314216732
3027655,1.827379232639214
3027656,25.23577451513698
3027657,2.3913733021476946
3027658,142.07663841335292
3027659,20.215757527657843
3027660,38.30029652794412
3027661,7.094567878810594
3027662,5.029472856301145
3027663,426.71009340637124
3027664,3.1684209767045104
3027665,0.8961776851354808
3027666,-1.822354518140346
3027667,0.506552969804752
3027668,0.5900567640734152
3027669,-0.33088177749461467
3027670,-0.17467241872535855
3027671,-0.16735962404884056
3027672,1.0268494447997727
3027673,5.342961996333505
3027674,0.2808711043742732
3027675,45.799675488880446
3027676,26.120778230752478
3027677,-0.16787569786683887
3027678,2.564263680098038
3027679,23.17826681324557
3027680,4.936756662810659
3027681,1.8479101147916936
3027682,0.5158100505499169
3027683,2.0962871458757855
3027684,3.386658324842865
3027685,5.353916297813412
3027686,4.4609690810200116
3027687,445.40252407696215
3027688,4.494167860047601
3027689,110.45540917274572
3027690,1.6367712358191784
3027691,316.93412854892216
3027692,40.83243585485063
3027693,58.19528634022499
3027694,20.810070496972475
3027695,15.708238401604174
3027696,1083.5701751887584
3027697,5.1758950663836
3027698,1.920800746748064
3027699,1.666044033017024
3027700,1.5973241860884446
3027701,2.382278542680651
3027702,2.7414142293463373
3027703,2.783996572713513
3027704,1.720588378110042
3027705,4.681392275236648
3027706,9.884857691191101
3027707,2.445277860466813
3027708,130.06553539424806
3027709,55.122215784672804
3027710,2.3955843915498556
3027711,6.023949292254038
3027712,69.8654975459286
3027713,8.205215560959404
3027714,3.199958448503385
3027715,0.7205901894272393
3027716,4.656886801978908
3027717,1.1506017246319973
3027718,0.7883528368498811
3027719,0.5272279245706886
3027720,130.71098634831876
3027721,-0.22199258481559803
3027722,36.472512742273175
3027723,0.6960284597601276
3027724,132.6559808980985
3027725,22.792132807755113
3027726,28.225709188796973
3027727,8.187445797908513
3027728,1.1244024404559605
3027729,438.738615945325
3027730,1.9606563695320802
3027731,0.9953941889981797
3027732,0.0009195773112878336
3027733,0.08059193184235486
3027734,0.005421034270402775
3027735,-0.3301602758001536
3027736,0.5104434212558409
3027737,-0.0004681649936537739
3027738,1.5477329061079947
3027739,5.837621679457989
3027740,-0.03204403886862567
3027741,29.87234553757036
3027742,23.609373828951792
3027743,0.4273545080007171
3027744,1.1091399590059883
3027745,13.905565237564879
3027746,2.9348580133618087
3027747,0.7307648297530249
3027748,0.1528122554818401
3027749,0.7952812262091903
3027750,0.4453720122891536
3027751,0.04180362334918758
3027752,-0.39251114671373216
3027753,130.5782457297974
3027754,-1.2304211980703985
3027755,33.87636697792135
3027756,-0.5474212423071729
3027757,129.38674427140825
3027758,21.02988877677868
3027759,25.603213801246532
3027760,6.66323976229287
3027761,-0.12337518383726964
3027762,428.4881689976611
3027763,1.7634106929051632
3027764,0.6233484647214936
3027765,-0.34836897051238336
3027766,-0.29149307648665856
3027767,-0.32971633168126574
3027768,-0.7223529646417592
3027769,0.22217274691902283
3027770,-0.4187439850314695
3027771,0.8278898062712687
3027772,4.873675107146301
3027773,-0.35927609538601246
3027774,29.603512379295715
3027775,24.30190958896099
3027776,0.24562322775454962
3027777,0.8895919802802384
3027778,12.76906319683374
3027779,2.6932303918484832
3027780,0.4867241301495233
3027781,-0.03508962541061919
3027782,0.5948009692472989
3027783,1.3965201914367207
3027784,1.9159021847056283
3027785,0.791934965436667
3027786,89.96479280491957
3027787,0.24324590841075416
3027788,35.07198719683292
3027789,2.0224147450493186
3027790,181.89909971610587
3027791,22.080678668715557
3027792,24.513837076464842
3027793,9.218456843573659
3027794,1.5224310251433055
3027795,474.39752030249116
3027796,3.2335783629110963
3027797,1.1921443190163268
3027798,0.7510804553231288
3027799,1.3178882689890021
3027800,-0.1344148974810081
3027801,0.8817803428224147
3027802,1.9849997340407868
3027803,1.033718046322131
3027804,1.8760719760078362
3027805,5.442018110086931
3027806,0.5249046084218867
3027807,68.20090782040361
3027808,40.721121248031366
3027809,-0.9097455470780256
3027810,0.3274814758207072
3027811,14.553545738751957
3027812,6.304112198316173
3027813,0.9160485490750878
3027814,-0.021057754138134877
3027815,1.7117092180832265
3027816,1.6387417994973656
3027817,2.8528103657660813
3027818,2.5674964139033545
3027819,137.38144127327405
3027820,1.0031356298962781
3027821,32.43297131770647
3027822,1.68419042789581
3027823,151.82142853666852
3027824,24.611611346723073
3027825,36.163408867873876
3027826,9.836042370339346
3027827,2.4118597736762837
3027828,544.9319169274747
3027829,3.85011011427574
3027830,1.3495026353104913
3027831,0.8812479551702563
3027832,0.587425384551707
3027833,1.050721036889008
3027834,-0.6196224816424365
3027835,0.7844200174014532
3027836,0.4718208583451633
3027837,2.890819933667517
3027838,5.5208684289810845
3027839,0.02399735358441829
3027840,28.14891802459718
3027841,27.642782687287834
3027842,0.8471654296314228
3027843,2.144919813011611
3027844,11.737488086999363
3027845,3.3743391961853195
3027846,2.104942003258284
3027847,0.12744804852962266
3027848,0.9046333527931256
3027849,2.1910173690553347
3027850,4.327071126749507
3027851,2.776305761098956
3027852,96.5090866394386
3027853,1.8038286054682977
3027854,41.149098556539286
3027855,1.8867961562723212
3027856,159.36845256787856
3027857,21.282045308934467
3027858,35.185142016018546
3027859,19.487856590772463
3027860,1.8511761953270842
3027861,472.4782188051673
3027862,2.55326292931255
3027863,-0.30966352544703113
3027864,0.38140716240035544
3027865,0.23005751923246867
3027866,0.4530555965800523
3027867,-0.44886967664428085
3027868,0.10910899332258853
3027869,0.8541150009926788
3027870,2.884406010087805
3027871,6.772546656850572
3027872,-1.0188088795931618
3027873,22.84211418788964
3027874,31.827329553576348
3027875,0.3933786520497961
3027876,1.3996446308927988
3027877,16.49449162297671
3027878,6.256726591650585
3027879,2.1099390347862936
3027880,-0.451951799810704
3027881,1.6648936162847532
3027882,1.6282115562197579
3027883,4.4928347493194725
3027884,4.189664527429668
3027885,185.70082144004215
3027886,1.4577099359841668
3027887,39.60489288670007
3027888,1.7737617195364146
3027889,160.14620896019
3027890,37.81124663475144
3027891,43.66756758887783
3027892,20.257703933772248
3027893,3.458349101591907
3027894,516.5577585463836
3027895,4.386748570316268
3027896,-0.3166259149173857
3027897,1.1299780027684758
3027898,-0.4152432341605981
3027899,1.3711103301951153
3027900,-0.9502014745317502
3027901,-0.8136571463975724
3027902,-0.9114687962119934
3027903,2.257055177936891
3027904,7.138487426694228
3027905,-0.9319965299208344
3027906,46.64050442975683
3027907,23.762502419976805
3027908,-0.2451683318898722
3027909,1.9115075866755344
3027910,33.64769169473759
3027911,8.101416718849505
3027912,1.384203786424141
3027913,0.5110281755142205
3027914,0.7826944274288963
3027915,4.810876309519954
3027916,3.928727278165125
3027917,4.139465992000078
3027918,150.93574535903448
3027919,4.579411055676465
3027920,124.63046989848783
3027921,3.5467783192200297
3027922,111.59902037834327
3027923,43.05990435431682
3027924,33.30478982267352
3027925,23.435603199160578
3027926,5.258418862772765
3027927,425.36450691483884
3027928,3.771859213363859
3027929,0.9370225410535205
3027930,0.6117583871186798
3027931,1.0284212765643954
3027932,1.052058777874736
3027933,0.7818073384993113
3027934,-0.23989527500719304
3027935,1.8615461915177731
3027936,1.4315627085990492
3027937,11.578648037951751
3027938,0.4505781501270758
3027939,23.221171141719307
3027940,19.949102988609738
3027941,1.1893667760398965
3027942,2.566314164693349
3027943,20.3329558005061
3027944,6.575872774283562
3027945,2.4174004744128887
3027946,1.8903085963699413
3027947,2.7300969428241935
3027948,1.8521026923486352
3027949,3.4642760710142744
3027950,1.912460800995468
3027951,185.10064263766836
3027952,1.6624884779932472
3027953,32.69734615251822
3027954,-0.0012948738442355515
3027955,141.82266937880013
3027956,18.367862581069858
3027957,29.283675552827262
3027958,8.980937833433854
3027959,2.6235763168511768
3027960,466.5918198623439
3027961,2.4375399776314586
3027962,0.4167981409688946
3027963,0.8110742328049674
3027964,1.3734866547458204
3027965,0.9948371183318523
3027966,-0.5746634343032928
3027967,1.0191567475650936
3027968,-0.31602685841673517
3027969,2.341180358098354
3027970,4.727835607095512
3027971,-0.026771906231442655
3027972,34.00272291826582
3027973,24.573898200697876
3027974,0.30404267481157154
3027975,3.183296012997698
3027976,11.677507466281604
3027977,3.9063739318257285
3027978,2.028281702529011
3027979,0.09374252671608707
3027980,1.728539499124772
3027981,0.5009947303541412
3027982,-1.1729704543602293
3027983,1.0581286290007483
3027984,216.2564014425344
3027985,-0.03284345001840838
3027986,58.63113662080188
3027987,-0.3035370725599933
3027988,154.73792254417654
3027989,85.40445487228105
3027990,32.42627812081937
3027991,27.945169958519287
3027992,19.779911270225348
3027993,520.4913841488103
3027994,4.603240003830506
3027995,-0.07493870091413557
3027996,-0.49866175745126373
3027997,-0.4116121250310334
3027998,-0.5850554952204765
3027999,-0.13058282622620027
3028000,-0.5553879825862986
3028001,-0.16991711853588642
3028002,1.5397409942285958
3028003,13.750324061294048
3028004,-0.3054922775405067
3028005,84.44964941233955
3028006,30.040118494574926
3028007,-0.5003121453930361
3028008,-0.2905004597193055
3028009,46.0503336277583
3028010,18.06961616584529
3028011,1.5053165400872512
3028012,-0.20294169574328405
3028013,4.073175684844346
3028014,2.859343231528328
3028015,-1.6820257466973272
3028016,4.4848689068355085
3028017,12.213016718801374
3028018,2.071123373240698
3028019,8.828944992263606
3028020,0.8298671871148691
3028021,13.540856185894954
3028022,12.122263980878634
3028023,8.718216587291137
3028024,1.2775405578996653
3028025,-0.8532345782441322
3028026,81.8418411905202
3028027,2.3143728181787444
3028028,-0.7175781316584472
3028029,-0.6909397620993696
3028030,1.0223358923528212
3028031,1.4885534645231018
3028032,-1.127620476628981
3028033,-1.8544473273794575
3028034,-2.408585001836837
3028035,1.4917069957131388
3028036,2.3009811626065857
3028037,-0.12504703938397144
3028038,9.85129719765504
3028039,3.432338212655668
3028040,1.0483098782270828
3028041,0.7115836109915834
3028042,8.994392824973547
3028043,5.198985451758708
3028044,2.2967579399520037
3028045,1.544862232657688
3028046,0.5887161289498182
3028047,2.5801212374845637
3028048,0.5257002922498213
3028049,2.5126856785631753
3028050,1.002989842862735
3028051,2.4245031961287897
3028052,-0.30567198454849864
3028053,1.1993206253575044
3028054,9.677894215921697
3028055,-0.12888188875818773
3028056,2.833331996463566
3028057,1.6638375891770194
3028058,-3.613958040855991
3028059,24.71740276448793
3028060,1.211612154904069
3028061,-0.016138288528672995
3028062,0.37634106814795815
3028063,3.169230810571862
3028064,1.758433403602794
3028065,-0.07380876751591131
3028066,0.5187983078707477
3028067,-0.9482092412016209
3028068,1.8250510555610162
3028069,0.5289773364504435
3028070,0.6402853251545095
3028071,1.173926773468374
3028072,2.430013667403764
3028073,0.9649140162526602
3028074,1.3550196303167468
3028075,1.0498928430586965
3028076,0.22535966870353152
3028077,2.647506087604488
3028078,1.4887873376681093
3028079,0.7198309965125373
3028080,0.6063052489543042
3028081,-1.8510243338330477
3028082,1.3335863108353807
3028083,7.355756577048887
3028084,0.4189467513190175
3028085,1.3946981147378392
3028086,-0.45746973192784934
3028087,11.442259082204545
3028088,2.8942932624839885
3028089,5.80096650464664
3028090,-1.0510604909552785
3028091,-4.975962444655014
3028092,26.833127986182372
3028093,1.784153570634662
3028094,-0.2470456465284951
3028095,-0.4136805519272456
3028096,1.3477192793385622
3028097,0.9362737776285214
3028098,-1.1384213193591133
3028099,-0.440199142631609
3028100,-1.4696675397526269
3028101,0.358657146570331
3028102,0.17471131402602622
3028103,0.09505191407333774
3028104,8.451952298402686
3028105,3.6631855944396374
3028106,0.039475520880514564
3028107,1.452836317873298
3028108,0.8012708188228862
3028109,0.8591854051072734
3028110,0.21916570608897024
3028111,0.6713949764666906
3028112,-0.8040401937002752
3028113,-0.8706035030171189
3028114,-0.4388899010240128
3028115,-1.137147908452098
3028116,104.93714147290513
3028117,0.5902407364176906
3028118,48.47321327906713
3028119,0.6657661091432236
3028120,108.24054481141582
3028121,52.19731561981018
3028122,23.146542909505804
3028123,10.156857972576326
3028124,4.671534592345802
3028125,351.5015026106576
3028126,4.186913372117269
3028127,1.07146758947325
3028128,-0.046780742770424655
3028129,1.136539188106981
3028130,-0.23868130731294512
3028131,0.3385374356721877
3028132,2.4774335767501183
3028133,-0.5043803275466052
3028134,0.4668083145711716
3028135,14.666279493479013
3028136,6.308286131780259
3028137,241.93369006560022
3028138,19.462418717775947
3028139,-1.0369247770823131
3028140,0.23703337939783542
3028141,29.431508835177954
3028142,9.405307261113922
3028143,1.9004031075261447
3028144,-0.16494686699901645
3028145,3.644730800384277
3028146,4.897463953702464
3028147,4.194177172127603
3028148,1.0539961118825159
3028149,339.0929062316699
3028150,2.47784575129328
3028151,115.60423382385227
3028152,4.623383937119143
3028153,225.9187612880869
3028154,127.8892387084943
3028155,50.41760747607012
3028156,45.45504899831118
3028157,25.79867580900313
3028158,757.3856722129542
3028159,3.445181723688977
3028160,2.5530188784774075
3028161,1.9167781879959809
3028162,0.017674873831158622
3028163,-0.5567194085383812
3028164,1.5752751724614358
3028165,2.8667724928754184
3028166,2.5360855712307537
3028167,0.45680466148830645
3028168,20.717498526275005
3028169,2.4204591490180905
3028170,85.82134033256955
3028171,38.2560738563754
3028172,0.15963636344265297
3028173,1.576104018863582
3028174,58.858068249816306
3028175,25.03565048910731
3028176,0.604028252856108
3028177,1.1297634637990563
3028178,7.38285611621529
3028179,0.8052334191239788
3028180,0.6944317909434903
3028181,1.321411338467187
3028182,132.93318185513826
3028183,-0.8542231316892139
3028184,41.07260646747647
3028185,-1.4090240064197863
3028186,71.3452130703126
3028187,49.972734950311136
3028188,18.090369540256543
3028189,16.3349744789374
3028190,9.808539695568035
3028191,247.49123078680174
3028192,1.2413446017555543
3028193,-1.266437611428337
3028194,-0.3507664836623008
3028195,-1.3099184750073256
3028196,0.20643015508514512
3028197,-0.22957117723348341
3028198,-2.354977567889146
3028199,0.12078861864305501
3028200,1.457928293826881
3028201,10.829044462418933
3028202,-0.23312676417077458
3028203,35.25520379629157
3028204,13.41146112190916
3028205,0.18116345475093112
3028206,-0.8964298155208235
3028207,16.53841900389154
3028208,10.090129917450831
3028209,-0.0958479826162511
3028210,-0.3848756128580135
3028211,0.991819648244782
3028212,-0.4457607843442384
3028213,-1.7959051281681604
3028214,-0.5151678078617988
3028215,96.46868778033466
3028216,-1.2839866814904235
3028217,53.635221042640474
3028218,-0.8396037920268282
3028219,85.39217493694224
3028220,32.8777263918965
3028221,22.1077305099761
3028222,9.464264421287007
3028223,1.467376671527623
3028224,304.643415086594
3028225,1.8188923482219548
3028226,0.32624650818044076
3028227,-1.7623945273541608
3028228,-0.5793043724652375
3028229,-0.7573493269861933
3028230,-0.8147358263071215
3028231,-0.13525998199028205
3028232,-0.6053102327898228
3028233,-0.17924489245528774
3028234,8.487710259825828
3028235,0.42526279953929813
3028236,51.711534935823174
3028237,26.82263422141473
3028238,-0.5636896532366951
3028239,-0.007099538129812011
3028240,25.38312132424998
3028241,6.649824293454105
3028242,-0.06428120347770122
3028243,-0.06448138626042005
3028244,2.0757047552886365
3028245,0.6501608602476334
3028246,-0.5994745391312608
3028247,-0.43589785543408655
3028248,222.10599141205057
3028249,-1.7432894936757655
3028250,88.53461517536081
3028251,-0.9890982641716982
3028252,117.85943605029846
3028253,77.63857792009345
3028254,36.59817906601558
3028255,31.70322315228674
3028256,17.498932449659044
3028257,475.9455402396502
3028258,1.6891074721321933
3028259,-0.45553068716519873
3028260,-0.9612852719870422
3028261,-2.325884175398212
3028262,-0.4960457805065084
3028263,0.6447873674106382
3028264,-2.4617240803383607
3028265,1.362967815920522
3028266,0.900134662161538
3028267,24.629057672360787
3028268,0.7145895468156529
3028269,44.600521892165006
3028270,26.479825039757372
3028271,0.6087851156980036
3028272,-0.098721101567396
3028273,39.395016371876146
3028274,14.462973639053555
3028275,0.21928925505791313
3028276,-0.2007875632658101
3028277,0.701884154855245
3028278,3.885736011383924
3028279,4.420331094003704
3028280,3.268804659125235
3028281,160.759971763282
3028282,2.9765537503374073
3028283,81.68140231386715
3028284,3.9202560210736555
3028285,125.67958368296189
3028286,44.63856651275484
3028287,38.33694200448983
3028288,22.141333958716206
3028289,5.071196340254851
3028290,533.6602465894933
3028291,2.2401005673923216
3028292,1.6087348999728714
3028293,0.02039091151036019
3028294,0.9550340184930542
3028295,0.6704289112961419
3028296,0.0785578423399716
3028297,-0.07057752635276071
3028298,2.592976881829484
3028299,2.322354648439825
3028300,15.03520994187885
3028301,0.487690111757795
3028302,31.211092494211947
3028303,31.995368883440925
3028304,1.3569368321338995
3028305,3.09612057504771
3028306,26.78230199164641
3028307,7.811407384809528
3028308,1.2957921916534838
3028309,0.5368351657313475
3028310,2.6875269122408945
3028311,-2.417541603395148
3028312,-3.819998493766689
3028313,-1.4172329723252186
3028314,14.02295506422168
3028315,-2.908661506515855
3028316,6.681568573535914
3028317,-3.2115433324423073
3028318,11.512487720658902
3028319,2.7560129385645995
3028320,3.837451165214297
3028321,0.2653929450189026
3028322,-5.750238071347243
3028323,25.308076045022318
3028324,-0.44031773854022277
3028325,-2.485921745335261
3028326,-1.4203131469426147
3028327,-1.2280758808279346
3028328,0.2871689358813024
3028329,-1.4378996471794083
3028330,-2.3899902384577287
3028331,-2.4044220102551184
3028332,0.9104856466199567
3028333,1.4216236191827853
3028334,-1.1162973414338626
3028335,5.93208787959916
3028336,8.066652146890949
3028337,-0.3330644768545311
3028338,-1.6228983349265467
3028339,3.3830824401199355
3028340,2.126111725498297
3028341,0.006043475639046447
3028342,-0.18639902334977476
3028343,-3.4739461893409023
3028344,5.528482286574872
3028345,10.200690270700143
3028346,4.357141094039143
3028347,599.5135145973536
3028348,4.070611693253595
3028349,151.56785583035952
3028350,6.992845533507935
3028351,327.3471747021381
3028352,216.74382961969562
3028353,66.64686535846721
3028354,90.57445084694966
3028355,62.58378327831793
3028356,1108.3354290028528
3028357,15.116637595774154
3028358,3.851427672093196
3028359,5.241274343035256
3028360,2.3183379188582696
3028361,3.6348771653495713
3028362,0.8837045446387127
3028363,5.3284687815271905
3028364,5.100145360833777
3028365,6.275965853359192
3028366,36.20687155740259
3028367,2.39022456259725
3028368,130.25955050359767
3028369,55.24465771995332
3028370,5.147456368319035
3028371,7.844572991777313
3028372,93.15622397516191
3028373,62.10185607199361
3028374,6.604442406292291
3028375,2.7520218508302787
3028376,20.214705616498758
3028377,1.922893386735595
3028378,3.0167181619648913
3028379,3.2046454215721316
3028380,75.72771882574969
3028381,3.2753138135206976
3028382,29.236869749664038
3028383,2.0117297840705577
3028384,78.65982329917847
3028385,19.65399738899527
3028386,19.111249582373276
3028387,12.872279842331846
3028388,5.323508193049588
3028389,302.4332817393336
3028390,3.048094600548896
3028391,0.8678337041111739
3028392,0.7629545006106786
3028393,1.8075655999677769
3028394,1.8648278594793668
3028395,1.3978808874795436
3028396,0.7507094786076709
3028397,0.6520962989287294
3028398,3.0065594681821244
3028399,10.700773490241403
3028400,1.3729130237438154
3028401,17.11726080530617
3028402,22.080429062596043
3028403,1.3900098074449785
3028404,2.400828262287571
3028405,14.826761502522162
3028406,4.855065446431793
3028407,2.252816866308015
3028408,1.4383885132147702
3028409,1.5853355683853736
3028410,1.2094595730398578
3028411,1.5376339262824332
3028412,0.14987529816316972
3028413,130.79248485114962
3028414,0.6724334746303067
3028415,67.8232418092432
3028416,0.6239229145451828
3028417,167.21017506869254
3028418,40.77110895931852
3028419,31.178475857073934
3028420,14.914201416409341
3028421,-3.3283227883111977
3028422,573.7717762118024
3028423,2.2257594049018667
3028424,1.227653422239921
3028425,-0.8216238489276725
3028426,-1.0842620600531951
3028427,-0.8799542714494306
3028428,-0.7007398874871138
3028429,0.2814143004833318
3028430,-0.32794269786176977
3028431,1.1434150694204732
3028432,5.816712831129546
3028433,0.34350835522181333
3028434,52.113953103415945
3028435,35.52094419832628
3028436,-1.2350373404169364
3028437,1.9628611648716765
3028438,16.749514028465374
3028439,8.311906241095668
3028440,-0.9152403631544871
3028441,-0.5579159156095989
3028442,0.42802017233344714
3028443,1.2197748844125453
3028444,1.6961821794226855
3028445,2.6651551709320485
3028446,68.38875529842414
3028447,2.315829042615005
3028448,27.02810024380888
3028449,1.1821550121466133
3028450,79.2072733171448
3028451,17.429632253142554
3028452,18.546660514421966
3028453,11.504252972743778
3028454,3.0740642525688826
3028455,317.3027204943243
3028456,2.54464529138447
3028457,0.6063082433152089
3028458,0.15904677089393998
3028459,1.2501210861760705
3028460,1.4139044705868151
3028461,1.0805605301629044
3028462,0.11967304289041972
3028463,0.6060290960575299
3028464,2.5265877599237427
3028465,13.554290075088058
3028466,1.14985856182225
3028467,17.228391487207873
3028468,23.59972959654125
3028469,0.8562945740764121
3028470,0.6991266293503873
3028471,14.125989658975623
3028472,4.055403216124789
3028473,1.490421651670506
3028474,0.8812706394550628
3028475,0.9856115637651532
3028476,3.147677181971425
3028477,4.299725505533982
3028478,3.844346520073499
3028479,114.13365096940484
3028480,1.6721541256226682
3028481,45.23679129073561
3028482,1.9686072989841343
3028483,165.07796149643545
3028484,30.467390126926254
3028485,28.801919488444884
3028486,21.613106069863257
3028487,1.496710453619453
3028488,522.5041115837412
3028489,1.4668905936089436
3028490,1.0463638103087876
3028491,0.08054032855784155
3028492,2.0097368810457614
3028493,0.2928007664635811
3028494,0.9726090554933331
3028495,1.9960331668697042
3028496,1.8229703502914403
3028497,2.424499735826836
3028498,11.1929481521517
3028499,1.6904724762876433
3028500,36.3629217363449
3028501,34.44021530012309
3028502,0.5910945340204183
3028503,2.102602767959403
3028504,16.882236118050454
3028505,7.863270537516649
3028506,1.8841571107265973
3028507,0.45890152938155215
3028508,1.9250104464246456
3028509,6.427089388978785
3028510,7.226184204635065
3028511,4.544151697747002
3028512,229.95504683664984
3028513,6.577331124961784
3028514,135.31703030926758
3028515,6.440955365532864
3028516,161.9040905043461
3028517,42.82387789597968
3028518,44.468693540718235
3028519,22.444384100102177
3028520,13.984110298163964
3028521,736.5567931892019
3028522,4.6457795002198985
3028523,3.856140522034468
3028524,1.7028459274152854
3028525,0.41118993842995455
3028526,0.4783093817192571
3028527,0.5313836999714046
3028528,2.325294068650685
3028529,3.5422129465942933
3028530,2.652582993703065
3028531,13.522198119743983
3028532,1.603614118681501
3028533,40.53141294817989
3028534,47.46193385449307
3028535,2.674586347553406
3028536,7.160550282100988
3028537,22.482317672904713
3028538,8.920231046210532
3028539,2.842523807449281
3028540,1.8916624072764103
3028541,4.381024149089165
3028542,1.1747680582816735
3028543,0.9668881138430641
3028544,2.0184325084137287
3028545,79.09444534250656
3028546,2.610830697191026
3028547,20.228798764704457
3028548,0.63143502449253
3028549,76.70737309969422
3028550,14.333509848591348
3028551,14.291602044399237
3028552,10.697250667730163
3028553,7.400092414845954
3028554,322.2453624038051
3028555,1.7460592691071657
3028556,0.14108017402216544
3028557,-0.7682499286731708
3028558,2.6014254482154557
3028559,1.4692996412587966
3028560,1.067857879483447
3028561,0.9230103408060972
3028562,-0.20735282504668592
3028563,1.3958403831209638
3028564,7.120086101014791
3028565,1.5941651684647808
3028566,23.83452366687397
3028567,18.153593050724307
3028568,-0.11614718593841983
3028569,1.522970792297716
3028570,8.722810841734855
3028571,3.1775281574930636
3028572,1.2750666799049997
3028573,0.18708943941412715
3028574,1.1999863673826678
3028575,5.0279975954805565
3028576,5.717609710978577
3028577,2.516125823217299
3028578,111.0656789967895
3028579,5.066092280678859
3028580,58.64438022868853
3028581,5.395501186063775
3028582,97.92947460594368
3028583,28.085448443029307
3028584,23.561615456800936
3028585,13.20362143495615
3028586,-4.070570890993235
3028587,454.1643851599649
3028588,3.0468248387134667
3028589,1.5898295288391386
3028590,0.5188416641535447
3028591,0.3367340898009866
3028592,-0.2947522406396888
3028593,-0.7948369143110607
3028594,0.7545444488009094
3028595,-0.22714099223293258
3028596,0.2751785684116044
3028597,8.254933581090729
3028598,0.6124621862086792
3028599,25.666538639105813
3028600,23.41057747366819
3028601,0.7008456441642125
3028602,1.8951238659438536
3028603,14.476958869114709
3028604,6.173405103820253
3028605,1.4904963153421276
3028606,1.3481682984636725
3028607,1.8709578894373706
3028608,3.014023523110227
3028609,3.589278474270832
3028610,0.36072951468871906
3028611,151.69297491823716
3028612,0.051807466022583126
3028613,73.15189408797393
3028614,3.48487740986413
3028615,177.78133710015726
3028616,92.41263919402962
3028617,23.722008153965724
3028618,26.726911888884203
3028619,25.07194195161675
3028620,583.3423556920139
3028621,7.77188745574381
3028622,2.671815628236175
3028623,1.6386860446880314
3028624,0.38895556263956
3028625,0.4509055484394344
3028626,-0.18946750083913455
3028627,3.56608115666578
3028628,0.4130572232465351
3028629,0.8448499074225697
3028630,14.619069407209746
3028631,0.29808432813438457
3028632,45.86229682820816
3028633,33.41445681528592
3028634,0.30682950728295744
3028635,0.7015574061178926
3028636,20.05132995228439
3028637,20.672009004332352
3028638,1.699799232723701
3028639,0.8764566155225771
3028640,4.407000507504666
3028641,1.7911362511756306
3028642,0.7887759655817355
3028643,-0.3337319746665888
3028644,127.11312067201942
3028645,-1.2020692145772045
3028646,73.9941931421915
3028647,2.3240383311966433
3028648,172.54916303958396
3028649,82.2875400958168
3028650,30.775964002744587
3028651,22.441790946329128
3028652,26.366026833675807
3028653,620.7529438443989
3028654,4.856486651493717
3028655,2.0657789789323147
3028656,1.2016767839289537
3028657,-1.6568816710303214
3028658,0.11867687129571325
3028659,-0.2092371957963473
3028660,0.9550285274352359
3028661,0.9231888488876144
3028662,2.0434130816919356
3028663,11.982181677444164
3028664,0.6028041441608661
3028665,34.52865066702372
3028666,38.06423610390712
3028667,1.0867966305142478
3028668,-1.0231496217722156
3028669,16.358933810784176
3028670,19.180180153885985
3028671,0.4150041076774801
3028672,0.02416104767801927
3028673,2.264373428386709
3028674,0.488446482389263
3028675,-0.11106795313768097
3028676,-0.7452201583309215
3028677,147.62725015073346
3028678,-0.821205561836541
3028679,114.9019375648677
3028680,-1.56140561698252
3028681,184.7503778110251
3028682,36.00031284323195
3028683,27.694376963845134
3028684,22.208969497280485
3028685,12.71218786331694
3028686,625.2284083921498
3028687,3.180192434812736
3028688,0.03970386285446917
3028689,-0.11432108724392265
3028690,-0.4173783336114571
3028691,-0.2349230726347447
3028692,-0.24227423465946007
3028693,0.029687458290456936
3028694,1.2392175496014102
3028695,1.867461562651108
3028696,8.473163103949183
3028697,-0.4509016208978278
3028698,26.73841816966025
3028699,40.842065529775965
3028700,-0.11010268762999434
3028701,2.132342896363655
3028702,16.047718104410844
3028703,9.506901990411855
3028704,0.06946808768635715
3028705,-0.04321581385248241
3028706,1.6085558868791416
3028707,-1.1782768802893406
3028708,-4.504678564114147
3028709,-1.4067349307205221
3028710,172.7466061633604
3028711,-3.463353066819982
3028712,55.1356592008584
3028713,-1.912143832934089
3028714,147.71200300134382
3028715,80.68623138737807
3028716,32.142307728147024
3028717,25.338246846767326
3028718,14.878284529659359
3028719,471.78477330046144
3028720,3.1440736653468777
3028721,-1.7175543645209834
3028722,-2.2157752626631555
3028723,-3.3903388818636087
3028724,-2.345647713566614
3028725,-2.8161174232476696
3028726,-2.8518823502956363
3028727,-1.799336079580753
3028728,0.0008831823011496986
3028729,12.588270006180647
3028730,-3.1220432887493006
3028731,69.0303036750764
3028732,27.739130755341684
3028733,-2.0772337142063044
3028734,-2.7212020496211338
3028735,41.35642783119219
3028736,19.63577950072293
3028737,-1.0617249931082915
3028738,-1.8260870201599753
3028739,2.0834297452693136
3028740,2.1084632943406665
3028741,3.1219928049274075
3028742,3.5846996103000617
3028743,108.39096312824576
3028744,2.3032243059340303
3028745,49.98513996289145
3028746,2.115335604787979
3028747,152.85507813769016
3028748,29.46348475480867
3028749,28.36806576268956
3028750,19.067614886191706
3028751,6.2133310318250725
3028752,573.9936186308535
3028753,2.558135515925926
3028754,0.36962163433675643
3028755,0.07693853989782495
3028756,-0.10853531636391721
3028757,0.25125221811085113
3028758,-0.013325930968610455
3028759,-0.729666060019706
3028760,0.8601809470908541
3028761,2.397221983801288
3028762,7.2071669197745045
3028763,-0.11889366271968127
3028764,20.57893454163222
3028765,30.715368949923878
3028766,0.763711265930948
3028767,0.487112422314027
3028768,13.734452919897116
3028769,7.372274323862943
3028770,0.7531102590457215
3028771,0.36131433531002244
3028772,0.6749493511644744
3028773,1.060899174675336
3028774,0.7697076136654266
3028775,1.80491371653295
3028776,99.7159034262163
3028777,0.8838457788188441
3028778,43.799998889883184
3028779,1.0612536524300231
3028780,106.29178809757462
3028781,44.16005226081048
3028782,25.22379392100605
3028783,14.788848182753911
3028784,9.79973581368409
3028785,390.1459886292757
3028786,2.8109783293734223
3028787,0.26300754561113765
3028788,-0.3241504578590627
3028789,-0.50236462230357
3028790,0.6548221433300501
3028791,0.14535885001804905
3028792,-0.36505138824341654
3028793,0.2613791116286359
3028794,2.232876321672817
3028795,8.823286424787991
3028796,0.28268325417487405
3028797,25.950511260391025
3028798,24.817900676373835
3028799,0.9018372508575396
3028800,-0.0028749437404565047
3028801,14.079495778129598
3028802,9.556653503788104
3028803,0.7242438333260417
3028804,-0.0583369615249046
3028805,1.4321752783189061
3028806,-1.161223691851192
3028807,-3.2097378146775006
3028808,0.41229269390882084
3028809,-1.068402660691063
3028810,0.28681620126968466
3028811,0.8663602232238916
3028812,-3.6853396196625545
3028813,1.2033901651453927
3028814,3.747299688438798
3028815,0.08892050969909171
3028816,-0.5696734306724102
3028817,0.14806846288309317
3028818,-4.398638400427444
3028819,0.9315788989064026
3028820,-1.9078678783007923
3028821,-0.959920668822931
3028822,0.0955791017500019
3028823,0.49811499814018356
3028824,-0.18070570143482434
3028825,-2.7069482959924493
3028826,-2.8604123562263406
3028827,0.770940541540142
3028828,0.17350228297814502
3028829,-1.033096469180207
3028830,2.5705232689008266
3028831,3.488377894311082
3028832,-0.3173129994719125
3028833,-2.1937876526551987
3028834,2.4470605593791266
3028835,1.5688178759136577
3028836,0.4711700195955495
3028837,-0.2714769623447933
3028838,-1.034479420442119
3028839,1.665289862332429
3028840,2.443248468790116
3028841,0.7379480698255065
3028842,318.2653958222928
3028843,0.7653593141119928
3028844,44.81806435509177
3028845,0.7446301771595609
3028846,145.30282674425297
3028847,19.519828552899853
3028848,25.55777084914036
3028849,13.433072780039655
3028850,-0.48899207289248325
3028851,493.82366282219164
3028852,2.640581069864668
3028853,0.901784907181093
3028854,2.0645705702316923
3028855,0.23853859380945547
3028856,0.45591251028653684
3028857,-1.1476262798563834
3028858,0.377738530257659
3028859,0.7770542492452227
3028860,1.356979258538297
3028861,14.618823952789674
3028862,-0.5751148701955822
3028863,29.560056946407958
3028864,27.33650446355295
3028865,1.2996606790873488
3028866,3.1521953119792605
3028867,18.3720852494884
3028868,8.040223871130248
3028869,2.0856032834917575
3028870,0.7786719778658449
3028871,1.9119204839720194
3028872,9.025522743179755
3028873,7.173389688072785
3028874,4.306532128008584
3028875,663.0068329120443
3028876,6.795904933641868
3028877,166.72640010979976
3028878,7.741362058693122
3028879,403.52294807909857
3028880,276.1922800668363
3028881,93.59476358716954
3028882,103.19343125538924
3028883,90.17259656856382
3028884,1370.9819058994894
3028885,13.200875483103518
3028886,2.102410500644837
3028887,4.569926732131644
3028888,-0.8654161822430979
3028889,2.3471666944156095
3028890,1.010871930946414
3028891,1.2196176630354603
3028892,1.6497114262707329
3028893,2.791082962309265
3028894,47.11386429525588
3028895,1.972792485251084
3028896,158.53980270036578
3028897,64.00893378453875
3028898,2.0471968601694246
3028899,3.754612218263719
3028900,91.62683605831108
3028901,76.13100309897047
3028902,4.893755036132134
3028903,1.6364605550147098
3028904,18.367184215463134
3028905,6.516875843038143
3028906,6.373239216961375
3028907,5.072624917005924
3028908,456.8218744243667
3028909,5.636651148962992
3028910,125.44005134135328
3028911,8.912313419223501
3028912,347.04776265043165
3028913,179.6401443838942
3028914,84.91510553638426
3028915,64.3420453327749
3028916,58.71155295088793
3028917,1266.346590385388
3028918,11.477950089336446
3028919,3.1722275356035974
3028920,0.7302403846765082
3028921,0.5517563456560673
3028922,0.28105772100516335
3028923,0.10741544044711186
3028924,1.9918066018936222
3028925,1.5197795341075107
3028926,1.0174748846803778
3028927,27.867426048784438
3028928,1.3408231576763865
3028929,167.55146908285917
3028930,60.93991981230094
3028931,1.0806370245395374
3028932,1.6618674085078964
3028933,90.66848779446126
3028934,49.168381398781854
3028935,3.0427014950023294
3028936,0.542717583816775
3028937,13.756328536308866
3028938,3.5340895470030955
3028939,0.1787490462328425
3028940,6.609043420775888
3028941,332.265733208856
3028942,1.5853710369924374
3028943,88.26439316476538
3028944,2.699213987042458
3028945,332.95635479286705
3028946,130.0475553690546
3028947,105.8613619886339
3028948,32.70684766584749
3028949,46.17706194729479
3028950,1163.5103089414335
3028951,6.851795418281617
3028952,1.9175062732835066
3028953,-0.5636583534032252
3028954,0.20034377097505046
3028955,0.7911503832807284
3028956,1.1806268139236273
3028957,1.802146317424631
3028958,1.92991530385043
3028959,2.622673605925338
3028960,20.41578814790806
3028961,2.5518452250503834
3028962,212.7822695531686
3028963,75.59198170163887
3028964,0.06912461300169526
3028965,1.4715932441777113
3028966,105.78437302702267
3028967,31.237406036918912
3028968,3.4585248415340173
3028969,0.17385255747452905
3028970,8.906543445446005
3028971,8.245788948817498
3028972,7.401728937590233
3028973,7.23647875167244
3028974,432.3673601644959
3028975,3.366980608034355
3028976,127.51021678663531
3028977,5.601001807527646
3028978,335.14865199680486
3028979,166.17128283689834
3028980,94.31128458892013
3028981,53.47356121230743
3028982,46.965142214744624
3028983,1214.020164779614
3028984,7.642212227346537
3028985,0.15066403164295478
3028986,1.5631763326001966
3028987,0.5744935250982599
3028988,1.2359350248591725
3028989,-0.13948354440621186
3028990,0.3213000861721229
3028991,0.897074946960347
3028992,1.3594902188004563
3028993,22.67074830887319
3028994,-0.18780053147867878
3028995,137.86298870933257
3028996,68.3869879793044
3028997,1.9877006785458797
3028998,4.946869906927677
3028999,101.0233320564624
3029000,41.223721961527986
3029001,4.417266096355234
3029002,1.4581364441708864
3029003,11.02105865773672
3029004,4.922664634898393
3029005,1.5013599626770882
3029006,7.7298430566284875
3029007,243.76515856884492
3029008,2.6178554417108533
3029009,90.22821745088997
3029010,0.7841341174540866
3029011,286.10843237786696
3029012,103.0051903745391
3029013,87.12471789107443
3029014,25.38588344508422
3029015,35.54167689669521
3029016,1019.6478094046968
3029017,6.556408716661899
3029018,1.0981661681155674
3029019,-1.2592796294143047
3029020,-1.5490772037782516
3029021,0.2005008177607305
3029022,0.22723547212317502
3029023,-0.6476883999924757
3029024,0.2634679537396003
3029025,2.2547678842307866
3029026,17.630724993510558
3029027,0.9544171593204737
3029028,157.8352811337759
3029029,66.9856704242964
3029030,0.4497116391905729
3029031,2.1360026086775905
3029032,92.0293896519461
3029033,25.333913130410295
3029034,1.958840947480712
3029035,0.15283984410045387
3029036,5.180783804956445
3029037,8.205725017349032
3029038,10.655139112658652
3029039,7.253177609445593
3029040,333.491492723981
3029041,8.980760754310468
3029042,89.71167938096133
3029043,7.464196262436017
3029044,197.3285661679598
3029045,140.4911297577851
3029046,51.44379711067293
3029047,52.613630696257935
3029048,44.058494364377914
3029049,748.2189562531755
3029050,10.00640369180277
3029051,2.6241888015762376
3029052,2.9870202031361264
3029053,1.131943004743116
3029054,2.3433044237859937
3029055,0.7455086200348523
3029056,0.9433570411866821
3029057,1.2802133601505192
3029058,2.1498813871926905
3029059,23.70471935747948
3029060,0.5182732091808065
3029061,86.25631656595334
3029062,32.99208518855201
3029063,2.771210818191976
3029064,6.208492362212055
3029065,44.519002213659114
3029066,39.67415118636018
3029067,4.740813924171598
3029068,3.8877737370340766
3029069,11.820470820916526
3029070,0.027478611676342357
3029071,-1.330690805286431
3029072,1.0334075812669834
3029073,139.08954356611662
3029074,-1.5179241756198463
3029075,61.87351274803139
3029076,-1.012726322973176
3029077,178.88781370647104
3029078,59.46086183935215
3029079,39.20674964980226
3029080,24.263837499122346
3029081,19.758775955256134
3029082,536.5370895729332
3029083,2.0171188555270056
3029084,-0.3698936227866943
3029085,-0.03564257790065312
3029086,-1.5479908985134172
3029087,-0.6638325394958156
3029088,0.6281498086423016
3029089,-2.0563136815498
3029090,0.23075397765562228
3029091,4.924357049788341
3029092,11.407103724041917
3029093,-0.9451896672536169
3029094,56.7391974530715
3029095,37.25218487914281
3029096,0.28582661261585596
3029097,-0.8267808832143057
3029098,29.995460533617226
3029099,18.82365718695881
3029100,0.9141086054305925
3029101,-1.6647973814163561
3029102,1.9434456412166037
3029103,4.548141656421704
3029104,2.6562897635520315
3029105,3.5617761984737264
3029106,234.30260885119728
3029107,0.9493778682170342
3029108,79.95708320814495
3029109,5.438872280920895
3029110,261.89943887055574
3029111,96.0292824928842
3029112,67.30488950850616
3029113,22.755821110495
3029114,30.845002162527166
3029115,995.4515887526204
3029116,7.456320561387965
3029117,1.0408120233929914
3029118,0.8729679948468948
3029119,-0.1713588237411932
3029120,0.3134540365243993
3029121,-0.5511528014215764
3029122,2.0235702486827356
3029123,0.9056356059073731
3029124,2.2826518812389986
3029125,19.952643826896747
3029126,3.3836620104645956
3029127,182.12867236579285
3029128,53.966377558758765
3029129,0.6527594875061186
3029130,2.225602910034195
3029131,47.008809979021756
3029132,23.98730776878503
3029133,3.696535771247509
3029134,0.08177318117406686
3029135,5.335429993030048
3029136,2.9290423105708037
3029137,4.877819150015857
3029138,0.1728674585690897
3029139,470.7528840736834
3029140,1.0110126109898565
3029141,134.96582548084436
3029142,4.347578848047997
3029143,252.48397509893186
3029144,171.340853493192
3029145,53.53427263692007
3029146,58.829335029637875
3029147,56.27829644686244
3029148,879.4427544317383
3029149,3.570000493480329
3029150,-0.3600307564748436
3029151,0.8150207813878662
3029152,1.4812757717670684
3029153,-0.23022546080595907
3029154,-0.43324678834174835
3029155,3.1104292644629825
3029156,0.7374532535016262
3029157,-0.8087889058115252
3029158,27.445807293096806
3029159,0.6519332021574156
3029160,116.3092251313891
3029161,38.60011969605367
3029162,-0.020040549910045113
3029163,2.5548209383706855
3029164,67.29938918499656
3029165,32.13752617305188
3029166,2.486995537408511
3029167,0.17436642968605165
3029168,12.68450402784336
3029169,3.204086396388988
3029170,1.1441799280289284
3029171,3.1471213062452024
3029172,4.534086883302983
3029173,2.0691412042249735
3029174,1.6931542741320609
3029175,0.8625606698031152
3029176,7.661175801768023
3029177,5.68265198021456
3029178,1.4523999691589176
3029179,0.9145655209452104
3029180,-1.4874960192081197
3029181,41.69732271234971
3029182,2.26782138919958
3029183,-0.7450149787789451
3029184,-0.56546100865006
3029185,0.7296781518894148
3029186,1.11634913999942
3029187,-1.1829879899804836
3029188,-0.5586298281097697
3029189,-1.3380496148832266
3029190,0.4509767522450908
3029191,1.8949887922071265
3029192,-1.4906594204223258
3029193,-1.2287917848922554
3029194,-0.7614890496422835
3029195,-0.4965358620498467
3029196,2.196809758308258
3029197,-1.504230269756663
3029198,3.7376956137700836
3029199,3.8914989926195753
3029200,0.44000189235438836
3029201,0.8493562344442522
3029202,0.4493047221538598
3029203,1.4993938221588488
3029204,1.1480966605661833
3029205,8.29049885056865
3029206,0.9739233555762201
3029207,-1.3404015019131896
3029208,0.015221208634811745
3029209,2.5430477864965177
3029210,-1.7906975852508367
3029211,1.763945906674247
3029212,-0.30945515370815535
3029213,-2.9890701175809946
3029214,-5.594657045946805
3029215,1.0901993718750418
3029216,0.4020052161066815
3029217,-0.3876861885349774
3029218,2.0751201455456925
3029219,0.383545057522988
3029220,0.007457467281255958
3029221,1.230282410192085
3029222,-1.0966598843418853
3029223,0.20249450933273125
3029224,0.21818329874576534
3029225,-0.38840663599543407
3029226,-0.24202317950172092
3029227,-0.25621916438462566
3029228,-0.24137094081407326
3029229,0.7976391804156027
3029230,0.20109301432348703
3029231,0.2482770642537434
3029232,1.5777416285834385
3029233,0.16312938020052914
3029234,0.703302574324456
3029235,1.262621237160838
3029236,1.9502149862247278
3029237,0.8941213459430402
3029238,86.7959358897728
3029239,-0.16019188075000773
3029240,32.52057215973813
3029241,1.5328201694498966
3029242,132.50170120449278
3029243,10.86330451132917
3029244,20.071200599013977
3029245,9.04916968416217
3029246,0.13661780105670918
3029247,359.47821537049106
3029248,2.123991812943434
3029249,0.631134768925997
3029250,0.544697233151394
3029251,0.27389450280193384
3029252,0.09765231942584485
3029253,-0.4377295040032072
3029254,0.2625347276850084
3029255,0.022842738315623612
3029256,1.992540841076509
3029257,5.822136893291129
3029258,-0.03948966887298183
3029259,7.342491815503829
3029260,21.751779743582837
3029261,0.3180383844699759
3029262,1.2800634116624974
3029263,7.230522790346106
3029264,7.477997662471309
3029265,0.4302446049101422
3029266,0.41335954467878083
3029267,0.4476331539657553
3029268,1.1873036352613417
3029269,0.006828385079525323
3029270,1.5531176745774065
3029271,225.09947051710478
3029272,0.02360247127260684
3029273,66.26091252996052
3029274,2.077923090441618
3029275,188.55823532903287
3029276,89.79473724286713
3029277,43.31013764400839
3029278,32.226727387511524
3029279,25.213685024309015
3029280,635.4513416969725
3029281,5.838533214683339
3029282,0.9624947481830171
3029283,0.13055019718180128
3029284,-1.693209077172005
3029285,-0.9644354768314587
3029286,-0.7233777355075652
3029287,-0.48676920636634347
3029288,0.028135961202569948
3029289,1.214745998428807
3029290,15.796684373676218
3029291,-0.5341589321611172
3029292,81.87439008749563
3029293,32.41664791324591
3029294,0.6508877195473907
3029295,0.13597606686732433
3029296,58.15985396048687
3029297,21.972915754950883
3029298,1.5884085372739627
3029299,0.11521808362194863
3029300,4.2986000290513315
3029301,0.6976583669787214
3029302,3.775637177992321
3029303,-0.6889596579713908
3029304,309.56951998592353
3029305,2.0983951620351577
3029306,88.16313730530983
3029307,-0.5105201338336338
3029308,188.7943281234811
3029309,133.996452725197
3029310,37.0118940750488
3029311,49.710924865951135
3029312,32.671538259363956
3029313,582.2740105646088
3029314,7.223527836499052
3029315,1.2375909456703085
3029316,1.1733485195216053
3029317,0.9154241054509111
3029318,0.6040818368628607
3029319,0.9147507559938459
3029320,1.887289383697207
3029321,0.32141916360989853
3029322,2.054123613675001
3029323,23.85694656364805
3029324,1.8001802274328293
3029325,104.98848991023809
3029326,32.52286138358402
3029327,0.021772380829715998
3029328,1.6671851258916288
3029329,48.97910539884856
3029330,30.972582620747055
3029331,2.7210424877696644
3029332,-0.0682093146825355
3029333,9.910105422574198
3029334,1.6067684321405251
3029335,5.989850280295941
3029336,1.5182861668659098
3029337,329.35204949772424
3029338,2.1322073424910197
3029339,94.45890119938765
3029340,0.7665083212584433
3029341,213.61228295437598
3029342,148.33333334246302
3029343,45.829003465537866
3029344,53.18214653277191
3029345,29.44586916470049
3029346,692.2214785939323
3029347,7.414134050581851
3029348,1.3512101459661063
3029349,1.7541652688780598
3029350,0.08506357074245896
3029351,0.1517292388676652
3029352,0.46679944972809617
3029353,1.1073548003508769
3029354,0.6097110085740132
3029355,3.5875249028757024
3029356,23.609943572013254
3029357,1.3120152028819938
3029358,103.64010072749191
3029359,38.539221244270664
3029360,0.759993305471653
3029361,1.2474078754131188
3029362,49.2569069215496
3029363,35.1671147158699
3029364,2.02844770416581
3029365,-0.4869307370621391
3029366,9.715311501773176
3029367,7.433172461305512
3029368,5.897363178722735
3029369,7.918996153641383
3029370,230.45938296333128
3029371,5.756480305269651
3029372,96.28955144596785
3029373,7.6382224536158905
3029374,268.6286687766689
3029375,59.216779909140605
3029376,80.20639564887784
3029377,30.466671431794857
3029378,15.41226839049348
3029379,976.1715171762412
3029380,5.690700669892176
3029381,4.46130640402982
3029382,3.208160748887094
3029383,0.9156533438614497
3029384,1.2798109276599643
3029385,4.607481282990738
3029386,1.9916347637164291
3029387,5.383387728996095
3029388,6.246235921259759
3029389,13.727888580052056
3029390,2.876533178329664
3029391,72.78922541942283
3029392,58.267641711281684
3029393,3.4466625328700315
3029394,2.56517740806019
3029395,67.82296919643522
3029396,14.905646439650955
3029397,5.515188859429399
3029398,2.1362599619219687
3029399,5.271322028975773
